CPU Reset (CPU 0)
EAX=00000000 EBX=00000000 ECX=00000000 EDX=00060fb1
ESI=00000000 EDI=00000000 EBP=00000000 ESP=00000000
EIP=0000fff0 EFL=00000002 [-------] CPL=0 II=0 A20=1 SMM=0 HLT=0
ES =0000 00000000 0000ffff 00009300
CS =f000 ffff0000 0000ffff 00009b00
SS =0000 00000000 0000ffff 00009300
DS =0000 00000000 0000ffff 00009300
FS =0000 00000000 0000ffff 00009300
GS =0000 00000000 0000ffff 00009300
LDT=0000 00000000 0000ffff 00008200
TR =0000 00000000 0000ffff 00008b00
GDT=     00000000 0000ffff
IDT=     00000000 0000ffff
CR0=60000010 CR2=00000000 CR3=00000000 CR4=00000000
DR0=0000000000000000 DR1=0000000000000000 DR2=0000000000000000 DR3=0000000000000000 
DR6=00000000ffff0ff0 DR7=0000000000000400
CCS=00000000 CCD=00000000 CCO=EFLAGS
EFER=0000000000000000
FCW=037f FSW=0000 [ST=0] FTW=00 MXCSR=00001f80
FPR0=0000000000000000 0000 FPR1=0000000000000000 0000
FPR2=0000000000000000 0000 FPR3=0000000000000000 0000
FPR4=0000000000000000 0000 FPR5=0000000000000000 0000
FPR6=0000000000000000 0000 FPR7=0000000000000000 0000
XMM00=0000000000000000 0000000000000000 XMM01=0000000000000000 0000000000000000
XMM02=0000000000000000 0000000000000000 XMM03=0000000000000000 0000000000000000
XMM04=0000000000000000 0000000000000000 XMM05=0000000000000000 0000000000000000
XMM06=0000000000000000 0000000000000000 XMM07=0000000000000000 0000000000000000
CPU Reset (CPU 0)
EAX=00000000 EBX=00000000 ECX=00000000 EDX=00060fb1
ESI=00000000 EDI=00000000 EBP=00000000 ESP=00000000
EIP=0000fff0 EFL=00000002 [-------] CPL=0 II=0 A20=1 SMM=0 HLT=0
ES =0000 00000000 0000ffff 00009300
CS =f000 ffff0000 0000ffff 00009b00
SS =0000 00000000 0000ffff 00009300
DS =0000 00000000 0000ffff 00009300
FS =0000 00000000 0000ffff 00009300
GS =0000 00000000 0000ffff 00009300
LDT=0000 00000000 0000ffff 00008200
TR =0000 00000000 0000ffff 00008b00
GDT=     00000000 0000ffff
IDT=     00000000 0000ffff
CR0=60000010 CR2=00000000 CR3=00000000 CR4=00000000
DR0=0000000000000000 DR1=0000000000000000 DR2=0000000000000000 DR3=0000000000000000 
DR6=00000000ffff0ff0 DR7=0000000000000400
CCS=00000000 CCD=00000000 CCO=EFLAGS
EFER=0000000000000000
FCW=037f FSW=0000 [ST=0] FTW=00 MXCSR=00001f80
FPR0=0000000000000000 0000 FPR1=0000000000000000 0000
FPR2=0000000000000000 0000 FPR3=0000000000000000 0000
FPR4=0000000000000000 0000 FPR5=0000000000000000 0000
FPR6=0000000000000000 0000 FPR7=0000000000000000 0000
XMM00=0000000000000000 0000000000000000 XMM01=0000000000000000 0000000000000000
XMM02=0000000000000000 0000000000000000 XMM03=0000000000000000 0000000000000000
XMM04=0000000000000000 0000000000000000 XMM05=0000000000000000 0000000000000000
XMM06=0000000000000000 0000000000000000 XMM07=0000000000000000 0000000000000000
Servicing hardware INT=0x20
     0: v=20 e=0000 i=0 cpl=0 IP=0038:000000001f0a5ada pc=000000001f0a5ada SP=0030:000000001fe8eac8 env->regs[R_EAX]=000000001ec4b718
RAX=000000001ec4b718 RBX=000000001ec4b218 RCX=000000001ec4b718 RDX=000000001ec4b798
RSI=000000001ec4b798 RDI=000000001ec4b718 RBP=000000001fe8ed00 RSP=000000001fe8eac8
R8 =0000000000000010 R9 =000000001ec4b7a7 R10=000000000000000c R11=000000001ec4b798
R12=000000001ec4b158 R13=000000001ec4b618 R14=000000001ec4b3a0 R15=0000000000000000
RIP=000000001f0a5ada RFL=00000202 [-------] CPL=0 II=0 A20=1 SMM=0 HLT=0
ES =0030 0000000000000000 ffffffff 00cf9300 DPL=0 DS   [-WA]
CS =0038 0000000000000000 ffffffff 00af9a00 DPL=0 CS64 [-R-]
SS =0030 0000000000000000 ffffffff 00cf9300 DPL=0 DS   [-WA]
DS =0030 0000000000000000 ffffffff 00cf9300 DPL=0 DS   [-WA]
FS =0030 0000000000000000 ffffffff 00cf9300 DPL=0 DS   [-WA]
GS =0030 0000000000000000 ffffffff 00cf9300 DPL=0 DS   [-WA]
LDT=0000 0000000000000000 0000ffff 00008200 DPL=0 LDT
TR =0048 000000001f5db058 00000067 00008900 DPL=0 TSS64-avl
GDT=     000000001f5db000 00000057
IDT=     000000001f090018 00000fff
CR0=80010033 CR2=0000000000000000 CR3=000000001f801000 CR4=00000660
DR0=0000000000000000 DR1=0000000000000000 DR2=0000000000000000 DR3=0000000000000000 
DR6=00000000ffff0ff0 DR7=0000000000000400
CCS=0000000000000000 CCD=0000000000000080 CCO=EFLAGS
EFER=0000000000000d00
Servicing hardware INT=0x20
     1: v=20 e=0000 i=0 cpl=0 IP=0038:000000001f0acc1e pc=000000001f0acc1e SP=0030:000000001fe8e290 env->regs[R_EAX]=0000000000000010
RAX=0000000000000010 RBX=000000001fe8e3c4 RCX=0000000000000010 RDX=000000001fe8e3c4
RSI=0000000000000008 RDI=0000000000000005 RBP=000000001fe8e310 RSP=000000001fe8e290
R8 =0000000000000021 R9 =000000001ec74807 R10=0000000000000008 R11=0000000000000c06
R12=00000000a7400000 R13=0000000000000005 R14=000fffffc0000000 R15=000000001f8059c8
RIP=000000001f0acc1e RFL=00000293 [--S-A-C] CPL=0 II=0 A20=1 SMM=0 HLT=0
ES =0030 0000000000000000 ffffffff 00cf9300 DPL=0 DS   [-WA]
CS =0038 0000000000000000 ffffffff 00af9a00 DPL=0 CS64 [-R-]
SS =0030 0000000000000000 ffffffff 00cf9300 DPL=0 DS   [-WA]
DS =0030 0000000000000000 ffffffff 00cf9300 DPL=0 DS   [-WA]
FS =0030 0000000000000000 ffffffff 00cf9300 DPL=0 DS   [-WA]
GS =0030 0000000000000000 ffffffff 00cf9300 DPL=0 DS   [-WA]
LDT=0000 0000000000000000 0000ffff 00008200 DPL=0 LDT
TR =0048 000000001f5db058 00000067 00008900 DPL=0 TSS64-avl
GDT=     000000001f5db000 00000057
IDT=     000000001f090018 00000fff
CR0=80000033 CR2=0000000000000000 CR3=000000001f801000 CR4=00000668
DR0=0000000000000000 DR1=0000000000000000 DR2=0000000000000000 DR3=0000000000000000 
DR6=00000000ffff0ff0 DR7=0000000000000400
CCS=0000000000000091 CCD=fffffffffffffff2 CCO=EFLAGS
EFER=0000000000000d00
Servicing hardware INT=0x20
     2: v=20 e=0000 i=0 cpl=0 IP=0038:000000001fe9e3a2 pc=000000001fe9e3a2 SP=0030:000000001fe8e288 env->regs[R_EAX]=000000001fe9e3a2
RAX=000000001fe9e3a2 RBX=000000001f4e7c10 RCX=0000000000000010 RDX=000000001f0b2398
RSI=000000001f4e7aa8 RDI=0000000000000000 RBP=000000001fe8e310 RSP=000000001fe8e288
R8 =0000000000000021 R9 =000000001ec74807 R10=0000000000000008 R11=0000000000000c06
R12=0000000000000168 R13=0000000000000007 R14=000fffffc0000000 R15=000000001f806de0
RIP=000000001fe9e3a2 RFL=00000206 [-----P-] CPL=0 II=0 A20=1 SMM=0 HLT=0
ES =0030 0000000000000000 ffffffff 00cf9300 DPL=0 DS   [-WA]
CS =0038 0000000000000000 ffffffff 00af9a00 DPL=0 CS64 [-R-]
SS =0030 0000000000000000 ffffffff 00cf9300 DPL=0 DS   [-WA]
DS =0030 0000000000000000 ffffffff 00cf9300 DPL=0 DS   [-WA]
FS =0030 0000000000000000 ffffffff 00cf9300 DPL=0 DS   [-WA]
GS =0030 0000000000000000 ffffffff 00cf9300 DPL=0 DS   [-WA]
LDT=0000 0000000000000000 0000ffff 00008200 DPL=0 LDT
TR =0048 000000001f5db058 00000067 00008900 DPL=0 TSS64-avl
GDT=     000000001f5db000 00000057
IDT=     000000001f090018 00000fff
CR0=80000033 CR2=0000000000000000 CR3=000000001f801000 CR4=00000668
DR0=0000000000000000 DR1=0000000000000000 DR2=0000000000000000 DR3=0000000000000000 
DR6=00000000ffff0ff0 DR7=0000000000000400
CCS=0000000000000004 CCD=000000001fe8e290 CCO=EFLAGS
EFER=0000000000000d00
Servicing hardware INT=0x20
     3: v=20 e=0000 i=0 cpl=0 IP=0038:000000001ec66516 pc=000000001ec66516 SP=0030:000000001fe882d0 env->regs[R_EAX]=0000000000000000
RAX=0000000000000000 RBX=0000000000000008 RCX=0000000000000007 RDX=0000000000000007
RSI=000000001fe88c50 RDI=000000001fe883f8 RBP=000000001fe8e410 RSP=000000001fe882d0
R8 =0000000000000000 R9 =000000001fe874cf R10=0000000000000008 R11=000000001ec6db44
R12=000000001fe889e0 R13=0000000000000000 R14=000000e000000800 R15=000000c000000000
RIP=000000001ec66516 RFL=00000246 [---Z-P-] CPL=0 II=0 A20=1 SMM=0 HLT=0
ES =0030 0000000000000000 ffffffff 00cf9300 DPL=0 DS   [-WA]
CS =0038 0000000000000000 ffffffff 00af9a00 DPL=0 CS64 [-R-]
SS =0030 0000000000000000 ffffffff 00cf9300 DPL=0 DS   [-WA]
DS =0030 0000000000000000 ffffffff 00cf9300 DPL=0 DS   [-WA]
FS =0030 0000000000000000 ffffffff 00cf9300 DPL=0 DS   [-WA]
GS =0030 0000000000000000 ffffffff 00cf9300 DPL=0 DS   [-WA]
LDT=0000 0000000000000000 0000ffff 00008200 DPL=0 LDT
TR =0048 000000001f5db058 00000067 00008900 DPL=0 TSS64-avl
GDT=     000000001f5db000 00000057
IDT=     000000001f090018 00000fff
CR0=80010033 CR2=0000000000000000 CR3=000000001f801000 CR4=00000668
DR0=0000000000000000 DR1=0000000000000000 DR2=0000000000000000 DR3=0000000000000000 
DR6=00000000ffff0ff0 DR7=0000000000000400
CCS=0000000000000044 CCD=0000000000000000 CCO=EFLAGS
EFER=0000000000000d00
Servicing hardware INT=0x20
     4: v=20 e=0000 i=0 cpl=0 IP=0038:000000001ec5e266 pc=000000001ec5e266 SP=0030:000000001fe8e1c8 env->regs[R_EAX]=000000001ec6dec0
RAX=000000001ec6dec0 RBX=0000000000000010 RCX=000000001ec6dec0 RDX=000000001f0b2398
RSI=000000001f4e7aa8 RDI=0000000000000001 RBP=000000001fe8e200 RSP=000000001fe8e1c8
R8 =0000000000000021 R9 =000000001ec74807 R10=0000000000000008 R11=000000001ec6db44
R12=0000000000000168 R13=0000000000000007 R14=000fffffc0000000 R15=000000001feb2ac0
RIP=000000001ec5e266 RFL=00000202 [-------] CPL=0 II=0 A20=1 SMM=0 HLT=0
ES =0030 0000000000000000 ffffffff 00cf9300 DPL=0 DS   [-WA]
CS =0038 0000000000000000 ffffffff 00af9a00 DPL=0 CS64 [-R-]
SS =0030 0000000000000000 ffffffff 00cf9300 DPL=0 DS   [-WA]
DS =0030 0000000000000000 ffffffff 00cf9300 DPL=0 DS   [-WA]
FS =0030 0000000000000000 ffffffff 00cf9300 DPL=0 DS   [-WA]
GS =0030 0000000000000000 ffffffff 00cf9300 DPL=0 DS   [-WA]
LDT=0000 0000000000000000 0000ffff 00008200 DPL=0 LDT
TR =0048 000000001f5db058 00000067 00008900 DPL=0 TSS64-avl
GDT=     000000001f5db000 00000057
IDT=     000000001f090018 00000fff
CR0=80000033 CR2=0000000000000000 CR3=000000001f801000 CR4=00000668
DR0=0000000000000000 DR1=0000000000000000 DR2=0000000000000000 DR3=0000000000000000 
DR6=00000000ffff0ff0 DR7=0000000000000400
CCS=0000000000000000 CCD=000000001fe8e1d0 CCO=EFLAGS
EFER=0000000000000d00
Servicing hardware INT=0x20
     5: v=20 e=0000 i=0 cpl=0 IP=0038:000000001fe9e3a2 pc=000000001fe9e3a2 SP=0030:000000001fe8e288 env->regs[R_EAX]=000000001fe9e3a2
RAX=000000001fe9e3a2 RBX=000000001f4e7c08 RCX=0000000000000010 RDX=000000001f0b2398
RSI=000000001f4e7aa8 RDI=0000000000000000 RBP=000000001fe8e310 RSP=000000001fe8e288
R8 =0000000000000021 R9 =000000001ec74807 R10=0000000000000008 R11=000000001ec6db44
R12=0000000000000160 R13=0000000000000005 R14=000fffffc0000000 R15=000000001fb067c0
RIP=000000001fe9e3a2 RFL=00000206 [-----P-] CPL=0 II=0 A20=1 SMM=0 HLT=0
ES =0030 0000000000000000 ffffffff 00cf9300 DPL=0 DS   [-WA]
CS =0038 0000000000000000 ffffffff 00af9a00 DPL=0 CS64 [-R-]
SS =0030 0000000000000000 ffffffff 00cf9300 DPL=0 DS   [-WA]
DS =0030 0000000000000000 ffffffff 00cf9300 DPL=0 DS   [-WA]
FS =0030 0000000000000000 ffffffff 00cf9300 DPL=0 DS   [-WA]
GS =0030 0000000000000000 ffffffff 00cf9300 DPL=0 DS   [-WA]
LDT=0000 0000000000000000 0000ffff 00008200 DPL=0 LDT
TR =0048 000000001f5db058 00000067 00008900 DPL=0 TSS64-avl
GDT=     000000001f5db000 00000057
IDT=     000000001f090018 00000fff
CR0=80000033 CR2=0000000000000000 CR3=000000001f801000 CR4=00000668
DR0=0000000000000000 DR1=0000000000000000 DR2=0000000000000000 DR3=0000000000000000 
DR6=00000000ffff0ff0 DR7=0000000000000400
CCS=0000000000000004 CCD=000000001fe8e290 CCO=EFLAGS
EFER=0000000000000d00
Servicing hardware INT=0x20
     6: v=20 e=0000 i=0 cpl=0 IP=0038:000000001f0acc1e pc=000000001f0acc1e SP=0030:000000001fe8e290 env->regs[R_EAX]=0000000000000010
RAX=0000000000000010 RBX=000000001fe8e3c4 RCX=0000000000000010 RDX=0000000000000000
RSI=0000000000000008 RDI=0000000000000007 RBP=000000001fe8e310 RSP=000000001fe8e290
R8 =0000000000000021 R9 =000000001ec74807 R10=0000000000000008 R11=000000001ec6db44
R12=000000c0ebc00000 R13=0000000000000007 R14=000fffffc0000000 R15=000000001fb07ae8
RIP=000000001f0acc1e RFL=00000293 [--S-A-C] CPL=0 II=0 A20=1 SMM=0 HLT=0
ES =0030 0000000000000000 ffffffff 00cf9300 DPL=0 DS   [-WA]
CS =0038 0000000000000000 ffffffff 00af9a00 DPL=0 CS64 [-R-]
SS =0030 0000000000000000 ffffffff 00cf9300 DPL=0 DS   [-WA]
DS =0030 0000000000000000 ffffffff 00cf9300 DPL=0 DS   [-WA]
FS =0030 0000000000000000 ffffffff 00cf9300 DPL=0 DS   [-WA]
GS =0030 0000000000000000 ffffffff 00cf9300 DPL=0 DS   [-WA]
LDT=0000 0000000000000000 0000ffff 00008200 DPL=0 LDT
TR =0048 000000001f5db058 00000067 00008900 DPL=0 TSS64-avl
GDT=     000000001f5db000 00000057
IDT=     000000001f090018 00000fff
CR0=80000033 CR2=0000000000000000 CR3=000000001f801000 CR4=00000668
DR0=0000000000000000 DR1=0000000000000000 DR2=0000000000000000 DR3=0000000000000000 
DR6=00000000ffff0ff0 DR7=0000000000000400
CCS=0000000000000091 CCD=fffffffffffffff2 CCO=EFLAGS
EFER=0000000000000d00
Servicing hardware INT=0x20
     7: v=20 e=0000 i=0 cpl=0 IP=0038:000000001fe9e3a2 pc=000000001fe9e3a2 SP=0030:000000001fe8e288 env->regs[R_EAX]=000000001fe9e3a2
RAX=000000001fe9e3a2 RBX=000000001f4e7c10 RCX=0000000000000010 RDX=000000001f0b2398
RSI=000000001f4e7aa8 RDI=0000000000000000 RBP=000000001fe8e310 RSP=000000001fe8e288
R8 =0000000000000021 R9 =000000001ec74807 R10=0000000000000008 R11=000000001ec6db44
R12=0000000000000168 R13=0000000000000007 R14=000fffffc0000000 R15=000000001fb08f20
RIP=000000001fe9e3a2 RFL=00000206 [-----P-] CPL=0 II=0 A20=1 SMM=0 HLT=0
ES =0030 0000000000000000 ffffffff 00cf9300 DPL=0 DS   [-WA]
CS =0038 0000000000000000 ffffffff 00af9a00 DPL=0 CS64 [-R-]
SS =0030 0000000000000000 ffffffff 00cf9300 DPL=0 DS   [-WA]
DS =0030 0000000000000000 ffffffff 00cf9300 DPL=0 DS   [-WA]
FS =0030 0000000000000000 ffffffff 00cf9300 DPL=0 DS   [-WA]
GS =0030 0000000000000000 ffffffff 00cf9300 DPL=0 DS   [-WA]
LDT=0000 0000000000000000 0000ffff 00008200 DPL=0 LDT
TR =0048 000000001f5db058 00000067 00008900 DPL=0 TSS64-avl
GDT=     000000001f5db000 00000057
IDT=     000000001f090018 00000fff
CR0=80000033 CR2=0000000000000000 CR3=000000001f801000 CR4=00000668
DR0=0000000000000000 DR1=0000000000000000 DR2=0000000000000000 DR3=0000000000000000 
DR6=00000000ffff0ff0 DR7=0000000000000400
CCS=0000000000000004 CCD=000000001fe8e290 CCO=EFLAGS
EFER=0000000000000d00
Servicing hardware INT=0x20
     8: v=20 e=0000 i=0 cpl=0 IP=0038:000000001f0acc1e pc=000000001f0acc1e SP=0030:000000001fe8e290 env->regs[R_EAX]=0000000000000010
RAX=0000000000000010 RBX=000000001fe8e3c4 RCX=0000000000000010 RDX=000000001fe8e3c4
RSI=0000000000000008 RDI=0000000000000005 RBP=000000001fe8e310 RSP=000000001fe8e290
R8 =0000000000000021 R9 =000000001ec74807 R10=0000000000000008 R11=000000001ec6db44
R12=000000c18e200000 R13=0000000000000005 R14=000fffffc0000000 R15=000000001fb0a380
RIP=000000001f0acc1e RFL=00000293 [--S-A-C] CPL=0 II=0 A20=1 SMM=0 HLT=0
ES =0030 0000000000000000 ffffffff 00cf9300 DPL=0 DS   [-WA]
CS =0038 0000000000000000 ffffffff 00af9a00 DPL=0 CS64 [-R-]
SS =0030 0000000000000000 ffffffff 00cf9300 DPL=0 DS   [-WA]
DS =0030 0000000000000000 ffffffff 00cf9300 DPL=0 DS   [-WA]
FS =0030 0000000000000000 ffffffff 00cf9300 DPL=0 DS   [-WA]
GS =0030 0000000000000000 ffffffff 00cf9300 DPL=0 DS   [-WA]
LDT=0000 0000000000000000 0000ffff 00008200 DPL=0 LDT
TR =0048 000000001f5db058 00000067 00008900 DPL=0 TSS64-avl
GDT=     000000001f5db000 00000057
IDT=     000000001f090018 00000fff
CR0=80000033 CR2=0000000000000000 CR3=000000001f801000 CR4=00000668
DR0=0000000000000000 DR1=0000000000000000 DR2=0000000000000000 DR3=0000000000000000 
DR6=00000000ffff0ff0 DR7=0000000000000400
CCS=0000000000000091 CCD=fffffffffffffff2 CCO=EFLAGS
EFER=0000000000000d00
Servicing hardware INT=0x20
     9: v=20 e=0000 i=0 cpl=0 IP=0038:000000001ec5e25e pc=000000001ec5e25e SP=0030:000000001fe8e1c8 env->regs[R_EAX]=000000001ec6dec0
RAX=000000001ec6dec0 RBX=0000000000000010 RCX=000000001ec6dec0 RDX=000000001f0b2398
RSI=000000001f4e7aa8 RDI=0000000000000001 RBP=000000001fe8e200 RSP=000000001fe8e1c8
R8 =0000000000000021 R9 =000000001ec74807 R10=0000000000000008 R11=000000001ec6db44
R12=0000000000000168 R13=0000000000000007 R14=000fffffc0000000 R15=000000001feb2ac0
RIP=000000001ec5e25e RFL=00000202 [-------] CPL=0 II=0 A20=1 SMM=0 HLT=0
ES =0030 0000000000000000 ffffffff 00cf9300 DPL=0 DS   [-WA]
CS =0038 0000000000000000 ffffffff 00af9a00 DPL=0 CS64 [-R-]
SS =0030 0000000000000000 ffffffff 00cf9300 DPL=0 DS   [-WA]
DS =0030 0000000000000000 ffffffff 00cf9300 DPL=0 DS   [-WA]
FS =0030 0000000000000000 ffffffff 00cf9300 DPL=0 DS   [-WA]
GS =0030 0000000000000000 ffffffff 00cf9300 DPL=0 DS   [-WA]
LDT=0000 0000000000000000 0000ffff 00008200 DPL=0 LDT
TR =0048 000000001f5db058 00000067 00008900 DPL=0 TSS64-avl
GDT=     000000001f5db000 00000057
IDT=     000000001f090018 00000fff
CR0=80000033 CR2=0000000000000000 CR3=000000001f801000 CR4=00000668
DR0=0000000000000000 DR1=0000000000000000 DR2=0000000000000000 DR3=0000000000000000 
DR6=00000000ffff0ff0 DR7=0000000000000400
CCS=0000000000000000 CCD=000000001fe8e1d0 CCO=EFLAGS
EFER=0000000000000d00
Servicing hardware INT=0x20
    10: v=20 e=0000 i=0 cpl=0 IP=0038:000000001ec6065b pc=000000001ec6065b SP=0030:000000001fe8e388 env->regs[R_EAX]=0000000000000002
RAX=0000000000000002 RBX=0000001dd9800000 RCX=0000000000000002 RDX=ffffffffffffffff
RSI=000000c226800083 RDI=0000000000000002 RBP=000000001fe8e410 RSP=000000001fe8e388
R8 =0000000000000021 R9 =000000001ec74807 R10=0000000000000008 R11=000000001ec6db44
R12=0000000000000000 R13=000000c226800000 R14=0000000000000000 R15=000000001fb0c9a0
RIP=000000001ec6065b RFL=00000206 [-----P-] CPL=0 II=0 A20=1 SMM=0 HLT=0
ES =0030 0000000000000000 ffffffff 00cf9300 DPL=0 DS   [-WA]
CS =0038 0000000000000000 ffffffff 00af9a00 DPL=0 CS64 [-R-]
SS =0030 0000000000000000 ffffffff 00cf9300 DPL=0 DS   [-WA]
DS =0030 0000000000000000 ffffffff 00cf9300 DPL=0 DS   [-WA]
FS =0030 0000000000000000 ffffffff 00cf9300 DPL=0 DS   [-WA]
GS =0030 0000000000000000 ffffffff 00cf9300 DPL=0 DS   [-WA]
LDT=0000 0000000000000000 0000ffff 00008200 DPL=0 LDT
TR =0048 000000001f5db058 00000067 00008900 DPL=0 TSS64-avl
GDT=     000000001f5db000 00000057
IDT=     000000001f090018 00000fff
CR0=80000033 CR2=0000000000000000 CR3=000000001f801000 CR4=00000668
DR0=0000000000000000 DR1=0000000000000000 DR2=0000000000000000 DR3=0000000000000000 
DR6=00000000ffff0ff0 DR7=0000000000000400
CCS=0000000000000004 CCD=000000001fb0c9a0 CCO=EFLAGS
EFER=0000000000000d00
Servicing hardware INT=0x20
    11: v=20 e=0000 i=0 cpl=0 IP=0038:000000001ec5e266 pc=000000001ec5e266 SP=0030:000000001fe8e1c8 env->regs[R_EAX]=000000001ec6dec0
RAX=000000001ec6dec0 RBX=0000000000000010 RCX=000000001ec6dec0 RDX=000000001f0b2398
RSI=000000001f4e7aa8 RDI=0000000000000001 RBP=000000001fe8e200 RSP=000000001fe8e1c8
R8 =0000000000000021 R9 =000000001ec74807 R10=0000000000000008 R11=000000001ec6db44
R12=0000000000000168 R13=0000000000000007 R14=000fffffc0000000 R15=000000001feb2ac0
RIP=000000001ec5e266 RFL=00000202 [-------] CPL=0 II=0 A20=1 SMM=0 HLT=0
ES =0030 0000000000000000 ffffffff 00cf9300 DPL=0 DS   [-WA]
CS =0038 0000000000000000 ffffffff 00af9a00 DPL=0 CS64 [-R-]
SS =0030 0000000000000000 ffffffff 00cf9300 DPL=0 DS   [-WA]
DS =0030 0000000000000000 ffffffff 00cf9300 DPL=0 DS   [-WA]
FS =0030 0000000000000000 ffffffff 00cf9300 DPL=0 DS   [-WA]
GS =0030 0000000000000000 ffffffff 00cf9300 DPL=0 DS   [-WA]
LDT=0000 0000000000000000 0000ffff 00008200 DPL=0 LDT
TR =0048 000000001f5db058 00000067 00008900 DPL=0 TSS64-avl
GDT=     000000001f5db000 00000057
IDT=     000000001f090018 00000fff
CR0=80000033 CR2=0000000000000000 CR3=000000001f801000 CR4=00000668
DR0=0000000000000000 DR1=0000000000000000 DR2=0000000000000000 DR3=0000000000000000 
DR6=00000000ffff0ff0 DR7=0000000000000400
CCS=0000000000000000 CCD=000000001fe8e1d0 CCO=EFLAGS
EFER=0000000000000d00
Servicing hardware INT=0x20
    12: v=20 e=0000 i=0 cpl=0 IP=0038:000000001f0acc1e pc=000000001f0acc1e SP=0030:000000001fe8e290 env->regs[R_EAX]=0000000000000010
RAX=0000000000000010 RBX=000000001fe8e3c4 RCX=0000000000000010 RDX=0000000000000000
RSI=0000000000000008 RDI=0000000000000007 RBP=000000001fe8e310 RSP=000000001fe8e290
R8 =0000000000000021 R9 =000000001ec74807 R10=0000000000000008 R11=000000001ec6db44
R12=000000c2c7c00000 R13=0000000000000007 R14=000fffffc0000000 R15=000000001fb0f1e8
RIP=000000001f0acc1e RFL=00000293 [--S-A-C] CPL=0 II=0 A20=1 SMM=0 HLT=0
ES =0030 0000000000000000 ffffffff 00cf9300 DPL=0 DS   [-WA]
CS =0038 0000000000000000 ffffffff 00af9a00 DPL=0 CS64 [-R-]
SS =0030 0000000000000000 ffffffff 00cf9300 DPL=0 DS   [-WA]
DS =0030 0000000000000000 ffffffff 00cf9300 DPL=0 DS   [-WA]
FS =0030 0000000000000000 ffffffff 00cf9300 DPL=0 DS   [-WA]
GS =0030 0000000000000000 ffffffff 00cf9300 DPL=0 DS   [-WA]
LDT=0000 0000000000000000 0000ffff 00008200 DPL=0 LDT
TR =0048 000000001f5db058 00000067 00008900 DPL=0 TSS64-avl
GDT=     000000001f5db000 00000057
IDT=     000000001f090018 00000fff
CR0=80000033 CR2=0000000000000000 CR3=000000001f801000 CR4=00000668
DR0=0000000000000000 DR1=0000000000000000 DR2=0000000000000000 DR3=0000000000000000 
DR6=00000000ffff0ff0 DR7=0000000000000400
CCS=0000000000000091 CCD=fffffffffffffff2 CCO=EFLAGS
EFER=0000000000000d00
Servicing hardware INT=0x20
    13: v=20 e=0000 i=0 cpl=0 IP=0038:000000001ec5e266 pc=000000001ec5e266 SP=0030:000000001fe8e1c8 env->regs[R_EAX]=000000001ec6dec0
RAX=000000001ec6dec0 RBX=0000000000000010 RCX=000000001ec6dec0 RDX=000000001f0b2398
RSI=000000001f4e7aa8 RDI=0000000000000001 RBP=000000001fe8e200 RSP=000000001fe8e1c8
R8 =0000000000000021 R9 =000000001ec74807 R10=0000000000000008 R11=000000001ec6db44
R12=0000000000000160 R13=0000000000000005 R14=000fffffc0000000 R15=000000001feb2ac0
RIP=000000001ec5e266 RFL=00000202 [-------] CPL=0 II=0 A20=1 SMM=0 HLT=0
ES =0030 0000000000000000 ffffffff 00cf9300 DPL=0 DS   [-WA]
CS =0038 0000000000000000 ffffffff 00af9a00 DPL=0 CS64 [-R-]
SS =0030 0000000000000000 ffffffff 00cf9300 DPL=0 DS   [-WA]
DS =0030 0000000000000000 ffffffff 00cf9300 DPL=0 DS   [-WA]
FS =0030 0000000000000000 ffffffff 00cf9300 DPL=0 DS   [-WA]
GS =0030 0000000000000000 ffffffff 00cf9300 DPL=0 DS   [-WA]
LDT=0000 0000000000000000 0000ffff 00008200 DPL=0 LDT
TR =0048 000000001f5db058 00000067 00008900 DPL=0 TSS64-avl
GDT=     000000001f5db000 00000057
IDT=     000000001f090018 00000fff
CR0=80000033 CR2=0000000000000000 CR3=000000001f801000 CR4=00000668
DR0=0000000000000000 DR1=0000000000000000 DR2=0000000000000000 DR3=0000000000000000 
DR6=00000000ffff0ff0 DR7=0000000000000400
CCS=0000000000000000 CCD=000000001fe8e1d0 CCO=EFLAGS
EFER=0000000000000d00
Servicing hardware INT=0x20
    14: v=20 e=0000 i=0 cpl=0 IP=0038:000000001ec607c2 pc=000000001ec607c2 SP=0030:000000001fe8e360 env->regs[R_EAX]=0000000000000000
RAX=0000000000000000 RBX=000000001fe8e3c4 RCX=000000001ec6dec0 RDX=0000000000000000
RSI=000000c369c00000 RDI=000000001fe8e3c8 RBP=000000001fe8e380 RSP=000000001fe8e360
R8 =0000000000000021 R9 =000000001ec74807 R10=0000000000000008 R11=000000001ec6db44
R12=000000c369c00000 R13=000000001fe8e3c8 R14=000fffffc0000000 R15=000000001fb11a68
RIP=000000001ec607c2 RFL=00000246 [---Z-P-] CPL=0 II=0 A20=1 SMM=0 HLT=0
ES =0030 0000000000000000 ffffffff 00cf9300 DPL=0 DS   [-WA]
CS =0038 0000000000000000 ffffffff 00af9a00 DPL=0 CS64 [-R-]
SS =0030 0000000000000000 ffffffff 00cf9300 DPL=0 DS   [-WA]
DS =0030 0000000000000000 ffffffff 00cf9300 DPL=0 DS   [-WA]
FS =0030 0000000000000000 ffffffff 00cf9300 DPL=0 DS   [-WA]
GS =0030 0000000000000000 ffffffff 00cf9300 DPL=0 DS   [-WA]
LDT=0000 0000000000000000 0000ffff 00008200 DPL=0 LDT
TR =0048 000000001f5db058 00000067 00008900 DPL=0 TSS64-avl
GDT=     000000001f5db000 00000057
IDT=     000000001f090018 00000fff
CR0=80000033 CR2=0000000000000000 CR3=000000001f801000 CR4=00000668
DR0=0000000000000000 DR1=0000000000000000 DR2=0000000000000000 DR3=0000000000000000 
DR6=00000000ffff0ff0 DR7=0000000000000400
CCS=0000000000000044 CCD=0000000000010000 CCO=EFLAGS
EFER=0000000000000d00
Servicing hardware INT=0x20
    15: v=20 e=0000 i=0 cpl=0 IP=0038:000000001f0acc1e pc=000000001f0acc1e SP=0030:000000001fe8e290 env->regs[R_EAX]=0000000000000010
RAX=0000000000000010 RBX=000000001fe8e3c4 RCX=0000000000000010 RDX=000000001fe8e3c4
RSI=0000000000000008 RDI=0000000000000005 RBP=000000001fe8e310 RSP=000000001fe8e290
R8 =0000000000000021 R9 =000000001ec74807 R10=0000000000000008 R11=000000001ec6db44
R12=000000c3b9a00000 R13=0000000000000005 R14=000fffffc0000000 R15=000000001fb12e60
RIP=000000001f0acc1e RFL=00000293 [--S-A-C] CPL=0 II=0 A20=1 SMM=0 HLT=0
ES =0030 0000000000000000 ffffffff 00cf9300 DPL=0 DS   [-WA]
CS =0038 0000000000000000 ffffffff 00af9a00 DPL=0 CS64 [-R-]
SS =0030 0000000000000000 ffffffff 00cf9300 DPL=0 DS   [-WA]
DS =0030 0000000000000000 ffffffff 00cf9300 DPL=0 DS   [-WA]
FS =0030 0000000000000000 ffffffff 00cf9300 DPL=0 DS   [-WA]
GS =0030 0000000000000000 ffffffff 00cf9300 DPL=0 DS   [-WA]
LDT=0000 0000000000000000 0000ffff 00008200 DPL=0 LDT
TR =0048 000000001f5db058 00000067 00008900 DPL=0 TSS64-avl
GDT=     000000001f5db000 00000057
IDT=     000000001f090018 00000fff
CR0=80000033 CR2=0000000000000000 CR3=000000001f801000 CR4=00000668
DR0=0000000000000000 DR1=0000000000000000 DR2=0000000000000000 DR3=0000000000000000 
DR6=00000000ffff0ff0 DR7=0000000000000400
CCS=0000000000000091 CCD=fffffffffffffff2 CCO=EFLAGS
EFER=0000000000000d00
Servicing hardware INT=0x20
    16: v=20 e=0000 i=0 cpl=0 IP=0038:000000001fe9e3a2 pc=000000001fe9e3a2 SP=0030:000000001fe8e288 env->regs[R_EAX]=000000001fe9e3a2
RAX=000000001fe9e3a2 RBX=000000001f4e7c08 RCX=0000000000000010 RDX=000000001f0b2398
RSI=000000001f4e7aa8 RDI=0000000000000000 RBP=000000001fe8e310 RSP=000000001fe8e288
R8 =0000000000000021 R9 =000000001ec74807 R10=0000000000000008 R11=000000001ec6db44
R12=0000000000000160 R13=0000000000000005 R14=000fffffc0000000 R15=000000001fb142a8
RIP=000000001fe9e3a2 RFL=00000206 [-----P-] CPL=0 II=0 A20=1 SMM=0 HLT=0
ES =0030 0000000000000000 ffffffff 00cf9300 DPL=0 DS   [-WA]
CS =0038 0000000000000000 ffffffff 00af9a00 DPL=0 CS64 [-R-]
SS =0030 0000000000000000 ffffffff 00cf9300 DPL=0 DS   [-WA]
DS =0030 0000000000000000 ffffffff 00cf9300 DPL=0 DS   [-WA]
FS =0030 0000000000000000 ffffffff 00cf9300 DPL=0 DS   [-WA]
GS =0030 0000000000000000 ffffffff 00cf9300 DPL=0 DS   [-WA]
LDT=0000 0000000000000000 0000ffff 00008200 DPL=0 LDT
TR =0048 000000001f5db058 00000067 00008900 DPL=0 TSS64-avl
GDT=     000000001f5db000 00000057
IDT=     000000001f090018 00000fff
CR0=80000033 CR2=0000000000000000 CR3=000000001f801000 CR4=00000668
DR0=0000000000000000 DR1=0000000000000000 DR2=0000000000000000 DR3=0000000000000000 
DR6=00000000ffff0ff0 DR7=0000000000000400
CCS=0000000000000004 CCD=000000001fe8e290 CCO=EFLAGS
EFER=0000000000000d00
Servicing hardware INT=0x20
    17: v=20 e=0000 i=0 cpl=0 IP=0038:000000001fe99a46 pc=000000001fe99a46 SP=0030:000000001fe8e208 env->regs[R_EAX]=0000000000000000
RAX=0000000000000000 RBX=0000000000000010 RCX=0000000000000010 RDX=000000001f0b2398
RSI=000000001f4e7aa8 RDI=0000000000000001 RBP=000000001fe8e280 RSP=000000001fe8e208
R8 =0000000000000021 R9 =000000001ec74807 R10=0000000000000008 R11=000000001ec6db44
R12=0000000000000168 R13=0000000000000007 R14=000fffffc0000000 R15=000000001feb2ac0
RIP=000000001fe99a46 RFL=00000293 [--S-A-C] CPL=0 II=0 A20=1 SMM=0 HLT=0
ES =0030 0000000000000000 ffffffff 00cf9300 DPL=0 DS   [-WA]
CS =0038 0000000000000000 ffffffff 00af9a00 DPL=0 CS64 [-R-]
SS =0030 0000000000000000 ffffffff 00cf9300 DPL=0 DS   [-WA]
DS =0030 0000000000000000 ffffffff 00cf9300 DPL=0 DS   [-WA]
FS =0030 0000000000000000 ffffffff 00cf9300 DPL=0 DS   [-WA]
GS =0030 0000000000000000 ffffffff 00cf9300 DPL=0 DS   [-WA]
LDT=0000 0000000000000000 0000ffff 00008200 DPL=0 LDT
TR =0048 000000001f5db058 00000067 00008900 DPL=0 TSS64-avl
GDT=     000000001f5db000 00000057
IDT=     000000001f090018 00000fff
CR0=80000033 CR2=0000000000000000 CR3=000000001f801000 CR4=00000668
DR0=0000000000000000 DR1=0000000000000000 DR2=0000000000000000 DR3=0000000000000000 
DR6=00000000ffff0ff0 DR7=0000000000000400
CCS=0000000000000091 CCD=fffffffffffffff2 CCO=EFLAGS
EFER=0000000000000d00
Servicing hardware INT=0x20
    18: v=20 e=0000 i=0 cpl=0 IP=0038:000000001f0acc1e pc=000000001f0acc1e SP=0030:000000001fe8e290 env->regs[R_EAX]=0000000000000010
RAX=0000000000000010 RBX=000000001fe8e3c4 RCX=0000000000000010 RDX=0000000000000000
RSI=0000000000000008 RDI=0000000000000007 RBP=000000001fe8e310 RSP=000000001fe8e290
R8 =0000000000000021 R9 =000000001ec74807 R10=0000000000000008 R11=000000001ec6db44
R12=000000c4ab800000 R13=0000000000000007 R14=000fffffc0000000 R15=000000001fb16ad8
RIP=000000001f0acc1e RFL=00000293 [--S-A-C] CPL=0 II=0 A20=1 SMM=0 HLT=0
ES =0030 0000000000000000 ffffffff 00cf9300 DPL=0 DS   [-WA]
CS =0038 0000000000000000 ffffffff 00af9a00 DPL=0 CS64 [-R-]
SS =0030 0000000000000000 ffffffff 00cf9300 DPL=0 DS   [-WA]
DS =0030 0000000000000000 ffffffff 00cf9300 DPL=0 DS   [-WA]
FS =0030 0000000000000000 ffffffff 00cf9300 DPL=0 DS   [-WA]
GS =0030 0000000000000000 ffffffff 00cf9300 DPL=0 DS   [-WA]
LDT=0000 0000000000000000 0000ffff 00008200 DPL=0 LDT
TR =0048 000000001f5db058 00000067 00008900 DPL=0 TSS64-avl
GDT=     000000001f5db000 00000057
IDT=     000000001f090018 00000fff
CR0=80000033 CR2=0000000000000000 CR3=000000001f801000 CR4=00000668
DR0=0000000000000000 DR1=0000000000000000 DR2=0000000000000000 DR3=0000000000000000 
DR6=00000000ffff0ff0 DR7=0000000000000400
CCS=0000000000000091 CCD=fffffffffffffff2 CCO=EFLAGS
EFER=0000000000000d00
Servicing hardware INT=0x20
    19: v=20 e=0000 i=0 cpl=0 IP=0038:000000001f0acc1e pc=000000001f0acc1e SP=0030:000000001fe8e290 env->regs[R_EAX]=0000000000000010
RAX=0000000000000010 RBX=000000001fe8e3c4 RCX=0000000000000010 RDX=000000001fe8e3c4
RSI=0000000000000008 RDI=0000000000000005 RBP=000000001fe8e310 RSP=000000001fe8e290
R8 =0000000000000021 R9 =000000001ec74807 R10=0000000000000008 R11=000000001ec6db44
R12=000000c4fa000000 R13=0000000000000005 R14=000fffffc0000000 R15=000000001fb17e78
RIP=000000001f0acc1e RFL=00000293 [--S-A-C] CPL=0 II=0 A20=1 SMM=0 HLT=0
ES =0030 0000000000000000 ffffffff 00cf9300 DPL=0 DS   [-WA]
CS =0038 0000000000000000 ffffffff 00af9a00 DPL=0 CS64 [-R-]
SS =0030 0000000000000000 ffffffff 00cf9300 DPL=0 DS   [-WA]
DS =0030 0000000000000000 ffffffff 00cf9300 DPL=0 DS   [-WA]
FS =0030 0000000000000000 ffffffff 00cf9300 DPL=0 DS   [-WA]
GS =0030 0000000000000000 ffffffff 00cf9300 DPL=0 DS   [-WA]
LDT=0000 0000000000000000 0000ffff 00008200 DPL=0 LDT
TR =0048 000000001f5db058 00000067 00008900 DPL=0 TSS64-avl
GDT=     000000001f5db000 00000057
IDT=     000000001f090018 00000fff
CR0=80000033 CR2=0000000000000000 CR3=000000001f801000 CR4=00000668
DR0=0000000000000000 DR1=0000000000000000 DR2=0000000000000000 DR3=0000000000000000 
DR6=00000000ffff0ff0 DR7=0000000000000400
CCS=0000000000000091 CCD=fffffffffffffff2 CCO=EFLAGS
EFER=0000000000000d00
Servicing hardware INT=0x20
    20: v=20 e=0000 i=0 cpl=0 IP=0038:000000001f0acc1e pc=000000001f0acc1e SP=0030:000000001fe8e290 env->regs[R_EAX]=0000000000000010
RAX=0000000000000010 RBX=000000001fe8e3c4 RCX=0000000000000010 RDX=000000001fe8e3c4
RSI=0000000000000008 RDI=0000000000000005 RBP=000000001fe8e310 RSP=000000001fe8e290
R8 =0000000000000021 R9 =000000001ec74807 R10=0000000000000008 R11=000000001ec6db44
R12=000000c54b400000 R13=0000000000000005 R14=000fffffc0000000 R15=000000001fb192c8
RIP=000000001f0acc1e RFL=00000293 [--S-A-C] CPL=0 II=0 A20=1 SMM=0 HLT=0
ES =0030 0000000000000000 ffffffff 00cf9300 DPL=0 DS   [-WA]
CS =0038 0000000000000000 ffffffff 00af9a00 DPL=0 CS64 [-R-]
SS =0030 0000000000000000 ffffffff 00cf9300 DPL=0 DS   [-WA]
DS =0030 0000000000000000 ffffffff 00cf9300 DPL=0 DS   [-WA]
FS =0030 0000000000000000 ffffffff 00cf9300 DPL=0 DS   [-WA]
GS =0030 0000000000000000 ffffffff 00cf9300 DPL=0 DS   [-WA]
LDT=0000 0000000000000000 0000ffff 00008200 DPL=0 LDT
TR =0048 000000001f5db058 00000067 00008900 DPL=0 TSS64-avl
GDT=     000000001f5db000 00000057
IDT=     000000001f090018 00000fff
CR0=80000033 CR2=0000000000000000 CR3=000000001f801000 CR4=00000668
DR0=0000000000000000 DR1=0000000000000000 DR2=0000000000000000 DR3=0000000000000000 
DR6=00000000ffff0ff0 DR7=0000000000000400
CCS=0000000000000091 CCD=fffffffffffffff2 CCO=EFLAGS
EFER=0000000000000d00
Servicing hardware INT=0x20
    21: v=20 e=0000 i=0 cpl=0 IP=0038:000000001f0acc1e pc=000000001f0acc1e SP=0030:000000001fe8e290 env->regs[R_EAX]=0000000000000010
RAX=0000000000000010 RBX=000000001fe8e3c4 RCX=0000000000000010 RDX=0000000000000000
RSI=0000000000000008 RDI=0000000000000007 RBP=000000001fe8e310 RSP=000000001fe8e290
R8 =0000000000000021 R9 =000000001ec74807 R10=0000000000000008 R11=000000001ec6db44
R12=000000c59c400000 R13=0000000000000007 R14=000fffffc0000000 R15=000000001fb1a708
RIP=000000001f0acc1e RFL=00000293 [--S-A-C] CPL=0 II=0 A20=1 SMM=0 HLT=0
ES =0030 0000000000000000 ffffffff 00cf9300 DPL=0 DS   [-WA]
CS =0038 0000000000000000 ffffffff 00af9a00 DPL=0 CS64 [-R-]
SS =0030 0000000000000000 ffffffff 00cf9300 DPL=0 DS   [-WA]
DS =0030 0000000000000000 ffffffff 00cf9300 DPL=0 DS   [-WA]
FS =0030 0000000000000000 ffffffff 00cf9300 DPL=0 DS   [-WA]
GS =0030 0000000000000000 ffffffff 00cf9300 DPL=0 DS   [-WA]
LDT=0000 0000000000000000 0000ffff 00008200 DPL=0 LDT
TR =0048 000000001f5db058 00000067 00008900 DPL=0 TSS64-avl
GDT=     000000001f5db000 00000057
IDT=     000000001f090018 00000fff
CR0=80000033 CR2=0000000000000000 CR3=000000001f801000 CR4=00000668
DR0=0000000000000000 DR1=0000000000000000 DR2=0000000000000000 DR3=0000000000000000 
DR6=00000000ffff0ff0 DR7=0000000000000400
CCS=0000000000000091 CCD=fffffffffffffff2 CCO=EFLAGS
EFER=0000000000000d00
Servicing hardware INT=0x20
    22: v=20 e=0000 i=0 cpl=0 IP=0038:000000001fe9e3a2 pc=000000001fe9e3a2 SP=0030:000000001fe8e288 env->regs[R_EAX]=000000001fe9e3a2
RAX=000000001fe9e3a2 RBX=000000001f4e7c08 RCX=0000000000000010 RDX=000000001f0b2398
RSI=000000001f4e7aa8 RDI=0000000000000000 RBP=000000001fe8e310 RSP=000000001fe8e288
R8 =0000000000000021 R9 =000000001ec74807 R10=0000000000000008 R11=000000001ec6db44
R12=0000000000000160 R13=0000000000000005 R14=000fffffc0000000 R15=000000001fb1bb90
RIP=000000001fe9e3a2 RFL=00000206 [-----P-] CPL=0 II=0 A20=1 SMM=0 HLT=0
ES =0030 0000000000000000 ffffffff 00cf9300 DPL=0 DS   [-WA]
CS =0038 0000000000000000 ffffffff 00af9a00 DPL=0 CS64 [-R-]
SS =0030 0000000000000000 ffffffff 00cf9300 DPL=0 DS   [-WA]
DS =0030 0000000000000000 ffffffff 00cf9300 DPL=0 DS   [-WA]
FS =0030 0000000000000000 ffffffff 00cf9300 DPL=0 DS   [-WA]
GS =0030 0000000000000000 ffffffff 00cf9300 DPL=0 DS   [-WA]
LDT=0000 0000000000000000 0000ffff 00008200 DPL=0 LDT
TR =0048 000000001f5db058 00000067 00008900 DPL=0 TSS64-avl
GDT=     000000001f5db000 00000057
IDT=     000000001f090018 00000fff
CR0=80000033 CR2=0000000000000000 CR3=000000001f801000 CR4=00000668
DR0=0000000000000000 DR1=0000000000000000 DR2=0000000000000000 DR3=0000000000000000 
DR6=00000000ffff0ff0 DR7=0000000000000400
CCS=0000000000000004 CCD=000000001fe8e290 CCO=EFLAGS
EFER=0000000000000d00
Servicing hardware INT=0x20
    23: v=20 e=0000 i=0 cpl=0 IP=0038:000000001fe9e3a2 pc=000000001fe9e3a2 SP=0030:000000001fe8e288 env->regs[R_EAX]=000000001fe9e3a2
RAX=000000001fe9e3a2 RBX=000000001f4e7c10 RCX=0000000000000010 RDX=000000001f0b2398
RSI=000000001f4e7aa8 RDI=0000000000000000 RBP=000000001fe8e310 RSP=000000001fe8e288
R8 =0000000000000021 R9 =000000001ec74807 R10=0000000000000008 R11=000000001ec6db44
R12=0000000000000168 R13=0000000000000007 R14=000fffffc0000000 R15=000000001fb1d000
RIP=000000001fe9e3a2 RFL=00000206 [-----P-] CPL=0 II=0 A20=1 SMM=0 HLT=0
ES =0030 0000000000000000 ffffffff 00cf9300 DPL=0 DS   [-WA]
CS =0038 0000000000000000 ffffffff 00af9a00 DPL=0 CS64 [-R-]
SS =0030 0000000000000000 ffffffff 00cf9300 DPL=0 DS   [-WA]
DS =0030 0000000000000000 ffffffff 00cf9300 DPL=0 DS   [-WA]
FS =0030 0000000000000000 ffffffff 00cf9300 DPL=0 DS   [-WA]
GS =0030 0000000000000000 ffffffff 00cf9300 DPL=0 DS   [-WA]
LDT=0000 0000000000000000 0000ffff 00008200 DPL=0 LDT
TR =0048 000000001f5db058 00000067 00008900 DPL=0 TSS64-avl
GDT=     000000001f5db000 00000057
IDT=     000000001f090018 00000fff
CR0=80000033 CR2=0000000000000000 CR3=000000001f801000 CR4=00000668
DR0=0000000000000000 DR1=0000000000000000 DR2=0000000000000000 DR3=0000000000000000 
DR6=00000000ffff0ff0 DR7=0000000000000400
CCS=0000000000000004 CCD=000000001fe8e290 CCO=EFLAGS
EFER=0000000000000d00
Servicing hardware INT=0x20
    24: v=20 e=0000 i=0 cpl=0 IP=0038:000000001ec5e266 pc=000000001ec5e266 SP=0030:000000001fe8e1c8 env->regs[R_EAX]=000000001ec6dec0
RAX=000000001ec6dec0 RBX=0000000000000010 RCX=000000001ec6dec0 RDX=000000001f0b2398
RSI=000000001f4e7aa8 RDI=0000000000000001 RBP=000000001fe8e200 RSP=000000001fe8e1c8
R8 =0000000000000021 R9 =000000001ec74807 R10=0000000000000008 R11=000000001ec6db44
R12=0000000000000168 R13=0000000000000007 R14=000fffffc0000000 R15=000000001feb2ac0
RIP=000000001ec5e266 RFL=00000202 [-------] CPL=0 II=0 A20=1 SMM=0 HLT=0
ES =0030 0000000000000000 ffffffff 00cf9300 DPL=0 DS   [-WA]
CS =0038 0000000000000000 ffffffff 00af9a00 DPL=0 CS64 [-R-]
SS =0030 0000000000000000 ffffffff 00cf9300 DPL=0 DS   [-WA]
DS =0030 0000000000000000 ffffffff 00cf9300 DPL=0 DS   [-WA]
FS =0030 0000000000000000 ffffffff 00cf9300 DPL=0 DS   [-WA]
GS =0030 0000000000000000 ffffffff 00cf9300 DPL=0 DS   [-WA]
LDT=0000 0000000000000000 0000ffff 00008200 DPL=0 LDT
TR =0048 000000001f5db058 00000067 00008900 DPL=0 TSS64-avl
GDT=     000000001f5db000 00000057
IDT=     000000001f090018 00000fff
CR0=80000033 CR2=0000000000000000 CR3=000000001f801000 CR4=00000668
DR0=0000000000000000 DR1=0000000000000000 DR2=0000000000000000 DR3=0000000000000000 
DR6=00000000ffff0ff0 DR7=0000000000000400
CCS=0000000000000000 CCD=000000001fe8e1d0 CCO=EFLAGS
EFER=0000000000000d00
Servicing hardware INT=0x20
    25: v=20 e=0000 i=0 cpl=0 IP=0038:000000001fe9e3a2 pc=000000001fe9e3a2 SP=0030:000000001fe8e288 env->regs[R_EAX]=000000001fe9e3a2
RAX=000000001fe9e3a2 RBX=000000001f4e7c10 RCX=0000000000000010 RDX=000000001f0b2398
RSI=000000001f4e7aa8 RDI=0000000000000000 RBP=000000001fe8e310 RSP=000000001fe8e288
R8 =0000000000000021 R9 =000000001ec74807 R10=0000000000000008 R11=000000001ec6db44
R12=0000000000000168 R13=0000000000000007 R14=000fffffc0000000 R15=000000001fb1f870
RIP=000000001fe9e3a2 RFL=00000206 [-----P-] CPL=0 II=0 A20=1 SMM=0 HLT=0
ES =0030 0000000000000000 ffffffff 00cf9300 DPL=0 DS   [-WA]
CS =0038 0000000000000000 ffffffff 00af9a00 DPL=0 CS64 [-R-]
SS =0030 0000000000000000 ffffffff 00cf9300 DPL=0 DS   [-WA]
DS =0030 0000000000000000 ffffffff 00cf9300 DPL=0 DS   [-WA]
FS =0030 0000000000000000 ffffffff 00cf9300 DPL=0 DS   [-WA]
GS =0030 0000000000000000 ffffffff 00cf9300 DPL=0 DS   [-WA]
LDT=0000 0000000000000000 0000ffff 00008200 DPL=0 LDT
TR =0048 000000001f5db058 00000067 00008900 DPL=0 TSS64-avl
GDT=     000000001f5db000 00000057
IDT=     000000001f090018 00000fff
CR0=80000033 CR2=0000000000000000 CR3=000000001f801000 CR4=00000668
DR0=0000000000000000 DR1=0000000000000000 DR2=0000000000000000 DR3=0000000000000000 
DR6=00000000ffff0ff0 DR7=0000000000000400
CCS=0000000000000004 CCD=000000001fe8e290 CCO=EFLAGS
EFER=0000000000000d00
Servicing hardware INT=0x20
    26: v=20 e=0000 i=0 cpl=0 IP=0038:000000001ec5e266 pc=000000001ec5e266 SP=0030:000000001fe8e1c8 env->regs[R_EAX]=000000001ec6dec0
RAX=000000001ec6dec0 RBX=0000000000000010 RCX=000000001ec6dec0 RDX=000000001f0b2398
RSI=000000001f4e7aa8 RDI=0000000000000001 RBP=000000001fe8e200 RSP=000000001fe8e1c8
R8 =0000000000000021 R9 =000000001ec74807 R10=0000000000000008 R11=000000001ec6db44
R12=0000000000000160 R13=0000000000000005 R14=000fffffc0000000 R15=000000001feb2ac0
RIP=000000001ec5e266 RFL=00000202 [-------] CPL=0 II=0 A20=1 SMM=0 HLT=0
ES =0030 0000000000000000 ffffffff 00cf9300 DPL=0 DS   [-WA]
CS =0038 0000000000000000 ffffffff 00af9a00 DPL=0 CS64 [-R-]
SS =0030 0000000000000000 ffffffff 00cf9300 DPL=0 DS   [-WA]
DS =0030 0000000000000000 ffffffff 00cf9300 DPL=0 DS   [-WA]
FS =0030 0000000000000000 ffffffff 00cf9300 DPL=0 DS   [-WA]
GS =0030 0000000000000000 ffffffff 00cf9300 DPL=0 DS   [-WA]
LDT=0000 0000000000000000 0000ffff 00008200 DPL=0 LDT
TR =0048 000000001f5db058 00000067 00008900 DPL=0 TSS64-avl
GDT=     000000001f5db000 00000057
IDT=     000000001f090018 00000fff
CR0=80000033 CR2=0000000000000000 CR3=000000001f801000 CR4=00000668
DR0=0000000000000000 DR1=0000000000000000 DR2=0000000000000000 DR3=0000000000000000 
DR6=00000000ffff0ff0 DR7=0000000000000400
CCS=0000000000000000 CCD=000000001fe8e1d0 CCO=EFLAGS
EFER=0000000000000d00
Servicing hardware INT=0x20
    27: v=20 e=0000 i=0 cpl=0 IP=0038:000000001f0acc1e pc=000000001f0acc1e SP=0030:000000001fe8e290 env->regs[R_EAX]=0000000000000010
RAX=0000000000000010 RBX=000000001fe8e3c4 RCX=0000000000000010 RDX=0000000000000000
RSI=0000000000000008 RDI=0000000000000007 RBP=000000001fe8e310 RSP=000000001fe8e290
R8 =0000000000000021 R9 =000000001ec74807 R10=0000000000000008 R11=000000001ec6db44
R12=000000c783200000 R13=0000000000000007 R14=000fffffc0000000 R15=000000001fb220c0
RIP=000000001f0acc1e RFL=00000293 [--S-A-C] CPL=0 II=0 A20=1 SMM=0 HLT=0
ES =0030 0000000000000000 ffffffff 00cf9300 DPL=0 DS   [-WA]
CS =0038 0000000000000000 ffffffff 00af9a00 DPL=0 CS64 [-R-]
SS =0030 0000000000000000 ffffffff 00cf9300 DPL=0 DS   [-WA]
DS =0030 0000000000000000 ffffffff 00cf9300 DPL=0 DS   [-WA]
FS =0030 0000000000000000 ffffffff 00cf9300 DPL=0 DS   [-WA]
GS =0030 0000000000000000 ffffffff 00cf9300 DPL=0 DS   [-WA]
LDT=0000 0000000000000000 0000ffff 00008200 DPL=0 LDT
TR =0048 000000001f5db058 00000067 00008900 DPL=0 TSS64-avl
GDT=     000000001f5db000 00000057
IDT=     000000001f090018 00000fff
CR0=80000033 CR2=0000000000000000 CR3=000000001f801000 CR4=00000668
DR0=0000000000000000 DR1=0000000000000000 DR2=0000000000000000 DR3=0000000000000000 
DR6=00000000ffff0ff0 DR7=0000000000000400
CCS=0000000000000091 CCD=fffffffffffffff2 CCO=EFLAGS
EFER=0000000000000d00
Servicing hardware INT=0x20
    28: v=20 e=0000 i=0 cpl=0 IP=0038:000000001f0acc1e pc=000000001f0acc1e SP=0030:000000001fe8e290 env->regs[R_EAX]=0000000000000010
RAX=0000000000000010 RBX=000000001fe8e3c4 RCX=0000000000000010 RDX=0000000000000000
RSI=0000000000000008 RDI=0000000000000007 RBP=000000001fe8e310 RSP=000000001fe8e290
R8 =0000000000000021 R9 =000000001ec74807 R10=0000000000000008 R11=000000001ec6db44
R12=000000c7a9400000 R13=0000000000000007 R14=000fffffc0000000 R15=000000001fb22a48
RIP=000000001f0acc1e RFL=00000293 [--S-A-C] CPL=0 II=0 A20=1 SMM=0 HLT=0
ES =0030 0000000000000000 ffffffff 00cf9300 DPL=0 DS   [-WA]
CS =0038 0000000000000000 ffffffff 00af9a00 DPL=0 CS64 [-R-]
SS =0030 0000000000000000 ffffffff 00cf9300 DPL=0 DS   [-WA]
DS =0030 0000000000000000 ffffffff 00cf9300 DPL=0 DS   [-WA]
FS =0030 0000000000000000 ffffffff 00cf9300 DPL=0 DS   [-WA]
GS =0030 0000000000000000 ffffffff 00cf9300 DPL=0 DS   [-WA]
LDT=0000 0000000000000000 0000ffff 00008200 DPL=0 LDT
TR =0048 000000001f5db058 00000067 00008900 DPL=0 TSS64-avl
GDT=     000000001f5db000 00000057
IDT=     000000001f090018 00000fff
CR0=80000033 CR2=0000000000000000 CR3=000000001f801000 CR4=00000668
DR0=0000000000000000 DR1=0000000000000000 DR2=0000000000000000 DR3=0000000000000000 
DR6=00000000ffff0ff0 DR7=0000000000000400
CCS=0000000000000091 CCD=fffffffffffffff2 CCO=EFLAGS
EFER=0000000000000d00
Servicing hardware INT=0x20
    29: v=20 e=0000 i=0 cpl=0 IP=0038:000000001f0ac3ce pc=000000001f0ac3ce SP=0030:000000001fe8e260 env->regs[R_EAX]=0000000000000010
RAX=0000000000000010 RBX=000000001fe8e3c4 RCX=0000000000000010 RDX=000000001fe8e3c4
RSI=0000000000000008 RDI=0000000000000005 RBP=000000001fe8e280 RSP=000000001fe8e260
R8 =0000000000000021 R9 =000000001ec74807 R10=0000000000000008 R11=000000001ec6db44
R12=000000c7d7800000 R13=0000000000000005 R14=000fffffc0000000 R15=000000001fb235d8
RIP=000000001f0ac3ce RFL=00000293 [--S-A-C] CPL=0 II=0 A20=1 SMM=0 HLT=0
ES =0030 0000000000000000 ffffffff 00cf9300 DPL=0 DS   [-WA]
CS =0038 0000000000000000 ffffffff 00af9a00 DPL=0 CS64 [-R-]
SS =0030 0000000000000000 ffffffff 00cf9300 DPL=0 DS   [-WA]
DS =0030 0000000000000000 ffffffff 00cf9300 DPL=0 DS   [-WA]
FS =0030 0000000000000000 ffffffff 00cf9300 DPL=0 DS   [-WA]
GS =0030 0000000000000000 ffffffff 00cf9300 DPL=0 DS   [-WA]
LDT=0000 0000000000000000 0000ffff 00008200 DPL=0 LDT
TR =0048 000000001f5db058 00000067 00008900 DPL=0 TSS64-avl
GDT=     000000001f5db000 00000057
IDT=     000000001f090018 00000fff
CR0=80000033 CR2=0000000000000000 CR3=000000001f801000 CR4=00000668
DR0=0000000000000000 DR1=0000000000000000 DR2=0000000000000000 DR3=0000000000000000 
DR6=00000000ffff0ff0 DR7=0000000000000400
CCS=0000000000000091 CCD=fffffffffffffff2 CCO=EFLAGS
EFER=0000000000000d00
Servicing hardware INT=0x20
    30: v=20 e=0000 i=0 cpl=0 IP=0038:000000001f0acc1e pc=000000001f0acc1e SP=0030:000000001fe8e290 env->regs[R_EAX]=0000000000000010
RAX=0000000000000010 RBX=000000001fe8e3c4 RCX=0000000000000010 RDX=0000000000000000
RSI=0000000000000008 RDI=0000000000000007 RBP=000000001fe8e310 RSP=000000001fe8e290
R8 =0000000000000021 R9 =000000001ec74807 R10=0000000000000008 R11=000000001ec6db44
R12=000000c803800000 R13=0000000000000007 R14=000fffffc0000000 R15=000000001fb240d8
RIP=000000001f0acc1e RFL=00000293 [--S-A-C] CPL=0 II=0 A20=1 SMM=0 HLT=0
ES =0030 0000000000000000 ffffffff 00cf9300 DPL=0 DS   [-WA]
CS =0038 0000000000000000 ffffffff 00af9a00 DPL=0 CS64 [-R-]
SS =0030 0000000000000000 ffffffff 00cf9300 DPL=0 DS   [-WA]
DS =0030 0000000000000000 ffffffff 00cf9300 DPL=0 DS   [-WA]
FS =0030 0000000000000000 ffffffff 00cf9300 DPL=0 DS   [-WA]
GS =0030 0000000000000000 ffffffff 00cf9300 DPL=0 DS   [-WA]
LDT=0000 0000000000000000 0000ffff 00008200 DPL=0 LDT
TR =0048 000000001f5db058 00000067 00008900 DPL=0 TSS64-avl
GDT=     000000001f5db000 00000057
IDT=     000000001f090018 00000fff
CR0=80000033 CR2=0000000000000000 CR3=000000001f801000 CR4=00000668
DR0=0000000000000000 DR1=0000000000000000 DR2=0000000000000000 DR3=0000000000000000 
DR6=00000000ffff0ff0 DR7=0000000000000400
CCS=0000000000000091 CCD=fffffffffffffff2 CCO=EFLAGS
EFER=0000000000000d00
Servicing hardware INT=0x20
    31: v=20 e=0000 i=0 cpl=0 IP=0038:000000001f0acc1e pc=000000001f0acc1e SP=0030:000000001fe8e290 env->regs[R_EAX]=0000000000000010
RAX=0000000000000010 RBX=000000001fe8e3c4 RCX=0000000000000010 RDX=0000000000000000
RSI=0000000000000008 RDI=0000000000000007 RBP=000000001fe8e310 RSP=000000001fe8e290
R8 =0000000000000021 R9 =000000001ec74807 R10=0000000000000008 R11=000000001ec6db44
R12=000000c82f000000 R13=0000000000000007 R14=000fffffc0000000 R15=000000001fb24bb8
RIP=000000001f0acc1e RFL=00000293 [--S-A-C] CPL=0 II=0 A20=1 SMM=0 HLT=0
ES =0030 0000000000000000 ffffffff 00cf9300 DPL=0 DS   [-WA]
CS =0038 0000000000000000 ffffffff 00af9a00 DPL=0 CS64 [-R-]
SS =0030 0000000000000000 ffffffff 00cf9300 DPL=0 DS   [-WA]
DS =0030 0000000000000000 ffffffff 00cf9300 DPL=0 DS   [-WA]
FS =0030 0000000000000000 ffffffff 00cf9300 DPL=0 DS   [-WA]
GS =0030 0000000000000000 ffffffff 00cf9300 DPL=0 DS   [-WA]
LDT=0000 0000000000000000 0000ffff 00008200 DPL=0 LDT
TR =0048 000000001f5db058 00000067 00008900 DPL=0 TSS64-avl
GDT=     000000001f5db000 00000057
IDT=     000000001f090018 00000fff
CR0=80000033 CR2=0000000000000000 CR3=000000001f801000 CR4=00000668
DR0=0000000000000000 DR1=0000000000000000 DR2=0000000000000000 DR3=0000000000000000 
DR6=00000000ffff0ff0 DR7=0000000000000400
CCS=0000000000000091 CCD=fffffffffffffff2 CCO=EFLAGS
EFER=0000000000000d00
Servicing hardware INT=0x20
    32: v=20 e=0000 i=0 cpl=0 IP=0038:000000001f0acc1e pc=000000001f0acc1e SP=0030:000000001fe8e290 env->regs[R_EAX]=0000000000000010
RAX=0000000000000010 RBX=000000001fe8e3c4 RCX=0000000000000010 RDX=0000000000000000
RSI=0000000000000008 RDI=0000000000000007 RBP=000000001fe8e310 RSP=000000001fe8e290
R8 =0000000000000021 R9 =000000001ec74807 R10=0000000000000008 R11=000000001ec6db44
R12=000000c85bc00000 R13=0000000000000007 R14=000fffffc0000000 R15=000000001fb256e8
RIP=000000001f0acc1e RFL=00000293 [--S-A-C] CPL=0 II=0 A20=1 SMM=0 HLT=0
ES =0030 0000000000000000 ffffffff 00cf9300 DPL=0 DS   [-WA]
CS =0038 0000000000000000 ffffffff 00af9a00 DPL=0 CS64 [-R-]
SS =0030 0000000000000000 ffffffff 00cf9300 DPL=0 DS   [-WA]
DS =0030 0000000000000000 ffffffff 00cf9300 DPL=0 DS   [-WA]
FS =0030 0000000000000000 ffffffff 00cf9300 DPL=0 DS   [-WA]
GS =0030 0000000000000000 ffffffff 00cf9300 DPL=0 DS   [-WA]
LDT=0000 0000000000000000 0000ffff 00008200 DPL=0 LDT
TR =0048 000000001f5db058 00000067 00008900 DPL=0 TSS64-avl
GDT=     000000001f5db000 00000057
IDT=     000000001f090018 00000fff
CR0=80000033 CR2=0000000000000000 CR3=000000001f801000 CR4=00000668
DR0=0000000000000000 DR1=0000000000000000 DR2=0000000000000000 DR3=0000000000000000 
DR6=00000000ffff0ff0 DR7=0000000000000400
CCS=0000000000000091 CCD=fffffffffffffff2 CCO=EFLAGS
EFER=0000000000000d00
Servicing hardware INT=0x20
    33: v=20 e=0000 i=0 cpl=0 IP=0038:000000001f0acc1e pc=000000001f0acc1e SP=0030:000000001fe8e290 env->regs[R_EAX]=0000000000000010
RAX=0000000000000010 RBX=000000001fe8e3c4 RCX=0000000000000010 RDX=000000001fe8e3c4
RSI=0000000000000008 RDI=0000000000000005 RBP=000000001fe8e310 RSP=000000001fe8e290
R8 =0000000000000021 R9 =000000001ec74807 R10=0000000000000008 R11=000000001ec6db44
R12=000000c885a00000 R13=0000000000000005 R14=000fffffc0000000 R15=000000001fb26160
RIP=000000001f0acc1e RFL=00000293 [--S-A-C] CPL=0 II=0 A20=1 SMM=0 HLT=0
ES =0030 0000000000000000 ffffffff 00cf9300 DPL=0 DS   [-WA]
CS =0038 0000000000000000 ffffffff 00af9a00 DPL=0 CS64 [-R-]
SS =0030 0000000000000000 ffffffff 00cf9300 DPL=0 DS   [-WA]
DS =0030 0000000000000000 ffffffff 00cf9300 DPL=0 DS   [-WA]
FS =0030 0000000000000000 ffffffff 00cf9300 DPL=0 DS   [-WA]
GS =0030 0000000000000000 ffffffff 00cf9300 DPL=0 DS   [-WA]
LDT=0000 0000000000000000 0000ffff 00008200 DPL=0 LDT
TR =0048 000000001f5db058 00000067 00008900 DPL=0 TSS64-avl
GDT=     000000001f5db000 00000057
IDT=     000000001f090018 00000fff
CR0=80000033 CR2=0000000000000000 CR3=000000001f801000 CR4=00000668
DR0=0000000000000000 DR1=0000000000000000 DR2=0000000000000000 DR3=0000000000000000 
DR6=00000000ffff0ff0 DR7=0000000000000400
CCS=0000000000000091 CCD=fffffffffffffff2 CCO=EFLAGS
EFER=0000000000000d00
Servicing hardware INT=0x20
    34: v=20 e=0000 i=0 cpl=0 IP=0038:000000001f0acc1e pc=000000001f0acc1e SP=0030:000000001fe8e290 env->regs[R_EAX]=0000000000000010
RAX=0000000000000010 RBX=000000001fe8e3c4 RCX=0000000000000010 RDX=0000000000000000
RSI=0000000000000008 RDI=0000000000000007 RBP=000000001fe8e310 RSP=000000001fe8e290
R8 =0000000000000021 R9 =000000001ec74807 R10=0000000000000008 R11=000000001ec6db44
R12=000000c8b8000000 R13=0000000000000007 R14=000fffffc0000000 R15=000000001fb26df8
RIP=000000001f0acc1e RFL=00000293 [--S-A-C] CPL=0 II=0 A20=1 SMM=0 HLT=0
ES =0030 0000000000000000 ffffffff 00cf9300 DPL=0 DS   [-WA]
CS =0038 0000000000000000 ffffffff 00af9a00 DPL=0 CS64 [-R-]
SS =0030 0000000000000000 ffffffff 00cf9300 DPL=0 DS   [-WA]
DS =0030 0000000000000000 ffffffff 00cf9300 DPL=0 DS   [-WA]
FS =0030 0000000000000000 ffffffff 00cf9300 DPL=0 DS   [-WA]
GS =0030 0000000000000000 ffffffff 00cf9300 DPL=0 DS   [-WA]
LDT=0000 0000000000000000 0000ffff 00008200 DPL=0 LDT
TR =0048 000000001f5db058 00000067 00008900 DPL=0 TSS64-avl
GDT=     000000001f5db000 00000057
IDT=     000000001f090018 00000fff
CR0=80000033 CR2=0000000000000000 CR3=000000001f801000 CR4=00000668
DR0=0000000000000000 DR1=0000000000000000 DR2=0000000000000000 DR3=0000000000000000 
DR6=00000000ffff0ff0 DR7=0000000000000400
CCS=0000000000000091 CCD=fffffffffffffff2 CCO=EFLAGS
EFER=0000000000000d00
Servicing hardware INT=0x20
    35: v=20 e=0000 i=0 cpl=0 IP=0038:000000001f0acc1e pc=000000001f0acc1e SP=0030:000000001fe8e290 env->regs[R_EAX]=0000000000000010
RAX=0000000000000010 RBX=000000001fe8e3c4 RCX=0000000000000010 RDX=000000001fe8e3c4
RSI=0000000000000008 RDI=0000000000000005 RBP=000000001fe8e310 RSP=000000001fe8e290
R8 =0000000000000021 R9 =000000001ec74807 R10=0000000000000008 R11=000000001ec6db44
R12=000000c8cb000000 R13=0000000000000005 R14=000fffffc0000000 R15=000000001fb272b8
RIP=000000001f0acc1e RFL=00000293 [--S-A-C] CPL=0 II=0 A20=1 SMM=0 HLT=0
ES =0030 0000000000000000 ffffffff 00cf9300 DPL=0 DS   [-WA]
CS =0038 0000000000000000 ffffffff 00af9a00 DPL=0 CS64 [-R-]
SS =0030 0000000000000000 ffffffff 00cf9300 DPL=0 DS   [-WA]
DS =0030 0000000000000000 ffffffff 00cf9300 DPL=0 DS   [-WA]
FS =0030 0000000000000000 ffffffff 00cf9300 DPL=0 DS   [-WA]
GS =0030 0000000000000000 ffffffff 00cf9300 DPL=0 DS   [-WA]
LDT=0000 0000000000000000 0000ffff 00008200 DPL=0 LDT
TR =0048 000000001f5db058 00000067 00008900 DPL=0 TSS64-avl
GDT=     000000001f5db000 00000057
IDT=     000000001f090018 00000fff
CR0=80000033 CR2=0000000000000000 CR3=000000001f801000 CR4=00000668
DR0=0000000000000000 DR1=0000000000000000 DR2=0000000000000000 DR3=0000000000000000 
DR6=00000000ffff0ff0 DR7=0000000000000400
CCS=0000000000000091 CCD=fffffffffffffff2 CCO=EFLAGS
EFER=0000000000000d00
Servicing hardware INT=0x20
    36: v=20 e=0000 i=0 cpl=0 IP=0038:000000001f0acc1e pc=000000001f0acc1e SP=0030:000000001fe8e290 env->regs[R_EAX]=0000000000000010
RAX=0000000000000010 RBX=000000001fe8e3c4 RCX=0000000000000010 RDX=000000001fe8e3c4
RSI=0000000000000008 RDI=0000000000000005 RBP=000000001fe8e310 RSP=000000001fe8e290
R8 =0000000000000021 R9 =000000001ec74807 R10=0000000000000008 R11=000000001ec6db44
R12=000000c8ed800000 R13=0000000000000005 R14=000fffffc0000000 R15=000000001fb27b58
RIP=000000001f0acc1e RFL=00000293 [--S-A-C] CPL=0 II=0 A20=1 SMM=0 HLT=0
ES =0030 0000000000000000 ffffffff 00cf9300 DPL=0 DS   [-WA]
CS =0038 0000000000000000 ffffffff 00af9a00 DPL=0 CS64 [-R-]
SS =0030 0000000000000000 ffffffff 00cf9300 DPL=0 DS   [-WA]
DS =0030 0000000000000000 ffffffff 00cf9300 DPL=0 DS   [-WA]
FS =0030 0000000000000000 ffffffff 00cf9300 DPL=0 DS   [-WA]
GS =0030 0000000000000000 ffffffff 00cf9300 DPL=0 DS   [-WA]
LDT=0000 0000000000000000 0000ffff 00008200 DPL=0 LDT
TR =0048 000000001f5db058 00000067 00008900 DPL=0 TSS64-avl
GDT=     000000001f5db000 00000057
IDT=     000000001f090018 00000fff
CR0=80000033 CR2=0000000000000000 CR3=000000001f801000 CR4=00000668
DR0=0000000000000000 DR1=0000000000000000 DR2=0000000000000000 DR3=0000000000000000 
DR6=00000000ffff0ff0 DR7=0000000000000400
CCS=0000000000000091 CCD=fffffffffffffff2 CCO=EFLAGS
EFER=0000000000000d00
Servicing hardware INT=0x20
    37: v=20 e=0000 i=0 cpl=0 IP=0038:000000001f0acc1e pc=000000001f0acc1e SP=0030:000000001fe8e290 env->regs[R_EAX]=0000000000000010
RAX=0000000000000010 RBX=000000001fe8e3c4 RCX=0000000000000010 RDX=0000000000000000
RSI=0000000000000008 RDI=0000000000000007 RBP=000000001fe8e310 RSP=000000001fe8e290
R8 =0000000000000021 R9 =000000001ec74807 R10=0000000000000008 R11=000000001ec6db44
R12=000000c90ee00000 R13=0000000000000007 R14=000fffffc0000000 R15=000000001fb283b0
RIP=000000001f0acc1e RFL=00000293 [--S-A-C] CPL=0 II=0 A20=1 SMM=0 HLT=0
ES =0030 0000000000000000 ffffffff 00cf9300 DPL=0 DS   [-WA]
CS =0038 0000000000000000 ffffffff 00af9a00 DPL=0 CS64 [-R-]
SS =0030 0000000000000000 ffffffff 00cf9300 DPL=0 DS   [-WA]
DS =0030 0000000000000000 ffffffff 00cf9300 DPL=0 DS   [-WA]
FS =0030 0000000000000000 ffffffff 00cf9300 DPL=0 DS   [-WA]
GS =0030 0000000000000000 ffffffff 00cf9300 DPL=0 DS   [-WA]
LDT=0000 0000000000000000 0000ffff 00008200 DPL=0 LDT
TR =0048 000000001f5db058 00000067 00008900 DPL=0 TSS64-avl
GDT=     000000001f5db000 00000057
IDT=     000000001f090018 00000fff
CR0=80000033 CR2=0000000000000000 CR3=000000001f801000 CR4=00000668
DR0=0000000000000000 DR1=0000000000000000 DR2=0000000000000000 DR3=0000000000000000 
DR6=00000000ffff0ff0 DR7=0000000000000400
CCS=0000000000000091 CCD=fffffffffffffff2 CCO=EFLAGS
EFER=0000000000000d00
Servicing hardware INT=0x20
    38: v=20 e=0000 i=0 cpl=0 IP=0038:000000001ec5e25e pc=000000001ec5e25e SP=0030:000000001fe8e1c8 env->regs[R_EAX]=000000001ec6dec0
RAX=000000001ec6dec0 RBX=0000000000000010 RCX=000000001ec6dec0 RDX=000000001f0b2398
RSI=000000001f4e7aa8 RDI=0000000000000001 RBP=000000001fe8e200 RSP=000000001fe8e1c8
R8 =0000000000000021 R9 =000000001ec74807 R10=0000000000000008 R11=000000001ec6db44
R12=0000000000000168 R13=0000000000000007 R14=000fffffc0000000 R15=000000001feb2ac0
RIP=000000001ec5e25e RFL=00000202 [-------] CPL=0 II=0 A20=1 SMM=0 HLT=0
ES =0030 0000000000000000 ffffffff 00cf9300 DPL=0 DS   [-WA]
CS =0038 0000000000000000 ffffffff 00af9a00 DPL=0 CS64 [-R-]
SS =0030 0000000000000000 ffffffff 00cf9300 DPL=0 DS   [-WA]
DS =0030 0000000000000000 ffffffff 00cf9300 DPL=0 DS   [-WA]
FS =0030 0000000000000000 ffffffff 00cf9300 DPL=0 DS   [-WA]
GS =0030 0000000000000000 ffffffff 00cf9300 DPL=0 DS   [-WA]
LDT=0000 0000000000000000 0000ffff 00008200 DPL=0 LDT
TR =0048 000000001f5db058 00000067 00008900 DPL=0 TSS64-avl
GDT=     000000001f5db000 00000057
IDT=     000000001f090018 00000fff
CR0=80000033 CR2=0000000000000000 CR3=000000001f801000 CR4=00000668
DR0=0000000000000000 DR1=0000000000000000 DR2=0000000000000000 DR3=0000000000000000 
DR6=00000000ffff0ff0 DR7=0000000000000400
CCS=0000000000000000 CCD=000000001fe8e1d0 CCO=EFLAGS
EFER=0000000000000d00
Servicing hardware INT=0x20
    39: v=20 e=0000 i=0 cpl=0 IP=0038:000000001fe9e3a2 pc=000000001fe9e3a2 SP=0030:000000001fe8e288 env->regs[R_EAX]=000000001fe9e3a2
RAX=000000001fe9e3a2 RBX=000000001f4e7c08 RCX=0000000000000010 RDX=000000001f0b2398
RSI=000000001f4e7aa8 RDI=0000000000000000 RBP=000000001fe8e310 RSP=000000001fe8e288
R8 =0000000000000021 R9 =000000001ec74807 R10=0000000000000008 R11=000000001ec6db44
R12=0000000000000160 R13=0000000000000005 R14=000fffffc0000000 R15=000000001fb29798
RIP=000000001fe9e3a2 RFL=00000206 [-----P-] CPL=0 II=0 A20=1 SMM=0 HLT=0
ES =0030 0000000000000000 ffffffff 00cf9300 DPL=0 DS   [-WA]
CS =0038 0000000000000000 ffffffff 00af9a00 DPL=0 CS64 [-R-]
SS =0030 0000000000000000 ffffffff 00cf9300 DPL=0 DS   [-WA]
DS =0030 0000000000000000 ffffffff 00cf9300 DPL=0 DS   [-WA]
FS =0030 0000000000000000 ffffffff 00cf9300 DPL=0 DS   [-WA]
GS =0030 0000000000000000 ffffffff 00cf9300 DPL=0 DS   [-WA]
LDT=0000 0000000000000000 0000ffff 00008200 DPL=0 LDT
TR =0048 000000001f5db058 00000067 00008900 DPL=0 TSS64-avl
GDT=     000000001f5db000 00000057
IDT=     000000001f090018 00000fff
CR0=80000033 CR2=0000000000000000 CR3=000000001f801000 CR4=00000668
DR0=0000000000000000 DR1=0000000000000000 DR2=0000000000000000 DR3=0000000000000000 
DR6=00000000ffff0ff0 DR7=0000000000000400
CCS=0000000000000004 CCD=000000001fe8e290 CCO=EFLAGS
EFER=0000000000000d00
Servicing hardware INT=0x20
    40: v=20 e=0000 i=0 cpl=0 IP=0038:000000001fe9e3a2 pc=000000001fe9e3a2 SP=0030:000000001fe8e288 env->regs[R_EAX]=000000001fe9e3a2
RAX=000000001fe9e3a2 RBX=000000001f4e7c10 RCX=0000000000000010 RDX=000000001f0b2398
RSI=000000001f4e7aa8 RDI=0000000000000000 RBP=000000001fe8e310 RSP=000000001fe8e288
R8 =0000000000000021 R9 =000000001ec74807 R10=0000000000000008 R11=000000001ec6db44
R12=0000000000000168 R13=0000000000000007 R14=000fffffc0000000 R15=000000001fb2a2a0
RIP=000000001fe9e3a2 RFL=00000206 [-----P-] CPL=0 II=0 A20=1 SMM=0 HLT=0
ES =0030 0000000000000000 ffffffff 00cf9300 DPL=0 DS   [-WA]
CS =0038 0000000000000000 ffffffff 00af9a00 DPL=0 CS64 [-R-]
SS =0030 0000000000000000 ffffffff 00cf9300 DPL=0 DS   [-WA]
DS =0030 0000000000000000 ffffffff 00cf9300 DPL=0 DS   [-WA]
FS =0030 0000000000000000 ffffffff 00cf9300 DPL=0 DS   [-WA]
GS =0030 0000000000000000 ffffffff 00cf9300 DPL=0 DS   [-WA]
LDT=0000 0000000000000000 0000ffff 00008200 DPL=0 LDT
TR =0048 000000001f5db058 00000067 00008900 DPL=0 TSS64-avl
GDT=     000000001f5db000 00000057
IDT=     000000001f090018 00000fff
CR0=80000033 CR2=0000000000000000 CR3=000000001f801000 CR4=00000668
DR0=0000000000000000 DR1=0000000000000000 DR2=0000000000000000 DR3=0000000000000000 
DR6=00000000ffff0ff0 DR7=0000000000000400
CCS=0000000000000004 CCD=000000001fe8e290 CCO=EFLAGS
EFER=0000000000000d00
Servicing hardware INT=0x20
    41: v=20 e=0000 i=0 cpl=0 IP=0038:000000001ec5e266 pc=000000001ec5e266 SP=0030:000000001fe8e1c8 env->regs[R_EAX]=000000001ec6dec0
RAX=000000001ec6dec0 RBX=0000000000000010 RCX=000000001ec6dec0 RDX=000000001f0b2398
RSI=000000001f4e7aa8 RDI=0000000000000001 RBP=000000001fe8e200 RSP=000000001fe8e1c8
R8 =0000000000000021 R9 =000000001ec74807 R10=0000000000000008 R11=000000001ec6db44
R12=0000000000000160 R13=0000000000000005 R14=000fffffc0000000 R15=000000001feb2ac0
RIP=000000001ec5e266 RFL=00000202 [-------] CPL=0 II=0 A20=1 SMM=0 HLT=0
ES =0030 0000000000000000 ffffffff 00cf9300 DPL=0 DS   [-WA]
CS =0038 0000000000000000 ffffffff 00af9a00 DPL=0 CS64 [-R-]
SS =0030 0000000000000000 ffffffff 00cf9300 DPL=0 DS   [-WA]
DS =0030 0000000000000000 ffffffff 00cf9300 DPL=0 DS   [-WA]
FS =0030 0000000000000000 ffffffff 00cf9300 DPL=0 DS   [-WA]
GS =0030 0000000000000000 ffffffff 00cf9300 DPL=0 DS   [-WA]
LDT=0000 0000000000000000 0000ffff 00008200 DPL=0 LDT
TR =0048 000000001f5db058 00000067 00008900 DPL=0 TSS64-avl
GDT=     000000001f5db000 00000057
IDT=     000000001f090018 00000fff
CR0=80000033 CR2=0000000000000000 CR3=000000001f801000 CR4=00000668
DR0=0000000000000000 DR1=0000000000000000 DR2=0000000000000000 DR3=0000000000000000 
DR6=00000000ffff0ff0 DR7=0000000000000400
CCS=0000000000000000 CCD=000000001fe8e1d0 CCO=EFLAGS
EFER=0000000000000d00
Servicing hardware INT=0x20
    42: v=20 e=0000 i=0 cpl=0 IP=0038:000000001f0acc1e pc=000000001f0acc1e SP=0030:000000001fe8e290 env->regs[R_EAX]=0000000000000010
RAX=0000000000000010 RBX=000000001fe8e3c4 RCX=0000000000000010 RDX=000000001fe8e3c4
RSI=0000000000000008 RDI=0000000000000005 RBP=000000001fe8e310 RSP=000000001fe8e290
R8 =0000000000000021 R9 =000000001ec74807 R10=0000000000000008 R11=000000001ec6db44
R12=000000c9f0a00000 R13=0000000000000005 R14=000fffffc0000000 R15=000000001fb2bc20
RIP=000000001f0acc1e RFL=00000293 [--S-A-C] CPL=0 II=0 A20=1 SMM=0 HLT=0
ES =0030 0000000000000000 ffffffff 00cf9300 DPL=0 DS   [-WA]
CS =0038 0000000000000000 ffffffff 00af9a00 DPL=0 CS64 [-R-]
SS =0030 0000000000000000 ffffffff 00cf9300 DPL=0 DS   [-WA]
DS =0030 0000000000000000 ffffffff 00cf9300 DPL=0 DS   [-WA]
FS =0030 0000000000000000 ffffffff 00cf9300 DPL=0 DS   [-WA]
GS =0030 0000000000000000 ffffffff 00cf9300 DPL=0 DS   [-WA]
LDT=0000 0000000000000000 0000ffff 00008200 DPL=0 LDT
TR =0048 000000001f5db058 00000067 00008900 DPL=0 TSS64-avl
GDT=     000000001f5db000 00000057
IDT=     000000001f090018 00000fff
CR0=80000033 CR2=0000000000000000 CR3=000000001f801000 CR4=00000668
DR0=0000000000000000 DR1=0000000000000000 DR2=0000000000000000 DR3=0000000000000000 
DR6=00000000ffff0ff0 DR7=0000000000000400
CCS=0000000000000091 CCD=fffffffffffffff2 CCO=EFLAGS
EFER=0000000000000d00
Servicing hardware INT=0x20
    43: v=20 e=0000 i=0 cpl=0 IP=0038:000000001f0acc1e pc=000000001f0acc1e SP=0030:000000001fe8e290 env->regs[R_EAX]=0000000000000010
RAX=0000000000000010 RBX=000000001fe8e3c4 RCX=0000000000000010 RDX=0000000000000000
RSI=0000000000000008 RDI=0000000000000007 RBP=000000001fe8e310 RSP=000000001fe8e290
R8 =0000000000000021 R9 =000000001ec74807 R10=0000000000000008 R11=000000001ec6db44
R12=000000ca37000000 R13=0000000000000007 R14=000fffffc0000000 R15=000000001fb2cdb8
RIP=000000001f0acc1e RFL=00000293 [--S-A-C] CPL=0 II=0 A20=1 SMM=0 HLT=0
ES =0030 0000000000000000 ffffffff 00cf9300 DPL=0 DS   [-WA]
CS =0038 0000000000000000 ffffffff 00af9a00 DPL=0 CS64 [-R-]
SS =0030 0000000000000000 ffffffff 00cf9300 DPL=0 DS   [-WA]
DS =0030 0000000000000000 ffffffff 00cf9300 DPL=0 DS   [-WA]
FS =0030 0000000000000000 ffffffff 00cf9300 DPL=0 DS   [-WA]
GS =0030 0000000000000000 ffffffff 00cf9300 DPL=0 DS   [-WA]
LDT=0000 0000000000000000 0000ffff 00008200 DPL=0 LDT
TR =0048 000000001f5db058 00000067 00008900 DPL=0 TSS64-avl
GDT=     000000001f5db000 00000057
IDT=     000000001f090018 00000fff
CR0=80000033 CR2=0000000000000000 CR3=000000001f801000 CR4=00000668
DR0=0000000000000000 DR1=0000000000000000 DR2=0000000000000000 DR3=0000000000000000 
DR6=00000000ffff0ff0 DR7=0000000000000400
CCS=0000000000000091 CCD=fffffffffffffff2 CCO=EFLAGS
EFER=0000000000000d00
Servicing hardware INT=0x20
    44: v=20 e=0000 i=0 cpl=0 IP=0038:000000001fe9e3a2 pc=000000001fe9e3a2 SP=0030:000000001fe8e288 env->regs[R_EAX]=000000001fe9e3a2
RAX=000000001fe9e3a2 RBX=000000001f4e7c08 RCX=0000000000000010 RDX=000000001f0b2398
RSI=000000001f4e7aa8 RDI=0000000000000000 RBP=000000001fe8e310 RSP=000000001fe8e288
R8 =0000000000000021 R9 =000000001ec74807 R10=0000000000000008 R11=000000001ec6db44
R12=0000000000000160 R13=0000000000000005 R14=000fffffc0000000 R15=000000001fb2db50
RIP=000000001fe9e3a2 RFL=00000206 [-----P-] CPL=0 II=0 A20=1 SMM=0 HLT=0
ES =0030 0000000000000000 ffffffff 00cf9300 DPL=0 DS   [-WA]
CS =0038 0000000000000000 ffffffff 00af9a00 DPL=0 CS64 [-R-]
SS =0030 0000000000000000 ffffffff 00cf9300 DPL=0 DS   [-WA]
DS =0030 0000000000000000 ffffffff 00cf9300 DPL=0 DS   [-WA]
FS =0030 0000000000000000 ffffffff 00cf9300 DPL=0 DS   [-WA]
GS =0030 0000000000000000 ffffffff 00cf9300 DPL=0 DS   [-WA]
LDT=0000 0000000000000000 0000ffff 00008200 DPL=0 LDT
TR =0048 000000001f5db058 00000067 00008900 DPL=0 TSS64-avl
GDT=     000000001f5db000 00000057
IDT=     000000001f090018 00000fff
CR0=80000033 CR2=0000000000000000 CR3=000000001f801000 CR4=00000668
DR0=0000000000000000 DR1=0000000000000000 DR2=0000000000000000 DR3=0000000000000000 
DR6=00000000ffff0ff0 DR7=0000000000000400
CCS=0000000000000004 CCD=000000001fe8e290 CCO=EFLAGS
EFER=0000000000000d00
Servicing hardware INT=0x20
    45: v=20 e=0000 i=0 cpl=0 IP=0038:000000001f0acc1e pc=000000001f0acc1e SP=0030:000000001fe8e290 env->regs[R_EAX]=0000000000000010
RAX=0000000000000010 RBX=000000001fe8e3c4 RCX=0000000000000010 RDX=000000001fe8e3c4
RSI=0000000000000008 RDI=0000000000000005 RBP=000000001fe8e310 RSP=000000001fe8e290
R8 =0000000000000021 R9 =000000001ec74807 R10=0000000000000008 R11=000000001ec6db44
R12=000000ca8ee00000 R13=0000000000000005 R14=000fffffc0000000 R15=000000001fb2e3b0
RIP=000000001f0acc1e RFL=00000293 [--S-A-C] CPL=0 II=0 A20=1 SMM=0 HLT=0
ES =0030 0000000000000000 ffffffff 00cf9300 DPL=0 DS   [-WA]
CS =0038 0000000000000000 ffffffff 00af9a00 DPL=0 CS64 [-R-]
SS =0030 0000000000000000 ffffffff 00cf9300 DPL=0 DS   [-WA]
DS =0030 0000000000000000 ffffffff 00cf9300 DPL=0 DS   [-WA]
FS =0030 0000000000000000 ffffffff 00cf9300 DPL=0 DS   [-WA]
GS =0030 0000000000000000 ffffffff 00cf9300 DPL=0 DS   [-WA]
LDT=0000 0000000000000000 0000ffff 00008200 DPL=0 LDT
TR =0048 000000001f5db058 00000067 00008900 DPL=0 TSS64-avl
GDT=     000000001f5db000 00000057
IDT=     000000001f090018 00000fff
CR0=80000033 CR2=0000000000000000 CR3=000000001f801000 CR4=00000668
DR0=0000000000000000 DR1=0000000000000000 DR2=0000000000000000 DR3=0000000000000000 
DR6=00000000ffff0ff0 DR7=0000000000000400
CCS=0000000000000091 CCD=fffffffffffffff2 CCO=EFLAGS
EFER=0000000000000d00
Servicing hardware INT=0x20
    46: v=20 e=0000 i=0 cpl=0 IP=0038:000000001fe9e3a2 pc=000000001fe9e3a2 SP=0030:000000001fe8e288 env->regs[R_EAX]=000000001fe9e3a2
RAX=000000001fe9e3a2 RBX=000000001f4e7c08 RCX=0000000000000010 RDX=000000001f0b2398
RSI=000000001f4e7aa8 RDI=0000000000000000 RBP=000000001fe8e310 RSP=000000001fe8e288
R8 =0000000000000021 R9 =000000001ec74807 R10=0000000000000008 R11=000000001ec6db44
R12=0000000000000160 R13=0000000000000005 R14=000fffffc0000000 R15=000000001fb2ec28
RIP=000000001fe9e3a2 RFL=00000206 [-----P-] CPL=0 II=0 A20=1 SMM=0 HLT=0
ES =0030 0000000000000000 ffffffff 00cf9300 DPL=0 DS   [-WA]
CS =0038 0000000000000000 ffffffff 00af9a00 DPL=0 CS64 [-R-]
SS =0030 0000000000000000 ffffffff 00cf9300 DPL=0 DS   [-WA]
DS =0030 0000000000000000 ffffffff 00cf9300 DPL=0 DS   [-WA]
FS =0030 0000000000000000 ffffffff 00cf9300 DPL=0 DS   [-WA]
GS =0030 0000000000000000 ffffffff 00cf9300 DPL=0 DS   [-WA]
LDT=0000 0000000000000000 0000ffff 00008200 DPL=0 LDT
TR =0048 000000001f5db058 00000067 00008900 DPL=0 TSS64-avl
GDT=     000000001f5db000 00000057
IDT=     000000001f090018 00000fff
CR0=80000033 CR2=0000000000000000 CR3=000000001f801000 CR4=00000668
DR0=0000000000000000 DR1=0000000000000000 DR2=0000000000000000 DR3=0000000000000000 
DR6=00000000ffff0ff0 DR7=0000000000000400
CCS=0000000000000004 CCD=000000001fe8e290 CCO=EFLAGS
EFER=0000000000000d00
Servicing hardware INT=0x20
    47: v=20 e=0000 i=0 cpl=0 IP=0038:000000001f0acc1e pc=000000001f0acc1e SP=0030:000000001fe8e290 env->regs[R_EAX]=0000000000000010
RAX=0000000000000010 RBX=000000001fe8e3c4 RCX=0000000000000010 RDX=0000000000000000
RSI=0000000000000008 RDI=0000000000000007 RBP=000000001fe8e310 RSP=000000001fe8e290
R8 =0000000000000021 R9 =000000001ec74807 R10=0000000000000008 R11=000000001ec6db44
R12=000000cad3c00000 R13=0000000000000007 R14=000fffffc0000000 R15=000000001fb2f4e8
RIP=000000001f0acc1e RFL=00000293 [--S-A-C] CPL=0 II=0 A20=1 SMM=0 HLT=0
ES =0030 0000000000000000 ffffffff 00cf9300 DPL=0 DS   [-WA]
CS =0038 0000000000000000 ffffffff 00af9a00 DPL=0 CS64 [-R-]
SS =0030 0000000000000000 ffffffff 00cf9300 DPL=0 DS   [-WA]
DS =0030 0000000000000000 ffffffff 00cf9300 DPL=0 DS   [-WA]
FS =0030 0000000000000000 ffffffff 00cf9300 DPL=0 DS   [-WA]
GS =0030 0000000000000000 ffffffff 00cf9300 DPL=0 DS   [-WA]
LDT=0000 0000000000000000 0000ffff 00008200 DPL=0 LDT
TR =0048 000000001f5db058 00000067 00008900 DPL=0 TSS64-avl
GDT=     000000001f5db000 00000057
IDT=     000000001f090018 00000fff
CR0=80000033 CR2=0000000000000000 CR3=000000001f801000 CR4=00000668
DR0=0000000000000000 DR1=0000000000000000 DR2=0000000000000000 DR3=0000000000000000 
DR6=00000000ffff0ff0 DR7=0000000000000400
CCS=0000000000000091 CCD=fffffffffffffff2 CCO=EFLAGS
EFER=0000000000000d00
Servicing hardware INT=0x20
    48: v=20 e=0000 i=0 cpl=0 IP=0038:000000001ec60795 pc=000000001ec60795 SP=0030:000000001fe8e340 env->regs[R_EAX]=0000000000000000
RAX=0000000000000000 RBX=000000001fe8e3c4 RCX=000000001ec6dec0 RDX=000000001f0b2398
RSI=000000caf9800000 RDI=000000001fe8e3c8 RBP=000000001fe8e380 RSP=000000001fe8e340
R8 =0000000000000021 R9 =000000001ec74807 R10=0000000000000008 R11=000000001ec6db44
R12=000000caf9800000 R13=000000001fe8e3c8 R14=000fffffc0000000 R15=000000001fb2fe58
RIP=000000001ec60795 RFL=00000206 [-----P-] CPL=0 II=0 A20=1 SMM=0 HLT=0
ES =0030 0000000000000000 ffffffff 00cf9300 DPL=0 DS   [-WA]
CS =0038 0000000000000000 ffffffff 00af9a00 DPL=0 CS64 [-R-]
SS =0030 0000000000000000 ffffffff 00cf9300 DPL=0 DS   [-WA]
DS =0030 0000000000000000 ffffffff 00cf9300 DPL=0 DS   [-WA]
FS =0030 0000000000000000 ffffffff 00cf9300 DPL=0 DS   [-WA]
GS =0030 0000000000000000 ffffffff 00cf9300 DPL=0 DS   [-WA]
LDT=0000 0000000000000000 0000ffff 00008200 DPL=0 LDT
TR =0048 000000001f5db058 00000067 00008900 DPL=0 TSS64-avl
GDT=     000000001f5db000 00000057
IDT=     000000001f090018 00000fff
CR0=80000033 CR2=0000000000000000 CR3=000000001f801000 CR4=00000668
DR0=0000000000000000 DR1=0000000000000000 DR2=0000000000000000 DR3=0000000000000000 
DR6=00000000ffff0ff0 DR7=0000000000000400
CCS=0000000000000004 CCD=000000001fe8e248 CCO=EFLAGS
EFER=0000000000000d00
Servicing hardware INT=0x20
    49: v=20 e=0000 i=0 cpl=0 IP=0038:000000001f0acc1e pc=000000001f0acc1e SP=0030:000000001fe8e290 env->regs[R_EAX]=0000000000000010
RAX=0000000000000010 RBX=000000001fe8e3c4 RCX=0000000000000010 RDX=0000000000000000
RSI=0000000000000008 RDI=0000000000000007 RBP=000000001fe8e310 RSP=000000001fe8e290
R8 =0000000000000021 R9 =000000001ec74807 R10=0000000000000008 R11=000000001ec6db44
R12=000000cb46200000 R13=0000000000000007 R14=000fffffc0000000 R15=000000001fb31180
RIP=000000001f0acc1e RFL=00000293 [--S-A-C] CPL=0 II=0 A20=1 SMM=0 HLT=0
ES =0030 0000000000000000 ffffffff 00cf9300 DPL=0 DS   [-WA]
CS =0038 0000000000000000 ffffffff 00af9a00 DPL=0 CS64 [-R-]
SS =0030 0000000000000000 ffffffff 00cf9300 DPL=0 DS   [-WA]
DS =0030 0000000000000000 ffffffff 00cf9300 DPL=0 DS   [-WA]
FS =0030 0000000000000000 ffffffff 00cf9300 DPL=0 DS   [-WA]
GS =0030 0000000000000000 ffffffff 00cf9300 DPL=0 DS   [-WA]
LDT=0000 0000000000000000 0000ffff 00008200 DPL=0 LDT
TR =0048 000000001f5db058 00000067 00008900 DPL=0 TSS64-avl
GDT=     000000001f5db000 00000057
IDT=     000000001f090018 00000fff
CR0=80000033 CR2=0000000000000000 CR3=000000001f801000 CR4=00000668
DR0=0000000000000000 DR1=0000000000000000 DR2=0000000000000000 DR3=0000000000000000 
DR6=00000000ffff0ff0 DR7=0000000000000400
CCS=0000000000000091 CCD=fffffffffffffff2 CCO=EFLAGS
EFER=0000000000000d00
Servicing hardware INT=0x20
    50: v=20 e=0000 i=0 cpl=0 IP=0038:000000001f0acc1e pc=000000001f0acc1e SP=0030:000000001fe8e290 env->regs[R_EAX]=0000000000000010
RAX=0000000000000010 RBX=000000001fe8e3c4 RCX=0000000000000010 RDX=000000001fe8e3c4
RSI=0000000000000008 RDI=0000000000000005 RBP=000000001fe8e310 RSP=000000001fe8e290
R8 =0000000000000021 R9 =000000001ec74807 R10=0000000000000008 R11=000000001ec6db44
R12=000000cb95800000 R13=0000000000000005 R14=000fffffc0000000 R15=000000001fb32558
RIP=000000001f0acc1e RFL=00000293 [--S-A-C] CPL=0 II=0 A20=1 SMM=0 HLT=0
ES =0030 0000000000000000 ffffffff 00cf9300 DPL=0 DS   [-WA]
CS =0038 0000000000000000 ffffffff 00af9a00 DPL=0 CS64 [-R-]
SS =0030 0000000000000000 ffffffff 00cf9300 DPL=0 DS   [-WA]
DS =0030 0000000000000000 ffffffff 00cf9300 DPL=0 DS   [-WA]
FS =0030 0000000000000000 ffffffff 00cf9300 DPL=0 DS   [-WA]
GS =0030 0000000000000000 ffffffff 00cf9300 DPL=0 DS   [-WA]
LDT=0000 0000000000000000 0000ffff 00008200 DPL=0 LDT
TR =0048 000000001f5db058 00000067 00008900 DPL=0 TSS64-avl
GDT=     000000001f5db000 00000057
IDT=     000000001f090018 00000fff
CR0=80000033 CR2=0000000000000000 CR3=000000001f801000 CR4=00000668
DR0=0000000000000000 DR1=0000000000000000 DR2=0000000000000000 DR3=0000000000000000 
DR6=00000000ffff0ff0 DR7=0000000000000400
CCS=0000000000000091 CCD=fffffffffffffff2 CCO=EFLAGS
EFER=0000000000000d00
Servicing hardware INT=0x20
    51: v=20 e=0000 i=0 cpl=0 IP=0038:000000001f0acc1e pc=000000001f0acc1e SP=0030:000000001fe8e290 env->regs[R_EAX]=0000000000000010
RAX=0000000000000010 RBX=000000001fe8e3c4 RCX=0000000000000010 RDX=000000001fe8e3c4
RSI=0000000000000008 RDI=0000000000000005 RBP=000000001fe8e310 RSP=000000001fe8e290
R8 =0000000000000021 R9 =000000001ec74807 R10=0000000000000008 R11=000000001ec6db44
R12=000000cbe7400000 R13=0000000000000005 R14=000fffffc0000000 R15=000000001fb339c8
RIP=000000001f0acc1e RFL=00000293 [--S-A-C] CPL=0 II=0 A20=1 SMM=0 HLT=0
ES =0030 0000000000000000 ffffffff 00cf9300 DPL=0 DS   [-WA]
CS =0038 0000000000000000 ffffffff 00af9a00 DPL=0 CS64 [-R-]
SS =0030 0000000000000000 ffffffff 00cf9300 DPL=0 DS   [-WA]
DS =0030 0000000000000000 ffffffff 00cf9300 DPL=0 DS   [-WA]
FS =0030 0000000000000000 ffffffff 00cf9300 DPL=0 DS   [-WA]
GS =0030 0000000000000000 ffffffff 00cf9300 DPL=0 DS   [-WA]
LDT=0000 0000000000000000 0000ffff 00008200 DPL=0 LDT
TR =0048 000000001f5db058 00000067 00008900 DPL=0 TSS64-avl
GDT=     000000001f5db000 00000057
IDT=     000000001f090018 00000fff
CR0=80000033 CR2=0000000000000000 CR3=000000001f801000 CR4=00000668
DR0=0000000000000000 DR1=0000000000000000 DR2=0000000000000000 DR3=0000000000000000 
DR6=00000000ffff0ff0 DR7=0000000000000400
CCS=0000000000000091 CCD=fffffffffffffff2 CCO=EFLAGS
EFER=0000000000000d00
Servicing hardware INT=0x20
    52: v=20 e=0000 i=0 cpl=0 IP=0038:000000001ec6075a pc=000000001ec6075a SP=0030:000000001fe8e300 env->regs[R_EAX]=000000001f0ae400
RAX=000000001f0ae400 RBX=0000000000000005 RCX=0000000000000005 RDX=000000001fe8e3c4
RSI=000000cc38800000 RDI=000000001fe8e3c8 RBP=000000001fe8e330 RSP=000000001fe8e300
R8 =0000000000000021 R9 =000000001ec74807 R10=0000000000000008 R11=000000001ec6db44
R12=000000cc38800000 R13=000000001fe8e3c8 R14=000fffffc0000000 R15=000000001fb34e18
RIP=000000001ec6075a RFL=00000206 [-----P-] CPL=0 II=0 A20=1 SMM=0 HLT=0
ES =0030 0000000000000000 ffffffff 00cf9300 DPL=0 DS   [-WA]
CS =0038 0000000000000000 ffffffff 00af9a00 DPL=0 CS64 [-R-]
SS =0030 0000000000000000 ffffffff 00cf9300 DPL=0 DS   [-WA]
DS =0030 0000000000000000 ffffffff 00cf9300 DPL=0 DS   [-WA]
FS =0030 0000000000000000 ffffffff 00cf9300 DPL=0 DS   [-WA]
GS =0030 0000000000000000 ffffffff 00cf9300 DPL=0 DS   [-WA]
LDT=0000 0000000000000000 0000ffff 00008200 DPL=0 LDT
TR =0048 000000001f5db058 00000067 00008900 DPL=0 TSS64-avl
GDT=     000000001f5db000 00000057
IDT=     000000001f090018 00000fff
CR0=80000033 CR2=0000000000000000 CR3=000000001f801000 CR4=00000668
DR0=0000000000000000 DR1=0000000000000000 DR2=0000000000000000 DR3=0000000000000000 
DR6=00000000ffff0ff0 DR7=0000000000000400
CCS=0000000000000004 CCD=000000001f0ae400 CCO=EFLAGS
EFER=0000000000000d00
Servicing hardware INT=0x20
    53: v=20 e=0000 i=0 cpl=0 IP=0038:000000001f0acc1e pc=000000001f0acc1e SP=0030:000000001fe8e290 env->regs[R_EAX]=0000000000000010
RAX=0000000000000010 RBX=000000001fe8e3c4 RCX=0000000000000010 RDX=0000000000000000
RSI=0000000000000008 RDI=0000000000000007 RBP=000000001fe8e310 RSP=000000001fe8e290
R8 =0000000000000021 R9 =000000001ec74807 R10=0000000000000008 R11=000000001ec6db44
R12=000000cc8a600000 R13=0000000000000007 R14=000fffffc0000000 R15=000000001fb36290
RIP=000000001f0acc1e RFL=00000293 [--S-A-C] CPL=0 II=0 A20=1 SMM=0 HLT=0
ES =0030 0000000000000000 ffffffff 00cf9300 DPL=0 DS   [-WA]
CS =0038 0000000000000000 ffffffff 00af9a00 DPL=0 CS64 [-R-]
SS =0030 0000000000000000 ffffffff 00cf9300 DPL=0 DS   [-WA]
DS =0030 0000000000000000 ffffffff 00cf9300 DPL=0 DS   [-WA]
FS =0030 0000000000000000 ffffffff 00cf9300 DPL=0 DS   [-WA]
GS =0030 0000000000000000 ffffffff 00cf9300 DPL=0 DS   [-WA]
LDT=0000 0000000000000000 0000ffff 00008200 DPL=0 LDT
TR =0048 000000001f5db058 00000067 00008900 DPL=0 TSS64-avl
GDT=     000000001f5db000 00000057
IDT=     000000001f090018 00000fff
CR0=80000033 CR2=0000000000000000 CR3=000000001f801000 CR4=00000668
DR0=0000000000000000 DR1=0000000000000000 DR2=0000000000000000 DR3=0000000000000000 
DR6=00000000ffff0ff0 DR7=0000000000000400
CCS=0000000000000091 CCD=fffffffffffffff2 CCO=EFLAGS
EFER=0000000000000d00
Servicing hardware INT=0x20
    54: v=20 e=0000 i=0 cpl=0 IP=0038:000000001ec5e266 pc=000000001ec5e266 SP=0030:000000001fe8e1c8 env->regs[R_EAX]=000000001ec6dec0
RAX=000000001ec6dec0 RBX=0000000000000010 RCX=000000001ec6dec0 RDX=000000001f0b2398
RSI=000000001f4e7aa8 RDI=0000000000000001 RBP=000000001fe8e200 RSP=000000001fe8e1c8
R8 =0000000000000021 R9 =000000001ec74807 R10=0000000000000008 R11=000000001ec6db44
R12=0000000000000168 R13=0000000000000007 R14=000fffffc0000000 R15=000000001feb2ac0
RIP=000000001ec5e266 RFL=00000202 [-------] CPL=0 II=0 A20=1 SMM=0 HLT=0
ES =0030 0000000000000000 ffffffff 00cf9300 DPL=0 DS   [-WA]
CS =0038 0000000000000000 ffffffff 00af9a00 DPL=0 CS64 [-R-]
SS =0030 0000000000000000 ffffffff 00cf9300 DPL=0 DS   [-WA]
DS =0030 0000000000000000 ffffffff 00cf9300 DPL=0 DS   [-WA]
FS =0030 0000000000000000 ffffffff 00cf9300 DPL=0 DS   [-WA]
GS =0030 0000000000000000 ffffffff 00cf9300 DPL=0 DS   [-WA]
LDT=0000 0000000000000000 0000ffff 00008200 DPL=0 LDT
TR =0048 000000001f5db058 00000067 00008900 DPL=0 TSS64-avl
GDT=     000000001f5db000 00000057
IDT=     000000001f090018 00000fff
CR0=80000033 CR2=0000000000000000 CR3=000000001f801000 CR4=00000668
DR0=0000000000000000 DR1=0000000000000000 DR2=0000000000000000 DR3=0000000000000000 
DR6=00000000ffff0ff0 DR7=0000000000000400
CCS=0000000000000000 CCD=000000001fe8e1d0 CCO=EFLAGS
EFER=0000000000000d00
Servicing hardware INT=0x20
    55: v=20 e=0000 i=0 cpl=0 IP=0038:000000001fe9e3a2 pc=000000001fe9e3a2 SP=0030:000000001fe8e288 env->regs[R_EAX]=000000001fe9e3a2
RAX=000000001fe9e3a2 RBX=000000001f4e7c08 RCX=0000000000000010 RDX=000000001f0b2398
RSI=000000001f4e7aa8 RDI=0000000000000000 RBP=000000001fe8e310 RSP=000000001fe8e288
R8 =0000000000000021 R9 =000000001ec74807 R10=0000000000000008 R11=000000001ec6db44
R12=0000000000000160 R13=0000000000000005 R14=000fffffc0000000 R15=000000001fb38ae8
RIP=000000001fe9e3a2 RFL=00000206 [-----P-] CPL=0 II=0 A20=1 SMM=0 HLT=0
ES =0030 0000000000000000 ffffffff 00cf9300 DPL=0 DS   [-WA]
CS =0038 0000000000000000 ffffffff 00af9a00 DPL=0 CS64 [-R-]
SS =0030 0000000000000000 ffffffff 00cf9300 DPL=0 DS   [-WA]
DS =0030 0000000000000000 ffffffff 00cf9300 DPL=0 DS   [-WA]
FS =0030 0000000000000000 ffffffff 00cf9300 DPL=0 DS   [-WA]
GS =0030 0000000000000000 ffffffff 00cf9300 DPL=0 DS   [-WA]
LDT=0000 0000000000000000 0000ffff 00008200 DPL=0 LDT
TR =0048 000000001f5db058 00000067 00008900 DPL=0 TSS64-avl
GDT=     000000001f5db000 00000057
IDT=     000000001f090018 00000fff
CR0=80000033 CR2=0000000000000000 CR3=000000001f801000 CR4=00000668
DR0=0000000000000000 DR1=0000000000000000 DR2=0000000000000000 DR3=0000000000000000 
DR6=00000000ffff0ff0 DR7=0000000000000400
CCS=0000000000000004 CCD=000000001fe8e290 CCO=EFLAGS
EFER=0000000000000d00
Servicing hardware INT=0x20
    56: v=20 e=0000 i=0 cpl=0 IP=0038:000000001f0acc1e pc=000000001f0acc1e SP=0030:000000001fe8e290 env->regs[R_EAX]=0000000000000010
RAX=0000000000000010 RBX=000000001fe8e3c4 RCX=0000000000000010 RDX=0000000000000000
RSI=0000000000000008 RDI=0000000000000007 RBP=000000001fe8e310 RSP=000000001fe8e290
R8 =0000000000000021 R9 =000000001ec74807 R10=0000000000000008 R11=000000001ec6db44
R12=000000cd7e600000 R13=0000000000000007 R14=000fffffc0000000 R15=000000001fb39f90
RIP=000000001f0acc1e RFL=00000293 [--S-A-C] CPL=0 II=0 A20=1 SMM=0 HLT=0
ES =0030 0000000000000000 ffffffff 00cf9300 DPL=0 DS   [-WA]
CS =0038 0000000000000000 ffffffff 00af9a00 DPL=0 CS64 [-R-]
SS =0030 0000000000000000 ffffffff 00cf9300 DPL=0 DS   [-WA]
DS =0030 0000000000000000 ffffffff 00cf9300 DPL=0 DS   [-WA]
FS =0030 0000000000000000 ffffffff 00cf9300 DPL=0 DS   [-WA]
GS =0030 0000000000000000 ffffffff 00cf9300 DPL=0 DS   [-WA]
LDT=0000 0000000000000000 0000ffff 00008200 DPL=0 LDT
TR =0048 000000001f5db058 00000067 00008900 DPL=0 TSS64-avl
GDT=     000000001f5db000 00000057
IDT=     000000001f090018 00000fff
CR0=80000033 CR2=0000000000000000 CR3=000000001f801000 CR4=00000668
DR0=0000000000000000 DR1=0000000000000000 DR2=0000000000000000 DR3=0000000000000000 
DR6=00000000ffff0ff0 DR7=0000000000000400
CCS=0000000000000091 CCD=fffffffffffffff2 CCO=EFLAGS
EFER=0000000000000d00
Servicing hardware INT=0x20
    57: v=20 e=0000 i=0 cpl=0 IP=0038:000000001fe9e3a2 pc=000000001fe9e3a2 SP=0030:000000001fe8e288 env->regs[R_EAX]=000000001fe9e3a2
RAX=000000001fe9e3a2 RBX=000000001f4e7c08 RCX=0000000000000010 RDX=000000001f0b2398
RSI=000000001f4e7aa8 RDI=0000000000000000 RBP=000000001fe8e310 RSP=000000001fe8e288
R8 =0000000000000021 R9 =000000001ec74807 R10=0000000000000008 R11=000000001ec6db44
R12=0000000000000160 R13=0000000000000005 R14=000fffffc0000000 R15=000000001fb3b428
RIP=000000001fe9e3a2 RFL=00000206 [-----P-] CPL=0 II=0 A20=1 SMM=0 HLT=0
ES =0030 0000000000000000 ffffffff 00cf9300 DPL=0 DS   [-WA]
CS =0038 0000000000000000 ffffffff 00af9a00 DPL=0 CS64 [-R-]
SS =0030 0000000000000000 ffffffff 00cf9300 DPL=0 DS   [-WA]
DS =0030 0000000000000000 ffffffff 00cf9300 DPL=0 DS   [-WA]
FS =0030 0000000000000000 ffffffff 00cf9300 DPL=0 DS   [-WA]
GS =0030 0000000000000000 ffffffff 00cf9300 DPL=0 DS   [-WA]
LDT=0000 0000000000000000 0000ffff 00008200 DPL=0 LDT
TR =0048 000000001f5db058 00000067 00008900 DPL=0 TSS64-avl
GDT=     000000001f5db000 00000057
IDT=     000000001f090018 00000fff
CR0=80000033 CR2=0000000000000000 CR3=000000001f801000 CR4=00000668
DR0=0000000000000000 DR1=0000000000000000 DR2=0000000000000000 DR3=0000000000000000 
DR6=00000000ffff0ff0 DR7=0000000000000400
CCS=0000000000000004 CCD=000000001fe8e290 CCO=EFLAGS
EFER=0000000000000d00
Servicing hardware INT=0x20
    58: v=20 e=0000 i=0 cpl=0 IP=0038:000000001ec60749 pc=000000001ec60749 SP=0030:000000001fe8e338 env->regs[R_EAX]=0000000000000000
RAX=0000000000000000 RBX=000000001fe8e3c4 RCX=0000000000000007 RDX=0000000000000000
RSI=000000ce23c00000 RDI=000000001fe8e3c8 RBP=000000001fe8e380 RSP=000000001fe8e338
R8 =0000000000000021 R9 =000000001ec74807 R10=0000000000000008 R11=000000001ec6db44
R12=000000ce23c00000 R13=000000001fe8e3c8 R14=000fffffc0000000 R15=000000001fb3c8e8
RIP=000000001ec60749 RFL=00000202 [-------] CPL=0 II=0 A20=1 SMM=0 HLT=0
ES =0030 0000000000000000 ffffffff 00cf9300 DPL=0 DS   [-WA]
CS =0038 0000000000000000 ffffffff 00af9a00 DPL=0 CS64 [-R-]
SS =0030 0000000000000000 ffffffff 00cf9300 DPL=0 DS   [-WA]
DS =0030 0000000000000000 ffffffff 00cf9300 DPL=0 DS   [-WA]
FS =0030 0000000000000000 ffffffff 00cf9300 DPL=0 DS   [-WA]
GS =0030 0000000000000000 ffffffff 00cf9300 DPL=0 DS   [-WA]
LDT=0000 0000000000000000 0000ffff 00008200 DPL=0 LDT
TR =0048 000000001f5db058 00000067 00008900 DPL=0 TSS64-avl
GDT=     000000001f5db000 00000057
IDT=     000000001f090018 00000fff
CR0=80000033 CR2=0000000000000000 CR3=000000001f801000 CR4=00000668
DR0=0000000000000000 DR1=0000000000000000 DR2=0000000000000000 DR3=0000000000000000 
DR6=00000000ffff0ff0 DR7=0000000000000400
CCS=0000000000000000 CCD=000000001fe8e340 CCO=EFLAGS
EFER=0000000000000d00
Servicing hardware INT=0x20
    59: v=20 e=0000 i=0 cpl=0 IP=0038:000000001fe9e3a2 pc=000000001fe9e3a2 SP=0030:000000001fe8e288 env->regs[R_EAX]=000000001fe9e3a2
RAX=000000001fe9e3a2 RBX=000000001f4e7c08 RCX=0000000000000010 RDX=000000001f0b2398
RSI=000000001f4e7aa8 RDI=0000000000000000 RBP=000000001fe8e310 RSP=000000001fe8e288
R8 =0000000000000021 R9 =000000001ec74807 R10=0000000000000008 R11=000000001ec6db44
R12=0000000000000160 R13=0000000000000005 R14=000fffffc0000000 R15=000000001fb3dd78
RIP=000000001fe9e3a2 RFL=00000206 [-----P-] CPL=0 II=0 A20=1 SMM=0 HLT=0
ES =0030 0000000000000000 ffffffff 00cf9300 DPL=0 DS   [-WA]
CS =0038 0000000000000000 ffffffff 00af9a00 DPL=0 CS64 [-R-]
SS =0030 0000000000000000 ffffffff 00cf9300 DPL=0 DS   [-WA]
DS =0030 0000000000000000 ffffffff 00cf9300 DPL=0 DS   [-WA]
FS =0030 0000000000000000 ffffffff 00cf9300 DPL=0 DS   [-WA]
GS =0030 0000000000000000 ffffffff 00cf9300 DPL=0 DS   [-WA]
LDT=0000 0000000000000000 0000ffff 00008200 DPL=0 LDT
TR =0048 000000001f5db058 00000067 00008900 DPL=0 TSS64-avl
GDT=     000000001f5db000 00000057
IDT=     000000001f090018 00000fff
CR0=80000033 CR2=0000000000000000 CR3=000000001f801000 CR4=00000668
DR0=0000000000000000 DR1=0000000000000000 DR2=0000000000000000 DR3=0000000000000000 
DR6=00000000ffff0ff0 DR7=0000000000000400
CCS=0000000000000004 CCD=000000001fe8e290 CCO=EFLAGS
EFER=0000000000000d00
Servicing hardware INT=0x20
    60: v=20 e=0000 i=0 cpl=0 IP=0038:000000001fe9e3a2 pc=000000001fe9e3a2 SP=0030:000000001fe8e288 env->regs[R_EAX]=000000001fe9e3a2
RAX=000000001fe9e3a2 RBX=000000001f4e7c08 RCX=0000000000000010 RDX=000000001f0b2398
RSI=000000001f4e7aa8 RDI=0000000000000000 RBP=000000001fe8e310 RSP=000000001fe8e288
R8 =0000000000000021 R9 =000000001ec74807 R10=0000000000000008 R11=000000001ec6db44
R12=0000000000000160 R13=0000000000000005 R14=000fffffc0000000 R15=000000001fb3ea28
RIP=000000001fe9e3a2 RFL=00000206 [-----P-] CPL=0 II=0 A20=1 SMM=0 HLT=0
ES =0030 0000000000000000 ffffffff 00cf9300 DPL=0 DS   [-WA]
CS =0038 0000000000000000 ffffffff 00af9a00 DPL=0 CS64 [-R-]
SS =0030 0000000000000000 ffffffff 00cf9300 DPL=0 DS   [-WA]
DS =0030 0000000000000000 ffffffff 00cf9300 DPL=0 DS   [-WA]
FS =0030 0000000000000000 ffffffff 00cf9300 DPL=0 DS   [-WA]
GS =0030 0000000000000000 ffffffff 00cf9300 DPL=0 DS   [-WA]
LDT=0000 0000000000000000 0000ffff 00008200 DPL=0 LDT
TR =0048 000000001f5db058 00000067 00008900 DPL=0 TSS64-avl
GDT=     000000001f5db000 00000057
IDT=     000000001f090018 00000fff
CR0=80000033 CR2=0000000000000000 CR3=000000001f801000 CR4=00000668
DR0=0000000000000000 DR1=0000000000000000 DR2=0000000000000000 DR3=0000000000000000 
DR6=00000000ffff0ff0 DR7=0000000000000400
CCS=0000000000000004 CCD=000000001fe8e290 CCO=EFLAGS
EFER=0000000000000d00
Servicing hardware INT=0x20
    61: v=20 e=0000 i=0 cpl=0 IP=0038:000000001ec5e266 pc=000000001ec5e266 SP=0030:000000001fe8e1c8 env->regs[R_EAX]=000000001ec6dec0
RAX=000000001ec6dec0 RBX=0000000000000010 RCX=000000001ec6dec0 RDX=000000001f0b2398
RSI=000000001f4e7aa8 RDI=0000000000000001 RBP=000000001fe8e200 RSP=000000001fe8e1c8
R8 =0000000000000021 R9 =000000001ec74807 R10=0000000000000008 R11=000000001ec6db44
R12=0000000000000168 R13=0000000000000007 R14=000fffffc0000000 R15=000000001feb2ac0
RIP=000000001ec5e266 RFL=00000202 [-------] CPL=0 II=0 A20=1 SMM=0 HLT=0
ES =0030 0000000000000000 ffffffff 00cf9300 DPL=0 DS   [-WA]
CS =0038 0000000000000000 ffffffff 00af9a00 DPL=0 CS64 [-R-]
SS =0030 0000000000000000 ffffffff 00cf9300 DPL=0 DS   [-WA]
DS =0030 0000000000000000 ffffffff 00cf9300 DPL=0 DS   [-WA]
FS =0030 0000000000000000 ffffffff 00cf9300 DPL=0 DS   [-WA]
GS =0030 0000000000000000 ffffffff 00cf9300 DPL=0 DS   [-WA]
LDT=0000 0000000000000000 0000ffff 00008200 DPL=0 LDT
TR =0048 000000001f5db058 00000067 00008900 DPL=0 TSS64-avl
GDT=     000000001f5db000 00000057
IDT=     000000001f090018 00000fff
CR0=80000033 CR2=0000000000000000 CR3=000000001f801000 CR4=00000668
DR0=0000000000000000 DR1=0000000000000000 DR2=0000000000000000 DR3=0000000000000000 
DR6=00000000ffff0ff0 DR7=0000000000000400
CCS=0000000000000000 CCD=000000001fe8e1d0 CCO=EFLAGS
EFER=0000000000000d00
Servicing hardware INT=0x20
    62: v=20 e=0000 i=0 cpl=0 IP=0038:000000001f0acc1e pc=000000001f0acc1e SP=0030:000000001fe8e290 env->regs[R_EAX]=0000000000000010
RAX=0000000000000010 RBX=000000001fe8e3c4 RCX=0000000000000010 RDX=000000001fe8e3c4
RSI=0000000000000008 RDI=0000000000000005 RBP=000000001fe8e310 RSP=000000001fe8e290
R8 =0000000000000021 R9 =000000001ec74807 R10=0000000000000008 R11=000000001ec6db44
R12=000000cf2d600000 R13=0000000000000005 R14=000fffffc0000000 R15=000000001fb40b50
RIP=000000001f0acc1e RFL=00000293 [--S-A-C] CPL=0 II=0 A20=1 SMM=0 HLT=0
ES =0030 0000000000000000 ffffffff 00cf9300 DPL=0 DS   [-WA]
CS =0038 0000000000000000 ffffffff 00af9a00 DPL=0 CS64 [-R-]
SS =0030 0000000000000000 ffffffff 00cf9300 DPL=0 DS   [-WA]
DS =0030 0000000000000000 ffffffff 00cf9300 DPL=0 DS   [-WA]
FS =0030 0000000000000000 ffffffff 00cf9300 DPL=0 DS   [-WA]
GS =0030 0000000000000000 ffffffff 00cf9300 DPL=0 DS   [-WA]
LDT=0000 0000000000000000 0000ffff 00008200 DPL=0 LDT
TR =0048 000000001f5db058 00000067 00008900 DPL=0 TSS64-avl
GDT=     000000001f5db000 00000057
IDT=     000000001f090018 00000fff
CR0=80000033 CR2=0000000000000000 CR3=000000001f801000 CR4=00000668
DR0=0000000000000000 DR1=0000000000000000 DR2=0000000000000000 DR3=0000000000000000 
DR6=00000000ffff0ff0 DR7=0000000000000400
CCS=0000000000000091 CCD=fffffffffffffff2 CCO=EFLAGS
EFER=0000000000000d00
Servicing hardware INT=0x20
    63: v=20 e=0000 i=0 cpl=0 IP=0038:000000001ec5e266 pc=000000001ec5e266 SP=0030:000000001fe8e1c8 env->regs[R_EAX]=000000001ec6dec0
RAX=000000001ec6dec0 RBX=0000000000000010 RCX=000000001ec6dec0 RDX=000000001f0b2398
RSI=000000001f4e7aa8 RDI=0000000000000001 RBP=000000001fe8e200 RSP=000000001fe8e1c8
R8 =0000000000000021 R9 =000000001ec74807 R10=0000000000000008 R11=000000001ec6db44
R12=0000000000000160 R13=0000000000000005 R14=000fffffc0000000 R15=000000001feb2ac0
RIP=000000001ec5e266 RFL=00000202 [-------] CPL=0 II=0 A20=1 SMM=0 HLT=0
ES =0030 0000000000000000 ffffffff 00cf9300 DPL=0 DS   [-WA]
CS =0038 0000000000000000 ffffffff 00af9a00 DPL=0 CS64 [-R-]
SS =0030 0000000000000000 ffffffff 00cf9300 DPL=0 DS   [-WA]
DS =0030 0000000000000000 ffffffff 00cf9300 DPL=0 DS   [-WA]
FS =0030 0000000000000000 ffffffff 00cf9300 DPL=0 DS   [-WA]
GS =0030 0000000000000000 ffffffff 00cf9300 DPL=0 DS   [-WA]
LDT=0000 0000000000000000 0000ffff 00008200 DPL=0 LDT
TR =0048 000000001f5db058 00000067 00008900 DPL=0 TSS64-avl
GDT=     000000001f5db000 00000057
IDT=     000000001f090018 00000fff
CR0=80000033 CR2=0000000000000000 CR3=000000001f801000 CR4=00000668
DR0=0000000000000000 DR1=0000000000000000 DR2=0000000000000000 DR3=0000000000000000 
DR6=00000000ffff0ff0 DR7=0000000000000400
CCS=0000000000000000 CCD=000000001fe8e1d0 CCO=EFLAGS
EFER=0000000000000d00
Servicing hardware INT=0x20
    64: v=20 e=0000 i=0 cpl=0 IP=0038:000000001ec5e266 pc=000000001ec5e266 SP=0030:000000001fe8e1c8 env->regs[R_EAX]=000000001ec6dec0
RAX=000000001ec6dec0 RBX=0000000000000010 RCX=000000001ec6dec0 RDX=000000001f0b2398
RSI=000000001f4e7aa8 RDI=0000000000000001 RBP=000000001fe8e200 RSP=000000001fe8e1c8
R8 =0000000000000021 R9 =000000001ec74807 R10=0000000000000008 R11=000000001ec6db44
R12=0000000000000168 R13=0000000000000007 R14=000fffffc0000000 R15=000000001feb2ac0
RIP=000000001ec5e266 RFL=00000202 [-------] CPL=0 II=0 A20=1 SMM=0 HLT=0
ES =0030 0000000000000000 ffffffff 00cf9300 DPL=0 DS   [-WA]
CS =0038 0000000000000000 ffffffff 00af9a00 DPL=0 CS64 [-R-]
SS =0030 0000000000000000 ffffffff 00cf9300 DPL=0 DS   [-WA]
DS =0030 0000000000000000 ffffffff 00cf9300 DPL=0 DS   [-WA]
FS =0030 0000000000000000 ffffffff 00cf9300 DPL=0 DS   [-WA]
GS =0030 0000000000000000 ffffffff 00cf9300 DPL=0 DS   [-WA]
LDT=0000 0000000000000000 0000ffff 00008200 DPL=0 LDT
TR =0048 000000001f5db058 00000067 00008900 DPL=0 TSS64-avl
GDT=     000000001f5db000 00000057
IDT=     000000001f090018 00000fff
CR0=80000033 CR2=0000000000000000 CR3=000000001f801000 CR4=00000668
DR0=0000000000000000 DR1=0000000000000000 DR2=0000000000000000 DR3=0000000000000000 
DR6=00000000ffff0ff0 DR7=0000000000000400
CCS=0000000000000000 CCD=000000001fe8e1d0 CCO=EFLAGS
EFER=0000000000000d00
Servicing hardware INT=0x20
    65: v=20 e=0000 i=0 cpl=0 IP=0038:000000001fe9e3a2 pc=000000001fe9e3a2 SP=0030:000000001fe8e288 env->regs[R_EAX]=000000001fe9e3a2
RAX=000000001fe9e3a2 RBX=000000001f4e7c10 RCX=0000000000000010 RDX=000000001f0b2398
RSI=000000001f4e7aa8 RDI=0000000000000000 RBP=000000001fe8e310 RSP=000000001fe8e288
R8 =0000000000000021 R9 =000000001ec74807 R10=0000000000000008 R11=000000001ec6db44
R12=0000000000000168 R13=0000000000000007 R14=000fffffc0000000 R15=000000001fb43760
RIP=000000001fe9e3a2 RFL=00000206 [-----P-] CPL=0 II=0 A20=1 SMM=0 HLT=0
ES =0030 0000000000000000 ffffffff 00cf9300 DPL=0 DS   [-WA]
CS =0038 0000000000000000 ffffffff 00af9a00 DPL=0 CS64 [-R-]
SS =0030 0000000000000000 ffffffff 00cf9300 DPL=0 DS   [-WA]
DS =0030 0000000000000000 ffffffff 00cf9300 DPL=0 DS   [-WA]
FS =0030 0000000000000000 ffffffff 00cf9300 DPL=0 DS   [-WA]
GS =0030 0000000000000000 ffffffff 00cf9300 DPL=0 DS   [-WA]
LDT=0000 0000000000000000 0000ffff 00008200 DPL=0 LDT
TR =0048 000000001f5db058 00000067 00008900 DPL=0 TSS64-avl
GDT=     000000001f5db000 00000057
IDT=     000000001f090018 00000fff
CR0=80000033 CR2=0000000000000000 CR3=000000001f801000 CR4=00000668
DR0=0000000000000000 DR1=0000000000000000 DR2=0000000000000000 DR3=0000000000000000 
DR6=00000000ffff0ff0 DR7=0000000000000400
CCS=0000000000000004 CCD=000000001fe8e290 CCO=EFLAGS
EFER=0000000000000d00
Servicing hardware INT=0x20
    66: v=20 e=0000 i=0 cpl=0 IP=0038:000000001f0acc1e pc=000000001f0acc1e SP=0030:000000001fe8e290 env->regs[R_EAX]=0000000000000010
RAX=0000000000000010 RBX=000000001fe8e3c4 RCX=0000000000000010 RDX=0000000000000000
RSI=0000000000000008 RDI=0000000000000007 RBP=000000001fe8e310 RSP=000000001fe8e290
R8 =0000000000000021 R9 =000000001ec74807 R10=0000000000000008 R11=000000001ec6db44
R12=000000d014000000 R13=0000000000000007 R14=000fffffc0000000 R15=000000001fb444f8
RIP=000000001f0acc1e RFL=00000293 [--S-A-C] CPL=0 II=0 A20=1 SMM=0 HLT=0
ES =0030 0000000000000000 ffffffff 00cf9300 DPL=0 DS   [-WA]
CS =0038 0000000000000000 ffffffff 00af9a00 DPL=0 CS64 [-R-]
SS =0030 0000000000000000 ffffffff 00cf9300 DPL=0 DS   [-WA]
DS =0030 0000000000000000 ffffffff 00cf9300 DPL=0 DS   [-WA]
FS =0030 0000000000000000 ffffffff 00cf9300 DPL=0 DS   [-WA]
GS =0030 0000000000000000 ffffffff 00cf9300 DPL=0 DS   [-WA]
LDT=0000 0000000000000000 0000ffff 00008200 DPL=0 LDT
TR =0048 000000001f5db058 00000067 00008900 DPL=0 TSS64-avl
GDT=     000000001f5db000 00000057
IDT=     000000001f090018 00000fff
CR0=80000033 CR2=0000000000000000 CR3=000000001f801000 CR4=00000668
DR0=0000000000000000 DR1=0000000000000000 DR2=0000000000000000 DR3=0000000000000000 
DR6=00000000ffff0ff0 DR7=0000000000000400
CCS=0000000000000091 CCD=fffffffffffffff2 CCO=EFLAGS
EFER=0000000000000d00
Servicing hardware INT=0x20
    67: v=20 e=0000 i=0 cpl=0 IP=0038:000000001f0acc1e pc=000000001f0acc1e SP=0030:000000001fe8e290 env->regs[R_EAX]=0000000000000010
RAX=0000000000000010 RBX=000000001fe8e3c4 RCX=0000000000000010 RDX=0000000000000000
RSI=0000000000000008 RDI=0000000000000007 RBP=000000001fe8e310 RSP=000000001fe8e290
R8 =0000000000000021 R9 =000000001ec74807 R10=0000000000000008 R11=000000001ec6db44
R12=000000d04de00000 R13=0000000000000007 R14=000fffffc0000000 R15=000000001fb45370
RIP=000000001f0acc1e RFL=00000293 [--S-A-C] CPL=0 II=0 A20=1 SMM=0 HLT=0
ES =0030 0000000000000000 ffffffff 00cf9300 DPL=0 DS   [-WA]
CS =0038 0000000000000000 ffffffff 00af9a00 DPL=0 CS64 [-R-]
SS =0030 0000000000000000 ffffffff 00cf9300 DPL=0 DS   [-WA]
DS =0030 0000000000000000 ffffffff 00cf9300 DPL=0 DS   [-WA]
FS =0030 0000000000000000 ffffffff 00cf9300 DPL=0 DS   [-WA]
GS =0030 0000000000000000 ffffffff 00cf9300 DPL=0 DS   [-WA]
LDT=0000 0000000000000000 0000ffff 00008200 DPL=0 LDT
TR =0048 000000001f5db058 00000067 00008900 DPL=0 TSS64-avl
GDT=     000000001f5db000 00000057
IDT=     000000001f090018 00000fff
CR0=80000033 CR2=0000000000000000 CR3=000000001f801000 CR4=00000668
DR0=0000000000000000 DR1=0000000000000000 DR2=0000000000000000 DR3=0000000000000000 
DR6=00000000ffff0ff0 DR7=0000000000000400
CCS=0000000000000091 CCD=fffffffffffffff2 CCO=EFLAGS
EFER=0000000000000d00
Servicing hardware INT=0x20
    68: v=20 e=0000 i=0 cpl=0 IP=0038:000000001f0acc1e pc=000000001f0acc1e SP=0030:000000001fe8e290 env->regs[R_EAX]=0000000000000010
RAX=0000000000000010 RBX=000000001fe8e3c4 RCX=0000000000000010 RDX=000000001fe8e3c4
RSI=0000000000000008 RDI=0000000000000005 RBP=000000001fe8e310 RSP=000000001fe8e290
R8 =0000000000000021 R9 =000000001ec74807 R10=0000000000000008 R11=000000001ec6db44
R12=000000d082e00000 R13=0000000000000005 R14=000fffffc0000000 R15=000000001fb460b0
RIP=000000001f0acc1e RFL=00000293 [--S-A-C] CPL=0 II=0 A20=1 SMM=0 HLT=0
ES =0030 0000000000000000 ffffffff 00cf9300 DPL=0 DS   [-WA]
CS =0038 0000000000000000 ffffffff 00af9a00 DPL=0 CS64 [-R-]
SS =0030 0000000000000000 ffffffff 00cf9300 DPL=0 DS   [-WA]
DS =0030 0000000000000000 ffffffff 00cf9300 DPL=0 DS   [-WA]
FS =0030 0000000000000000 ffffffff 00cf9300 DPL=0 DS   [-WA]
GS =0030 0000000000000000 ffffffff 00cf9300 DPL=0 DS   [-WA]
LDT=0000 0000000000000000 0000ffff 00008200 DPL=0 LDT
TR =0048 000000001f5db058 00000067 00008900 DPL=0 TSS64-avl
GDT=     000000001f5db000 00000057
IDT=     000000001f090018 00000fff
CR0=80000033 CR2=0000000000000000 CR3=000000001f801000 CR4=00000668
DR0=0000000000000000 DR1=0000000000000000 DR2=0000000000000000 DR3=0000000000000000 
DR6=00000000ffff0ff0 DR7=0000000000000400
CCS=0000000000000091 CCD=fffffffffffffff2 CCO=EFLAGS
EFER=0000000000000d00
Servicing hardware INT=0x20
    69: v=20 e=0000 i=0 cpl=0 IP=0038:000000001fe9e3a2 pc=000000001fe9e3a2 SP=0030:000000001fe8e288 env->regs[R_EAX]=000000001fe9e3a2
RAX=000000001fe9e3a2 RBX=000000001f4e7c08 RCX=0000000000000010 RDX=000000001f0b2398
RSI=000000001f4e7aa8 RDI=0000000000000000 RBP=000000001fe8e310 RSP=000000001fe8e288
R8 =0000000000000021 R9 =000000001ec74807 R10=0000000000000008 R11=000000001ec6db44
R12=0000000000000160 R13=0000000000000005 R14=000fffffc0000000 R15=000000001fb47040
RIP=000000001fe9e3a2 RFL=00000206 [-----P-] CPL=0 II=0 A20=1 SMM=0 HLT=0
ES =0030 0000000000000000 ffffffff 00cf9300 DPL=0 DS   [-WA]
CS =0038 0000000000000000 ffffffff 00af9a00 DPL=0 CS64 [-R-]
SS =0030 0000000000000000 ffffffff 00cf9300 DPL=0 DS   [-WA]
DS =0030 0000000000000000 ffffffff 00cf9300 DPL=0 DS   [-WA]
FS =0030 0000000000000000 ffffffff 00cf9300 DPL=0 DS   [-WA]
GS =0030 0000000000000000 ffffffff 00cf9300 DPL=0 DS   [-WA]
LDT=0000 0000000000000000 0000ffff 00008200 DPL=0 LDT
TR =0048 000000001f5db058 00000067 00008900 DPL=0 TSS64-avl
GDT=     000000001f5db000 00000057
IDT=     000000001f090018 00000fff
CR0=80000033 CR2=0000000000000000 CR3=000000001f801000 CR4=00000668
DR0=0000000000000000 DR1=0000000000000000 DR2=0000000000000000 DR3=0000000000000000 
DR6=00000000ffff0ff0 DR7=0000000000000400
CCS=0000000000000004 CCD=000000001fe8e290 CCO=EFLAGS
EFER=0000000000000d00
Servicing hardware INT=0x20
    70: v=20 e=0000 i=0 cpl=0 IP=0038:000000001f0acc1e pc=000000001f0acc1e SP=0030:000000001fe8e290 env->regs[R_EAX]=0000000000000010
RAX=0000000000000010 RBX=000000001fe8e3c4 RCX=0000000000000010 RDX=000000001fe8e3c4
RSI=0000000000000008 RDI=0000000000000005 RBP=000000001fe8e310 RSP=000000001fe8e290
R8 =0000000000000021 R9 =000000001ec74807 R10=0000000000000008 R11=000000001ec6db44
R12=000000d104a00000 R13=0000000000000005 R14=000fffffc0000000 R15=000000001fb48120
RIP=000000001f0acc1e RFL=00000293 [--S-A-C] CPL=0 II=0 A20=1 SMM=0 HLT=0
ES =0030 0000000000000000 ffffffff 00cf9300 DPL=0 DS   [-WA]
CS =0038 0000000000000000 ffffffff 00af9a00 DPL=0 CS64 [-R-]
SS =0030 0000000000000000 ffffffff 00cf9300 DPL=0 DS   [-WA]
DS =0030 0000000000000000 ffffffff 00cf9300 DPL=0 DS   [-WA]
FS =0030 0000000000000000 ffffffff 00cf9300 DPL=0 DS   [-WA]
GS =0030 0000000000000000 ffffffff 00cf9300 DPL=0 DS   [-WA]
LDT=0000 0000000000000000 0000ffff 00008200 DPL=0 LDT
TR =0048 000000001f5db058 00000067 00008900 DPL=0 TSS64-avl
GDT=     000000001f5db000 00000057
IDT=     000000001f090018 00000fff
CR0=80000033 CR2=0000000000000000 CR3=000000001f801000 CR4=00000668
DR0=0000000000000000 DR1=0000000000000000 DR2=0000000000000000 DR3=0000000000000000 
DR6=00000000ffff0ff0 DR7=0000000000000400
CCS=0000000000000091 CCD=fffffffffffffff2 CCO=EFLAGS
EFER=0000000000000d00
Servicing hardware INT=0x20
    71: v=20 e=0000 i=0 cpl=0 IP=0038:000000001f0acc1e pc=000000001f0acc1e SP=0030:000000001fe8e290 env->regs[R_EAX]=0000000000000010
RAX=0000000000000010 RBX=000000001fe8e3c4 RCX=0000000000000010 RDX=0000000000000000
RSI=0000000000000008 RDI=0000000000000007 RBP=000000001fe8e310 RSP=000000001fe8e290
R8 =0000000000000021 R9 =000000001ec74807 R10=0000000000000008 R11=000000001ec6db44
R12=000000d135200000 R13=0000000000000007 R14=000fffffc0000000 R15=000000001fb48d40
RIP=000000001f0acc1e RFL=00000293 [--S-A-C] CPL=0 II=0 A20=1 SMM=0 HLT=0
ES =0030 0000000000000000 ffffffff 00cf9300 DPL=0 DS   [-WA]
CS =0038 0000000000000000 ffffffff 00af9a00 DPL=0 CS64 [-R-]
SS =0030 0000000000000000 ffffffff 00cf9300 DPL=0 DS   [-WA]
DS =0030 0000000000000000 ffffffff 00cf9300 DPL=0 DS   [-WA]
FS =0030 0000000000000000 ffffffff 00cf9300 DPL=0 DS   [-WA]
GS =0030 0000000000000000 ffffffff 00cf9300 DPL=0 DS   [-WA]
LDT=0000 0000000000000000 0000ffff 00008200 DPL=0 LDT
TR =0048 000000001f5db058 00000067 00008900 DPL=0 TSS64-avl
GDT=     000000001f5db000 00000057
IDT=     000000001f090018 00000fff
CR0=80000033 CR2=0000000000000000 CR3=000000001f801000 CR4=00000668
DR0=0000000000000000 DR1=0000000000000000 DR2=0000000000000000 DR3=0000000000000000 
DR6=00000000ffff0ff0 DR7=0000000000000400
CCS=0000000000000091 CCD=fffffffffffffff2 CCO=EFLAGS
EFER=0000000000000d00
Servicing hardware INT=0x20
    72: v=20 e=0000 i=0 cpl=0 IP=0038:000000001f0acc1e pc=000000001f0acc1e SP=0030:000000001fe8e290 env->regs[R_EAX]=0000000000000010
RAX=0000000000000010 RBX=000000001fe8e3c4 RCX=0000000000000010 RDX=000000001fe8e3c4
RSI=0000000000000008 RDI=0000000000000005 RBP=000000001fe8e310 RSP=000000001fe8e290
R8 =0000000000000021 R9 =000000001ec74807 R10=0000000000000008 R11=000000001ec6db44
R12=000000d16be00000 R13=0000000000000005 R14=000fffffc0000000 R15=000000001fb49af0
RIP=000000001f0acc1e RFL=00000293 [--S-A-C] CPL=0 II=0 A20=1 SMM=0 HLT=0
ES =0030 0000000000000000 ffffffff 00cf9300 DPL=0 DS   [-WA]
CS =0038 0000000000000000 ffffffff 00af9a00 DPL=0 CS64 [-R-]
SS =0030 0000000000000000 ffffffff 00cf9300 DPL=0 DS   [-WA]
DS =0030 0000000000000000 ffffffff 00cf9300 DPL=0 DS   [-WA]
FS =0030 0000000000000000 ffffffff 00cf9300 DPL=0 DS   [-WA]
GS =0030 0000000000000000 ffffffff 00cf9300 DPL=0 DS   [-WA]
LDT=0000 0000000000000000 0000ffff 00008200 DPL=0 LDT
TR =0048 000000001f5db058 00000067 00008900 DPL=0 TSS64-avl
GDT=     000000001f5db000 00000057
IDT=     000000001f090018 00000fff
CR0=80000033 CR2=0000000000000000 CR3=000000001f801000 CR4=00000668
DR0=0000000000000000 DR1=0000000000000000 DR2=0000000000000000 DR3=0000000000000000 
DR6=00000000ffff0ff0 DR7=0000000000000400
CCS=0000000000000091 CCD=fffffffffffffff2 CCO=EFLAGS
EFER=0000000000000d00
Servicing hardware INT=0x20
    73: v=20 e=0000 i=0 cpl=0 IP=0038:000000001f0acc1e pc=000000001f0acc1e SP=0030:000000001fe8e290 env->regs[R_EAX]=0000000000000010
RAX=0000000000000010 RBX=000000001fe8e3c4 RCX=0000000000000010 RDX=000000001fe8e3c4
RSI=0000000000000008 RDI=0000000000000005 RBP=000000001fe8e310 RSP=000000001fe8e290
R8 =0000000000000021 R9 =000000001ec74807 R10=0000000000000008 R11=000000001ec6db44
R12=000000d1ae800000 R13=0000000000000005 R14=000fffffc0000000 R15=000000001fb4ab98
RIP=000000001f0acc1e RFL=00000293 [--S-A-C] CPL=0 II=0 A20=1 SMM=0 HLT=0
ES =0030 0000000000000000 ffffffff 00cf9300 DPL=0 DS   [-WA]
CS =0038 0000000000000000 ffffffff 00af9a00 DPL=0 CS64 [-R-]
SS =0030 0000000000000000 ffffffff 00cf9300 DPL=0 DS   [-WA]
DS =0030 0000000000000000 ffffffff 00cf9300 DPL=0 DS   [-WA]
FS =0030 0000000000000000 ffffffff 00cf9300 DPL=0 DS   [-WA]
GS =0030 0000000000000000 ffffffff 00cf9300 DPL=0 DS   [-WA]
LDT=0000 0000000000000000 0000ffff 00008200 DPL=0 LDT
TR =0048 000000001f5db058 00000067 00008900 DPL=0 TSS64-avl
GDT=     000000001f5db000 00000057
IDT=     000000001f090018 00000fff
CR0=80000033 CR2=0000000000000000 CR3=000000001f801000 CR4=00000668
DR0=0000000000000000 DR1=0000000000000000 DR2=0000000000000000 DR3=0000000000000000 
DR6=00000000ffff0ff0 DR7=0000000000000400
CCS=0000000000000091 CCD=fffffffffffffff2 CCO=EFLAGS
EFER=0000000000000d00
Servicing hardware INT=0x20
    74: v=20 e=0000 i=0 cpl=0 IP=0038:000000001f0acc1e pc=000000001f0acc1e SP=0030:000000001fe8e290 env->regs[R_EAX]=0000000000000010
RAX=0000000000000010 RBX=000000001fe8e3c4 RCX=0000000000000010 RDX=0000000000000000
RSI=0000000000000008 RDI=0000000000000007 RBP=000000001fe8e310 RSP=000000001fe8e290
R8 =0000000000000021 R9 =000000001ec74807 R10=0000000000000008 R11=000000001ec6db44
R12=000000d1e7400000 R13=0000000000000007 R14=000fffffc0000000 R15=000000001fb4b9c8
RIP=000000001f0acc1e RFL=00000293 [--S-A-C] CPL=0 II=0 A20=1 SMM=0 HLT=0
ES =0030 0000000000000000 ffffffff 00cf9300 DPL=0 DS   [-WA]
CS =0038 0000000000000000 ffffffff 00af9a00 DPL=0 CS64 [-R-]
SS =0030 0000000000000000 ffffffff 00cf9300 DPL=0 DS   [-WA]
DS =0030 0000000000000000 ffffffff 00cf9300 DPL=0 DS   [-WA]
FS =0030 0000000000000000 ffffffff 00cf9300 DPL=0 DS   [-WA]
GS =0030 0000000000000000 ffffffff 00cf9300 DPL=0 DS   [-WA]
LDT=0000 0000000000000000 0000ffff 00008200 DPL=0 LDT
TR =0048 000000001f5db058 00000067 00008900 DPL=0 TSS64-avl
GDT=     000000001f5db000 00000057
IDT=     000000001f090018 00000fff
CR0=80000033 CR2=0000000000000000 CR3=000000001f801000 CR4=00000668
DR0=0000000000000000 DR1=0000000000000000 DR2=0000000000000000 DR3=0000000000000000 
DR6=00000000ffff0ff0 DR7=0000000000000400
CCS=0000000000000091 CCD=fffffffffffffff2 CCO=EFLAGS
EFER=0000000000000d00
Servicing hardware INT=0x20
    75: v=20 e=0000 i=0 cpl=0 IP=0038:000000001fe9e3a2 pc=000000001fe9e3a2 SP=0030:000000001fe8e288 env->regs[R_EAX]=000000001fe9e3a2
RAX=000000001fe9e3a2 RBX=000000001f4e7c08 RCX=0000000000000010 RDX=000000001f0b2398
RSI=000000001f4e7aa8 RDI=0000000000000000 RBP=000000001fe8e310 RSP=000000001fe8e288
R8 =0000000000000021 R9 =000000001ec74807 R10=0000000000000008 R11=000000001ec6db44
R12=0000000000000160 R13=0000000000000005 R14=000fffffc0000000 R15=000000001fb4c3c0
RIP=000000001fe9e3a2 RFL=00000206 [-----P-] CPL=0 II=0 A20=1 SMM=0 HLT=0
ES =0030 0000000000000000 ffffffff 00cf9300 DPL=0 DS   [-WA]
CS =0038 0000000000000000 ffffffff 00af9a00 DPL=0 CS64 [-R-]
SS =0030 0000000000000000 ffffffff 00cf9300 DPL=0 DS   [-WA]
DS =0030 0000000000000000 ffffffff 00cf9300 DPL=0 DS   [-WA]
FS =0030 0000000000000000 ffffffff 00cf9300 DPL=0 DS   [-WA]
GS =0030 0000000000000000 ffffffff 00cf9300 DPL=0 DS   [-WA]
LDT=0000 0000000000000000 0000ffff 00008200 DPL=0 LDT
TR =0048 000000001f5db058 00000067 00008900 DPL=0 TSS64-avl
GDT=     000000001f5db000 00000057
IDT=     000000001f090018 00000fff
CR0=80000033 CR2=0000000000000000 CR3=000000001f801000 CR4=00000668
DR0=0000000000000000 DR1=0000000000000000 DR2=0000000000000000 DR3=0000000000000000 
DR6=00000000ffff0ff0 DR7=0000000000000400
CCS=0000000000000004 CCD=000000001fe8e290 CCO=EFLAGS
EFER=0000000000000d00
Servicing hardware INT=0x20
    76: v=20 e=0000 i=0 cpl=0 IP=0038:000000001fe9e3a2 pc=000000001fe9e3a2 SP=0030:000000001fe8e288 env->regs[R_EAX]=000000001fe9e3a2
RAX=000000001fe9e3a2 RBX=000000001f4e7c08 RCX=0000000000000010 RDX=000000001f0b2398
RSI=000000001f4e7aa8 RDI=0000000000000000 RBP=000000001fe8e310 RSP=000000001fe8e288
R8 =0000000000000021 R9 =000000001ec74807 R10=0000000000000008 R11=000000001ec6db44
R12=0000000000000160 R13=0000000000000005 R14=000fffffc0000000 R15=000000001fb4d2a8
RIP=000000001fe9e3a2 RFL=00000206 [-----P-] CPL=0 II=0 A20=1 SMM=0 HLT=0
ES =0030 0000000000000000 ffffffff 00cf9300 DPL=0 DS   [-WA]
CS =0038 0000000000000000 ffffffff 00af9a00 DPL=0 CS64 [-R-]
SS =0030 0000000000000000 ffffffff 00cf9300 DPL=0 DS   [-WA]
DS =0030 0000000000000000 ffffffff 00cf9300 DPL=0 DS   [-WA]
FS =0030 0000000000000000 ffffffff 00cf9300 DPL=0 DS   [-WA]
GS =0030 0000000000000000 ffffffff 00cf9300 DPL=0 DS   [-WA]
LDT=0000 0000000000000000 0000ffff 00008200 DPL=0 LDT
TR =0048 000000001f5db058 00000067 00008900 DPL=0 TSS64-avl
GDT=     000000001f5db000 00000057
IDT=     000000001f090018 00000fff
CR0=80000033 CR2=0000000000000000 CR3=000000001f801000 CR4=00000668
DR0=0000000000000000 DR1=0000000000000000 DR2=0000000000000000 DR3=0000000000000000 
DR6=00000000ffff0ff0 DR7=0000000000000400
CCS=0000000000000004 CCD=000000001fe8e290 CCO=EFLAGS
EFER=0000000000000d00
Servicing hardware INT=0x20
    77: v=20 e=0000 i=0 cpl=0 IP=0038:000000001f0acc1e pc=000000001f0acc1e SP=0030:000000001fe8e290 env->regs[R_EAX]=0000000000000010
RAX=0000000000000010 RBX=000000001fe8e3c4 RCX=0000000000000010 RDX=000000001fe8e3c4
RSI=0000000000000008 RDI=0000000000000005 RBP=000000001fe8e310 RSP=000000001fe8e290
R8 =0000000000000021 R9 =000000001ec74807 R10=0000000000000008 R11=000000001ec6db44
R12=000000d266400000 R13=0000000000000005 R14=000fffffc0000000 R15=000000001fb4d988
RIP=000000001f0acc1e RFL=00000293 [--S-A-C] CPL=0 II=0 A20=1 SMM=0 HLT=0
ES =0030 0000000000000000 ffffffff 00cf9300 DPL=0 DS   [-WA]
CS =0038 0000000000000000 ffffffff 00af9a00 DPL=0 CS64 [-R-]
SS =0030 0000000000000000 ffffffff 00cf9300 DPL=0 DS   [-WA]
DS =0030 0000000000000000 ffffffff 00cf9300 DPL=0 DS   [-WA]
FS =0030 0000000000000000 ffffffff 00cf9300 DPL=0 DS   [-WA]
GS =0030 0000000000000000 ffffffff 00cf9300 DPL=0 DS   [-WA]
LDT=0000 0000000000000000 0000ffff 00008200 DPL=0 LDT
TR =0048 000000001f5db058 00000067 00008900 DPL=0 TSS64-avl
GDT=     000000001f5db000 00000057
IDT=     000000001f090018 00000fff
CR0=80000033 CR2=0000000000000000 CR3=000000001f801000 CR4=00000668
DR0=0000000000000000 DR1=0000000000000000 DR2=0000000000000000 DR3=0000000000000000 
DR6=00000000ffff0ff0 DR7=0000000000000400
CCS=0000000000000091 CCD=fffffffffffffff2 CCO=EFLAGS
EFER=0000000000000d00
Servicing hardware INT=0x20
    78: v=20 e=0000 i=0 cpl=0 IP=0038:000000001fe9e3a2 pc=000000001fe9e3a2 SP=0030:000000001fe8e288 env->regs[R_EAX]=000000001fe9e3a2
RAX=000000001fe9e3a2 RBX=000000001f4e7c08 RCX=0000000000000010 RDX=000000001f0b2398
RSI=000000001f4e7aa8 RDI=0000000000000000 RBP=000000001fe8e310 RSP=000000001fe8e288
R8 =0000000000000021 R9 =000000001ec74807 R10=0000000000000008 R11=000000001ec6db44
R12=0000000000000160 R13=0000000000000005 R14=000fffffc0000000 R15=000000001fb4e770
RIP=000000001fe9e3a2 RFL=00000206 [-----P-] CPL=0 II=0 A20=1 SMM=0 HLT=0
ES =0030 0000000000000000 ffffffff 00cf9300 DPL=0 DS   [-WA]
CS =0038 0000000000000000 ffffffff 00af9a00 DPL=0 CS64 [-R-]
SS =0030 0000000000000000 ffffffff 00cf9300 DPL=0 DS   [-WA]
DS =0030 0000000000000000 ffffffff 00cf9300 DPL=0 DS   [-WA]
FS =0030 0000000000000000 ffffffff 00cf9300 DPL=0 DS   [-WA]
GS =0030 0000000000000000 ffffffff 00cf9300 DPL=0 DS   [-WA]
LDT=0000 0000000000000000 0000ffff 00008200 DPL=0 LDT
TR =0048 000000001f5db058 00000067 00008900 DPL=0 TSS64-avl
GDT=     000000001f5db000 00000057
IDT=     000000001f090018 00000fff
CR0=80000033 CR2=0000000000000000 CR3=000000001f801000 CR4=00000668
DR0=0000000000000000 DR1=0000000000000000 DR2=0000000000000000 DR3=0000000000000000 
DR6=00000000ffff0ff0 DR7=0000000000000400
CCS=0000000000000004 CCD=000000001fe8e290 CCO=EFLAGS
EFER=0000000000000d00
Servicing hardware INT=0x20
    79: v=20 e=0000 i=0 cpl=0 IP=0038:000000001f0ac4ca pc=000000001f0ac4ca SP=0030:000000001fe8e2a8 env->regs[R_EAX]=0000000000000020
RAX=0000000000000020 RBX=000000001fe8e3c4 RCX=0000000000000010 RDX=000000001fe8e3c4
RSI=0000000000000005 RDI=0000000000000001 RBP=000000001fe8e310 RSP=000000001fe8e2a8
R8 =0000000000000021 R9 =000000001ec74807 R10=0000000000000008 R11=000000001ec6db44
R12=000000d2e2e00000 R13=0000000000000005 R14=000fffffc0000000 R15=000000001fb4f8b0
RIP=000000001f0ac4ca RFL=00000287 [--S--PC] CPL=0 II=0 A20=1 SMM=0 HLT=0
ES =0030 0000000000000000 ffffffff 00cf9300 DPL=0 DS   [-WA]
CS =0038 0000000000000000 ffffffff 00af9a00 DPL=0 CS64 [-R-]
SS =0030 0000000000000000 ffffffff 00cf9300 DPL=0 DS   [-WA]
DS =0030 0000000000000000 ffffffff 00cf9300 DPL=0 DS   [-WA]
FS =0030 0000000000000000 ffffffff 00cf9300 DPL=0 DS   [-WA]
GS =0030 0000000000000000 ffffffff 00cf9300 DPL=0 DS   [-WA]
LDT=0000 0000000000000000 0000ffff 00008200 DPL=0 LDT
TR =0048 000000001f5db058 00000067 00008900 DPL=0 TSS64-avl
GDT=     000000001f5db000 00000057
IDT=     000000001f090018 00000fff
CR0=80000033 CR2=0000000000000000 CR3=000000001f801000 CR4=00000668
DR0=0000000000000000 DR1=0000000000000000 DR2=0000000000000000 DR3=0000000000000000 
DR6=00000000ffff0ff0 DR7=0000000000000400
CCS=0000000000000085 CCD=ffffffffffffffe4 CCO=EFLAGS
EFER=0000000000000d00
Servicing hardware INT=0x20
    80: v=20 e=0000 i=0 cpl=0 IP=0038:000000001f0acc1e pc=000000001f0acc1e SP=0030:000000001fe8e290 env->regs[R_EAX]=0000000000000010
RAX=0000000000000010 RBX=000000001fe8e3c4 RCX=0000000000000010 RDX=0000000000000000
RSI=0000000000000008 RDI=0000000000000007 RBP=000000001fe8e310 RSP=000000001fe8e290
R8 =0000000000000021 R9 =000000001ec74807 R10=0000000000000008 R11=000000001ec6db44
R12=000000d30b600000 R13=0000000000000007 R14=000fffffc0000000 R15=000000001fb502d0
RIP=000000001f0acc1e RFL=00000293 [--S-A-C] CPL=0 II=0 A20=1 SMM=0 HLT=0
ES =0030 0000000000000000 ffffffff 00cf9300 DPL=0 DS   [-WA]
CS =0038 0000000000000000 ffffffff 00af9a00 DPL=0 CS64 [-R-]
SS =0030 0000000000000000 ffffffff 00cf9300 DPL=0 DS   [-WA]
DS =0030 0000000000000000 ffffffff 00cf9300 DPL=0 DS   [-WA]
FS =0030 0000000000000000 ffffffff 00cf9300 DPL=0 DS   [-WA]
GS =0030 0000000000000000 ffffffff 00cf9300 DPL=0 DS   [-WA]
LDT=0000 0000000000000000 0000ffff 00008200 DPL=0 LDT
TR =0048 000000001f5db058 00000067 00008900 DPL=0 TSS64-avl
GDT=     000000001f5db000 00000057
IDT=     000000001f090018 00000fff
CR0=80000033 CR2=0000000000000000 CR3=000000001f801000 CR4=00000668
DR0=0000000000000000 DR1=0000000000000000 DR2=0000000000000000 DR3=0000000000000000 
DR6=00000000ffff0ff0 DR7=0000000000000400
CCS=0000000000000091 CCD=fffffffffffffff2 CCO=EFLAGS
EFER=0000000000000d00
Servicing hardware INT=0x20
    81: v=20 e=0000 i=0 cpl=0 IP=0038:000000001f0acc1e pc=000000001f0acc1e SP=0030:000000001fe8e290 env->regs[R_EAX]=0000000000000010
RAX=0000000000000010 RBX=000000001fe8e3c4 RCX=0000000000000010 RDX=000000001fe8e3c4
RSI=0000000000000008 RDI=0000000000000005 RBP=000000001fe8e310 RSP=000000001fe8e290
R8 =0000000000000021 R9 =000000001ec74807 R10=0000000000000008 R11=000000001ec6db44
R12=000000d342a00000 R13=0000000000000005 R14=000fffffc0000000 R15=000000001fb510a0
RIP=000000001f0acc1e RFL=00000293 [--S-A-C] CPL=0 II=0 A20=1 SMM=0 HLT=0
ES =0030 0000000000000000 ffffffff 00cf9300 DPL=0 DS   [-WA]
CS =0038 0000000000000000 ffffffff 00af9a00 DPL=0 CS64 [-R-]
SS =0030 0000000000000000 ffffffff 00cf9300 DPL=0 DS   [-WA]
DS =0030 0000000000000000 ffffffff 00cf9300 DPL=0 DS   [-WA]
FS =0030 0000000000000000 ffffffff 00cf9300 DPL=0 DS   [-WA]
GS =0030 0000000000000000 ffffffff 00cf9300 DPL=0 DS   [-WA]
LDT=0000 0000000000000000 0000ffff 00008200 DPL=0 LDT
TR =0048 000000001f5db058 00000067 00008900 DPL=0 TSS64-avl
GDT=     000000001f5db000 00000057
IDT=     000000001f090018 00000fff
CR0=80000033 CR2=0000000000000000 CR3=000000001f801000 CR4=00000668
DR0=0000000000000000 DR1=0000000000000000 DR2=0000000000000000 DR3=0000000000000000 
DR6=00000000ffff0ff0 DR7=0000000000000400
CCS=0000000000000091 CCD=fffffffffffffff2 CCO=EFLAGS
EFER=0000000000000d00
Servicing hardware INT=0x20
    82: v=20 e=0000 i=0 cpl=0 IP=0038:000000001f0acc1e pc=000000001f0acc1e SP=0030:000000001fe8e290 env->regs[R_EAX]=0000000000000010
RAX=0000000000000010 RBX=000000001fe8e3c4 RCX=0000000000000010 RDX=0000000000000000
RSI=0000000000000008 RDI=0000000000000007 RBP=000000001fe8e310 RSP=000000001fe8e290
R8 =0000000000000021 R9 =000000001ec74807 R10=0000000000000008 R11=000000001ec6db44
R12=000000d385800000 R13=0000000000000007 R14=000fffffc0000000 R15=000000001fb52158
RIP=000000001f0acc1e RFL=00000293 [--S-A-C] CPL=0 II=0 A20=1 SMM=0 HLT=0
ES =0030 0000000000000000 ffffffff 00cf9300 DPL=0 DS   [-WA]
CS =0038 0000000000000000 ffffffff 00af9a00 DPL=0 CS64 [-R-]
SS =0030 0000000000000000 ffffffff 00cf9300 DPL=0 DS   [-WA]
DS =0030 0000000000000000 ffffffff 00cf9300 DPL=0 DS   [-WA]
FS =0030 0000000000000000 ffffffff 00cf9300 DPL=0 DS   [-WA]
GS =0030 0000000000000000 ffffffff 00cf9300 DPL=0 DS   [-WA]
LDT=0000 0000000000000000 0000ffff 00008200 DPL=0 LDT
TR =0048 000000001f5db058 00000067 00008900 DPL=0 TSS64-avl
GDT=     000000001f5db000 00000057
IDT=     000000001f090018 00000fff
CR0=80000033 CR2=0000000000000000 CR3=000000001f801000 CR4=00000668
DR0=0000000000000000 DR1=0000000000000000 DR2=0000000000000000 DR3=0000000000000000 
DR6=00000000ffff0ff0 DR7=0000000000000400
CCS=0000000000000091 CCD=fffffffffffffff2 CCO=EFLAGS
EFER=0000000000000d00
Servicing hardware INT=0x20
    83: v=20 e=0000 i=0 cpl=0 IP=0038:000000001ec5e266 pc=000000001ec5e266 SP=0030:000000001fe8e1c8 env->regs[R_EAX]=000000001ec6dec0
RAX=000000001ec6dec0 RBX=0000000000000010 RCX=000000001ec6dec0 RDX=000000001f0b2398
RSI=000000001f4e7aa8 RDI=0000000000000001 RBP=000000001fe8e200 RSP=000000001fe8e1c8
R8 =0000000000000021 R9 =000000001ec74807 R10=0000000000000008 R11=000000001ec6db44
R12=0000000000000168 R13=0000000000000007 R14=000fffffc0000000 R15=000000001feb2ac0
RIP=000000001ec5e266 RFL=00000202 [-------] CPL=0 II=0 A20=1 SMM=0 HLT=0
ES =0030 0000000000000000 ffffffff 00cf9300 DPL=0 DS   [-WA]
CS =0038 0000000000000000 ffffffff 00af9a00 DPL=0 CS64 [-R-]
SS =0030 0000000000000000 ffffffff 00cf9300 DPL=0 DS   [-WA]
DS =0030 0000000000000000 ffffffff 00cf9300 DPL=0 DS   [-WA]
FS =0030 0000000000000000 ffffffff 00cf9300 DPL=0 DS   [-WA]
GS =0030 0000000000000000 ffffffff 00cf9300 DPL=0 DS   [-WA]
LDT=0000 0000000000000000 0000ffff 00008200 DPL=0 LDT
TR =0048 000000001f5db058 00000067 00008900 DPL=0 TSS64-avl
GDT=     000000001f5db000 00000057
IDT=     000000001f090018 00000fff
CR0=80000033 CR2=0000000000000000 CR3=000000001f801000 CR4=00000668
DR0=0000000000000000 DR1=0000000000000000 DR2=0000000000000000 DR3=0000000000000000 
DR6=00000000ffff0ff0 DR7=0000000000000400
CCS=0000000000000000 CCD=000000001fe8e1d0 CCO=EFLAGS
EFER=0000000000000d00
Servicing hardware INT=0x20
    84: v=20 e=0000 i=0 cpl=0 IP=0038:000000001f0ace62 pc=000000001f0ace62 SP=0030:000000001fe8e320 env->regs[R_EAX]=000000001f4e7c10
RAX=000000001f4e7c10 RBX=000000001fe8e3c4 RCX=000000001ec6dec0 RDX=000000001f0b2398
RSI=000000001f4e7aa8 RDI=0000000000000000 RBP=000000001fe8e330 RSP=000000001fe8e320
R8 =0000000000000021 R9 =000000001ec74807 R10=0000000000000008 R11=000000001ec6db44
R12=000000d3e4e00000 R13=000000001fe8e3c8 R14=000fffffc0000000 R15=000000001fb53930
RIP=000000001f0ace62 RFL=00000206 [-----P-] CPL=0 II=0 A20=1 SMM=0 HLT=0
ES =0030 0000000000000000 ffffffff 00cf9300 DPL=0 DS   [-WA]
CS =0038 0000000000000000 ffffffff 00af9a00 DPL=0 CS64 [-R-]
SS =0030 0000000000000000 ffffffff 00cf9300 DPL=0 DS   [-WA]
DS =0030 0000000000000000 ffffffff 00cf9300 DPL=0 DS   [-WA]
FS =0030 0000000000000000 ffffffff 00cf9300 DPL=0 DS   [-WA]
GS =0030 0000000000000000 ffffffff 00cf9300 DPL=0 DS   [-WA]
LDT=0000 0000000000000000 0000ffff 00008200 DPL=0 LDT
TR =0048 000000001f5db058 00000067 00008900 DPL=0 TSS64-avl
GDT=     000000001f5db000 00000057
IDT=     000000001f090018 00000fff
CR0=80000033 CR2=0000000000000000 CR3=000000001f801000 CR4=00000668
DR0=0000000000000000 DR1=0000000000000000 DR2=0000000000000000 DR3=0000000000000000 
DR6=00000000ffff0ff0 DR7=0000000000000400
CCS=0000000000000004 CCD=000000001fe8e248 CCO=EFLAGS
EFER=0000000000000d00
Servicing hardware INT=0x20
    85: v=20 e=0000 i=0 cpl=0 IP=0038:000000001f0acc1e pc=000000001f0acc1e SP=0030:000000001fe8e290 env->regs[R_EAX]=0000000000000010
RAX=0000000000000010 RBX=000000001fe8e3c4 RCX=0000000000000010 RDX=000000001fe8e3c4
RSI=0000000000000008 RDI=0000000000000005 RBP=000000001fe8e310 RSP=000000001fe8e290
R8 =0000000000000021 R9 =000000001ec74807 R10=0000000000000008 R11=000000001ec6db44
R12=000000d41b000000 R13=0000000000000005 R14=000fffffc0000000 R15=000000001fb546b8
RIP=000000001f0acc1e RFL=00000293 [--S-A-C] CPL=0 II=0 A20=1 SMM=0 HLT=0
ES =0030 0000000000000000 ffffffff 00cf9300 DPL=0 DS   [-WA]
CS =0038 0000000000000000 ffffffff 00af9a00 DPL=0 CS64 [-R-]
SS =0030 0000000000000000 ffffffff 00cf9300 DPL=0 DS   [-WA]
DS =0030 0000000000000000 ffffffff 00cf9300 DPL=0 DS   [-WA]
FS =0030 0000000000000000 ffffffff 00cf9300 DPL=0 DS   [-WA]
GS =0030 0000000000000000 ffffffff 00cf9300 DPL=0 DS   [-WA]
LDT=0000 0000000000000000 0000ffff 00008200 DPL=0 LDT
TR =0048 000000001f5db058 00000067 00008900 DPL=0 TSS64-avl
GDT=     000000001f5db000 00000057
IDT=     000000001f090018 00000fff
CR0=80000033 CR2=0000000000000000 CR3=000000001f801000 CR4=00000668
DR0=0000000000000000 DR1=0000000000000000 DR2=0000000000000000 DR3=0000000000000000 
DR6=00000000ffff0ff0 DR7=0000000000000400
CCS=0000000000000091 CCD=fffffffffffffff2 CCO=EFLAGS
EFER=0000000000000d00
Servicing hardware INT=0x20
    86: v=20 e=0000 i=0 cpl=0 IP=0038:000000001fe99a46 pc=000000001fe99a46 SP=0030:000000001fe8e208 env->regs[R_EAX]=0000000000000000
RAX=0000000000000000 RBX=0000000000000010 RCX=0000000000000010 RDX=000000001f0b2398
RSI=000000001f4e7aa8 RDI=0000000000000001 RBP=000000001fe8e280 RSP=000000001fe8e208
R8 =0000000000000021 R9 =000000001ec74807 R10=0000000000000008 R11=000000001ec6db44
R12=0000000000000168 R13=0000000000000007 R14=000fffffc0000000 R15=000000001feb2ac0
RIP=000000001fe99a46 RFL=00000293 [--S-A-C] CPL=0 II=0 A20=1 SMM=0 HLT=0
ES =0030 0000000000000000 ffffffff 00cf9300 DPL=0 DS   [-WA]
CS =0038 0000000000000000 ffffffff 00af9a00 DPL=0 CS64 [-R-]
SS =0030 0000000000000000 ffffffff 00cf9300 DPL=0 DS   [-WA]
DS =0030 0000000000000000 ffffffff 00cf9300 DPL=0 DS   [-WA]
FS =0030 0000000000000000 ffffffff 00cf9300 DPL=0 DS   [-WA]
GS =0030 0000000000000000 ffffffff 00cf9300 DPL=0 DS   [-WA]
LDT=0000 0000000000000000 0000ffff 00008200 DPL=0 LDT
TR =0048 000000001f5db058 00000067 00008900 DPL=0 TSS64-avl
GDT=     000000001f5db000 00000057
IDT=     000000001f090018 00000fff
CR0=80000033 CR2=0000000000000000 CR3=000000001f801000 CR4=00000668
DR0=0000000000000000 DR1=0000000000000000 DR2=0000000000000000 DR3=0000000000000000 
DR6=00000000ffff0ff0 DR7=0000000000000400
CCS=0000000000000091 CCD=fffffffffffffff2 CCO=EFLAGS
EFER=0000000000000d00
Servicing hardware INT=0x20
    87: v=20 e=0000 i=0 cpl=0 IP=0038:000000001f0acc1e pc=000000001f0acc1e SP=0030:000000001fe8e290 env->regs[R_EAX]=0000000000000010
RAX=0000000000000010 RBX=000000001fe8e3c4 RCX=0000000000000010 RDX=000000001fe8e3c4
RSI=0000000000000008 RDI=0000000000000005 RBP=000000001fe8e310 RSP=000000001fe8e290
R8 =0000000000000021 R9 =000000001ec74807 R10=0000000000000008 R11=000000001ec6db44
R12=000000d487800000 R13=0000000000000005 R14=000fffffc0000000 R15=000000001fb561d8
RIP=000000001f0acc1e RFL=00000293 [--S-A-C] CPL=0 II=0 A20=1 SMM=0 HLT=0
ES =0030 0000000000000000 ffffffff 00cf9300 DPL=0 DS   [-WA]
CS =0038 0000000000000000 ffffffff 00af9a00 DPL=0 CS64 [-R-]
SS =0030 0000000000000000 ffffffff 00cf9300 DPL=0 DS   [-WA]
DS =0030 0000000000000000 ffffffff 00cf9300 DPL=0 DS   [-WA]
FS =0030 0000000000000000 ffffffff 00cf9300 DPL=0 DS   [-WA]
GS =0030 0000000000000000 ffffffff 00cf9300 DPL=0 DS   [-WA]
LDT=0000 0000000000000000 0000ffff 00008200 DPL=0 LDT
TR =0048 000000001f5db058 00000067 00008900 DPL=0 TSS64-avl
GDT=     000000001f5db000 00000057
IDT=     000000001f090018 00000fff
CR0=80000033 CR2=0000000000000000 CR3=000000001f801000 CR4=00000668
DR0=0000000000000000 DR1=0000000000000000 DR2=0000000000000000 DR3=0000000000000000 
DR6=00000000ffff0ff0 DR7=0000000000000400
CCS=0000000000000091 CCD=fffffffffffffff2 CCO=EFLAGS
EFER=0000000000000d00
Servicing hardware INT=0x20
    88: v=20 e=0000 i=0 cpl=0 IP=0038:000000001ec5e266 pc=000000001ec5e266 SP=0030:000000001fe8e1c8 env->regs[R_EAX]=000000001ec6dec0
RAX=000000001ec6dec0 RBX=0000000000000010 RCX=000000001ec6dec0 RDX=000000001f0b2398
RSI=000000001f4e7aa8 RDI=0000000000000001 RBP=000000001fe8e200 RSP=000000001fe8e1c8
R8 =0000000000000021 R9 =000000001ec74807 R10=0000000000000008 R11=000000001ec6db44
R12=0000000000000160 R13=0000000000000005 R14=000fffffc0000000 R15=000000001feb2ac0
RIP=000000001ec5e266 RFL=00000202 [-------] CPL=0 II=0 A20=1 SMM=0 HLT=0
ES =0030 0000000000000000 ffffffff 00cf9300 DPL=0 DS   [-WA]
CS =0038 0000000000000000 ffffffff 00af9a00 DPL=0 CS64 [-R-]
SS =0030 0000000000000000 ffffffff 00cf9300 DPL=0 DS   [-WA]
DS =0030 0000000000000000 ffffffff 00cf9300 DPL=0 DS   [-WA]
FS =0030 0000000000000000 ffffffff 00cf9300 DPL=0 DS   [-WA]
GS =0030 0000000000000000 ffffffff 00cf9300 DPL=0 DS   [-WA]
LDT=0000 0000000000000000 0000ffff 00008200 DPL=0 LDT
TR =0048 000000001f5db058 00000067 00008900 DPL=0 TSS64-avl
GDT=     000000001f5db000 00000057
IDT=     000000001f090018 00000fff
CR0=80000033 CR2=0000000000000000 CR3=000000001f801000 CR4=00000668
DR0=0000000000000000 DR1=0000000000000000 DR2=0000000000000000 DR3=0000000000000000 
DR6=00000000ffff0ff0 DR7=0000000000000400
CCS=0000000000000000 CCD=000000001fe8e1d0 CCO=EFLAGS
EFER=0000000000000d00
Servicing hardware INT=0x20
    89: v=20 e=0000 i=0 cpl=0 IP=0038:000000001fe9e3a2 pc=000000001fe9e3a2 SP=0030:000000001fe8e288 env->regs[R_EAX]=000000001fe9e3a2
RAX=000000001fe9e3a2 RBX=000000001f4e7c10 RCX=0000000000000010 RDX=000000001f0b2398
RSI=000000001f4e7aa8 RDI=0000000000000000 RBP=000000001fe8e310 RSP=000000001fe8e288
R8 =0000000000000021 R9 =000000001ec74807 R10=0000000000000008 R11=000000001ec6db44
R12=0000000000000168 R13=0000000000000007 R14=000fffffc0000000 R15=000000001fb57790
RIP=000000001fe9e3a2 RFL=00000206 [-----P-] CPL=0 II=0 A20=1 SMM=0 HLT=0
ES =0030 0000000000000000 ffffffff 00cf9300 DPL=0 DS   [-WA]
CS =0038 0000000000000000 ffffffff 00af9a00 DPL=0 CS64 [-R-]
SS =0030 0000000000000000 ffffffff 00cf9300 DPL=0 DS   [-WA]
DS =0030 0000000000000000 ffffffff 00cf9300 DPL=0 DS   [-WA]
FS =0030 0000000000000000 ffffffff 00cf9300 DPL=0 DS   [-WA]
GS =0030 0000000000000000 ffffffff 00cf9300 DPL=0 DS   [-WA]
LDT=0000 0000000000000000 0000ffff 00008200 DPL=0 LDT
TR =0048 000000001f5db058 00000067 00008900 DPL=0 TSS64-avl
GDT=     000000001f5db000 00000057
IDT=     000000001f090018 00000fff
CR0=80000033 CR2=0000000000000000 CR3=000000001f801000 CR4=00000668
DR0=0000000000000000 DR1=0000000000000000 DR2=0000000000000000 DR3=0000000000000000 
DR6=00000000ffff0ff0 DR7=0000000000000400
CCS=0000000000000004 CCD=000000001fe8e290 CCO=EFLAGS
EFER=0000000000000d00
Servicing hardware INT=0x20
    90: v=20 e=0000 i=0 cpl=0 IP=0038:000000001f0acc1e pc=000000001f0acc1e SP=0030:000000001fe8e290 env->regs[R_EAX]=0000000000000010
RAX=0000000000000010 RBX=000000001fe8e3c4 RCX=0000000000000010 RDX=0000000000000000
RSI=0000000000000008 RDI=0000000000000007 RBP=000000001fe8e310 RSP=000000001fe8e290
R8 =0000000000000021 R9 =000000001ec74807 R10=0000000000000008 R11=000000001ec6db44
R12=000000d51f200000 R13=0000000000000007 R14=000fffffc0000000 R15=000000001fb587c0
RIP=000000001f0acc1e RFL=00000293 [--S-A-C] CPL=0 II=0 A20=1 SMM=0 HLT=0
ES =0030 0000000000000000 ffffffff 00cf9300 DPL=0 DS   [-WA]
CS =0038 0000000000000000 ffffffff 00af9a00 DPL=0 CS64 [-R-]
SS =0030 0000000000000000 ffffffff 00cf9300 DPL=0 DS   [-WA]
DS =0030 0000000000000000 ffffffff 00cf9300 DPL=0 DS   [-WA]
FS =0030 0000000000000000 ffffffff 00cf9300 DPL=0 DS   [-WA]
GS =0030 0000000000000000 ffffffff 00cf9300 DPL=0 DS   [-WA]
LDT=0000 0000000000000000 0000ffff 00008200 DPL=0 LDT
TR =0048 000000001f5db058 00000067 00008900 DPL=0 TSS64-avl
GDT=     000000001f5db000 00000057
IDT=     000000001f090018 00000fff
CR0=80000033 CR2=0000000000000000 CR3=000000001f801000 CR4=00000668
DR0=0000000000000000 DR1=0000000000000000 DR2=0000000000000000 DR3=0000000000000000 
DR6=00000000ffff0ff0 DR7=0000000000000400
CCS=0000000000000091 CCD=fffffffffffffff2 CCO=EFLAGS
EFER=0000000000000d00
Servicing hardware INT=0x20
    91: v=20 e=0000 i=0 cpl=0 IP=0038:000000001f0acc1e pc=000000001f0acc1e SP=0030:000000001fe8e290 env->regs[R_EAX]=0000000000000010
RAX=0000000000000010 RBX=000000001fe8e3c4 RCX=0000000000000010 RDX=0000000000000000
RSI=0000000000000008 RDI=0000000000000007 RBP=000000001fe8e310 RSP=000000001fe8e290
R8 =0000000000000021 R9 =000000001ec74807 R10=0000000000000008 R11=000000001ec6db44
R12=000000d54a600000 R13=0000000000000007 R14=000fffffc0000000 R15=000000001fb59290
RIP=000000001f0acc1e RFL=00000293 [--S-A-C] CPL=0 II=0 A20=1 SMM=0 HLT=0
ES =0030 0000000000000000 ffffffff 00cf9300 DPL=0 DS   [-WA]
CS =0038 0000000000000000 ffffffff 00af9a00 DPL=0 CS64 [-R-]
SS =0030 0000000000000000 ffffffff 00cf9300 DPL=0 DS   [-WA]
DS =0030 0000000000000000 ffffffff 00cf9300 DPL=0 DS   [-WA]
FS =0030 0000000000000000 ffffffff 00cf9300 DPL=0 DS   [-WA]
GS =0030 0000000000000000 ffffffff 00cf9300 DPL=0 DS   [-WA]
LDT=0000 0000000000000000 0000ffff 00008200 DPL=0 LDT
TR =0048 000000001f5db058 00000067 00008900 DPL=0 TSS64-avl
GDT=     000000001f5db000 00000057
IDT=     000000001f090018 00000fff
CR0=80000033 CR2=0000000000000000 CR3=000000001f801000 CR4=00000668
DR0=0000000000000000 DR1=0000000000000000 DR2=0000000000000000 DR3=0000000000000000 
DR6=00000000ffff0ff0 DR7=0000000000000400
CCS=0000000000000091 CCD=fffffffffffffff2 CCO=EFLAGS
EFER=0000000000000d00
Servicing hardware INT=0x20
    92: v=20 e=0000 i=0 cpl=0 IP=0038:000000001fe9e3a2 pc=000000001fe9e3a2 SP=0030:000000001fe8e288 env->regs[R_EAX]=000000001fe9e3a2
RAX=000000001fe9e3a2 RBX=000000001f4e7c10 RCX=0000000000000010 RDX=000000001f0b2398
RSI=000000001f4e7aa8 RDI=0000000000000000 RBP=000000001fe8e310 RSP=000000001fe8e288
R8 =0000000000000021 R9 =000000001ec74807 R10=0000000000000008 R11=000000001ec6db44
R12=0000000000000168 R13=0000000000000007 R14=000fffffc0000000 R15=000000001fb5a030
RIP=000000001fe9e3a2 RFL=00000206 [-----P-] CPL=0 II=0 A20=1 SMM=0 HLT=0
ES =0030 0000000000000000 ffffffff 00cf9300 DPL=0 DS   [-WA]
CS =0038 0000000000000000 ffffffff 00af9a00 DPL=0 CS64 [-R-]
SS =0030 0000000000000000 ffffffff 00cf9300 DPL=0 DS   [-WA]
DS =0030 0000000000000000 ffffffff 00cf9300 DPL=0 DS   [-WA]
FS =0030 0000000000000000 ffffffff 00cf9300 DPL=0 DS   [-WA]
GS =0030 0000000000000000 ffffffff 00cf9300 DPL=0 DS   [-WA]
LDT=0000 0000000000000000 0000ffff 00008200 DPL=0 LDT
TR =0048 000000001f5db058 00000067 00008900 DPL=0 TSS64-avl
GDT=     000000001f5db000 00000057
IDT=     000000001f090018 00000fff
CR0=80000033 CR2=0000000000000000 CR3=000000001f801000 CR4=00000668
DR0=0000000000000000 DR1=0000000000000000 DR2=0000000000000000 DR3=0000000000000000 
DR6=00000000ffff0ff0 DR7=0000000000000400
CCS=0000000000000004 CCD=000000001fe8e290 CCO=EFLAGS
EFER=0000000000000d00
Servicing hardware INT=0x20
    93: v=20 e=0000 i=0 cpl=0 IP=0038:000000001f0acc1e pc=000000001f0acc1e SP=0030:000000001fe8e290 env->regs[R_EAX]=0000000000000010
RAX=0000000000000010 RBX=000000001fe8e3c4 RCX=0000000000000010 RDX=0000000000000000
RSI=0000000000000008 RDI=0000000000000007 RBP=000000001fe8e310 RSP=000000001fe8e290
R8 =0000000000000021 R9 =000000001ec74807 R10=0000000000000008 R11=000000001ec6db44
R12=000000d5c2000000 R13=0000000000000007 R14=000fffffc0000000 R15=000000001fb5b078
RIP=000000001f0acc1e RFL=00000293 [--S-A-C] CPL=0 II=0 A20=1 SMM=0 HLT=0
ES =0030 0000000000000000 ffffffff 00cf9300 DPL=0 DS   [-WA]
CS =0038 0000000000000000 ffffffff 00af9a00 DPL=0 CS64 [-R-]
SS =0030 0000000000000000 ffffffff 00cf9300 DPL=0 DS   [-WA]
DS =0030 0000000000000000 ffffffff 00cf9300 DPL=0 DS   [-WA]
FS =0030 0000000000000000 ffffffff 00cf9300 DPL=0 DS   [-WA]
GS =0030 0000000000000000 ffffffff 00cf9300 DPL=0 DS   [-WA]
LDT=0000 0000000000000000 0000ffff 00008200 DPL=0 LDT
TR =0048 000000001f5db058 00000067 00008900 DPL=0 TSS64-avl
GDT=     000000001f5db000 00000057
IDT=     000000001f090018 00000fff
CR0=80000033 CR2=0000000000000000 CR3=000000001f801000 CR4=00000668
DR0=0000000000000000 DR1=0000000000000000 DR2=0000000000000000 DR3=0000000000000000 
DR6=00000000ffff0ff0 DR7=0000000000000400
CCS=0000000000000091 CCD=fffffffffffffff2 CCO=EFLAGS
EFER=0000000000000d00
Servicing hardware INT=0x20
    94: v=20 e=0000 i=0 cpl=0 IP=0038:000000001fe9e3a2 pc=000000001fe9e3a2 SP=0030:000000001fe8e288 env->regs[R_EAX]=000000001fe9e3a2
RAX=000000001fe9e3a2 RBX=000000001f4e7c08 RCX=0000000000000010 RDX=000000001f0b2398
RSI=000000001f4e7aa8 RDI=0000000000000000 RBP=000000001fe8e310 RSP=000000001fe8e288
R8 =0000000000000021 R9 =000000001ec74807 R10=0000000000000008 R11=000000001ec6db44
R12=0000000000000160 R13=0000000000000005 R14=000fffffc0000000 R15=000000001fb5ba78
RIP=000000001fe9e3a2 RFL=00000206 [-----P-] CPL=0 II=0 A20=1 SMM=0 HLT=0
ES =0030 0000000000000000 ffffffff 00cf9300 DPL=0 DS   [-WA]
CS =0038 0000000000000000 ffffffff 00af9a00 DPL=0 CS64 [-R-]
SS =0030 0000000000000000 ffffffff 00cf9300 DPL=0 DS   [-WA]
DS =0030 0000000000000000 ffffffff 00cf9300 DPL=0 DS   [-WA]
FS =0030 0000000000000000 ffffffff 00cf9300 DPL=0 DS   [-WA]
GS =0030 0000000000000000 ffffffff 00cf9300 DPL=0 DS   [-WA]
LDT=0000 0000000000000000 0000ffff 00008200 DPL=0 LDT
TR =0048 000000001f5db058 00000067 00008900 DPL=0 TSS64-avl
GDT=     000000001f5db000 00000057
IDT=     000000001f090018 00000fff
CR0=80000033 CR2=0000000000000000 CR3=000000001f801000 CR4=00000668
DR0=0000000000000000 DR1=0000000000000000 DR2=0000000000000000 DR3=0000000000000000 
DR6=00000000ffff0ff0 DR7=0000000000000400
CCS=0000000000000004 CCD=000000001fe8e290 CCO=EFLAGS
EFER=0000000000000d00
Servicing hardware INT=0x20
    95: v=20 e=0000 i=0 cpl=0 IP=0038:000000001f0acc1e pc=000000001f0acc1e SP=0030:000000001fe8e290 env->regs[R_EAX]=0000000000000010
RAX=0000000000000010 RBX=000000001fe8e3c4 RCX=0000000000000010 RDX=0000000000000000
RSI=0000000000000008 RDI=0000000000000007 RBP=000000001fe8e310 RSP=000000001fe8e290
R8 =0000000000000021 R9 =000000001ec74807 R10=0000000000000008 R11=000000001ec6db44
R12=000000d61f800000 R13=0000000000000007 R14=000fffffc0000000 R15=000000001fb5c7d8
RIP=000000001f0acc1e RFL=00000293 [--S-A-C] CPL=0 II=0 A20=1 SMM=0 HLT=0
ES =0030 0000000000000000 ffffffff 00cf9300 DPL=0 DS   [-WA]
CS =0038 0000000000000000 ffffffff 00af9a00 DPL=0 CS64 [-R-]
SS =0030 0000000000000000 ffffffff 00cf9300 DPL=0 DS   [-WA]
DS =0030 0000000000000000 ffffffff 00cf9300 DPL=0 DS   [-WA]
FS =0030 0000000000000000 ffffffff 00cf9300 DPL=0 DS   [-WA]
GS =0030 0000000000000000 ffffffff 00cf9300 DPL=0 DS   [-WA]
LDT=0000 0000000000000000 0000ffff 00008200 DPL=0 LDT
TR =0048 000000001f5db058 00000067 00008900 DPL=0 TSS64-avl
GDT=     000000001f5db000 00000057
IDT=     000000001f090018 00000fff
CR0=80000033 CR2=0000000000000000 CR3=000000001f801000 CR4=00000668
DR0=0000000000000000 DR1=0000000000000000 DR2=0000000000000000 DR3=0000000000000000 
DR6=00000000ffff0ff0 DR7=0000000000000400
CCS=0000000000000091 CCD=fffffffffffffff2 CCO=EFLAGS
EFER=0000000000000d00
Servicing hardware INT=0x20
    96: v=20 e=0000 i=0 cpl=0 IP=0038:000000001f0acc1e pc=000000001f0acc1e SP=0030:000000001fe8e290 env->regs[R_EAX]=0000000000000010
RAX=0000000000000010 RBX=000000001fe8e3c4 RCX=0000000000000010 RDX=0000000000000000
RSI=0000000000000008 RDI=0000000000000007 RBP=000000001fe8e310 RSP=000000001fe8e290
R8 =0000000000000021 R9 =000000001ec74807 R10=0000000000000008 R11=000000001ec6db44
R12=000000d671000000 R13=0000000000000007 R14=000fffffc0000000 R15=000000001fb5dc38
RIP=000000001f0acc1e RFL=00000293 [--S-A-C] CPL=0 II=0 A20=1 SMM=0 HLT=0
ES =0030 0000000000000000 ffffffff 00cf9300 DPL=0 DS   [-WA]
CS =0038 0000000000000000 ffffffff 00af9a00 DPL=0 CS64 [-R-]
SS =0030 0000000000000000 ffffffff 00cf9300 DPL=0 DS   [-WA]
DS =0030 0000000000000000 ffffffff 00cf9300 DPL=0 DS   [-WA]
FS =0030 0000000000000000 ffffffff 00cf9300 DPL=0 DS   [-WA]
GS =0030 0000000000000000 ffffffff 00cf9300 DPL=0 DS   [-WA]
LDT=0000 0000000000000000 0000ffff 00008200 DPL=0 LDT
TR =0048 000000001f5db058 00000067 00008900 DPL=0 TSS64-avl
GDT=     000000001f5db000 00000057
IDT=     000000001f090018 00000fff
CR0=80000033 CR2=0000000000000000 CR3=000000001f801000 CR4=00000668
DR0=0000000000000000 DR1=0000000000000000 DR2=0000000000000000 DR3=0000000000000000 
DR6=00000000ffff0ff0 DR7=0000000000000400
CCS=0000000000000091 CCD=fffffffffffffff2 CCO=EFLAGS
EFER=0000000000000d00
Servicing hardware INT=0x20
    97: v=20 e=0000 i=0 cpl=0 IP=0038:000000001f0acc1e pc=000000001f0acc1e SP=0030:000000001fe8e290 env->regs[R_EAX]=0000000000000010
RAX=0000000000000010 RBX=000000001fe8e3c4 RCX=0000000000000010 RDX=000000001fe8e3c4
RSI=0000000000000008 RDI=0000000000000005 RBP=000000001fe8e310 RSP=000000001fe8e290
R8 =0000000000000021 R9 =000000001ec74807 R10=0000000000000008 R11=000000001ec6db44
R12=000000d68ca00000 R13=0000000000000005 R14=000fffffc0000000 R15=000000001fb5e320
RIP=000000001f0acc1e RFL=00000293 [--S-A-C] CPL=0 II=0 A20=1 SMM=0 HLT=0
ES =0030 0000000000000000 ffffffff 00cf9300 DPL=0 DS   [-WA]
CS =0038 0000000000000000 ffffffff 00af9a00 DPL=0 CS64 [-R-]
SS =0030 0000000000000000 ffffffff 00cf9300 DPL=0 DS   [-WA]
DS =0030 0000000000000000 ffffffff 00cf9300 DPL=0 DS   [-WA]
FS =0030 0000000000000000 ffffffff 00cf9300 DPL=0 DS   [-WA]
GS =0030 0000000000000000 ffffffff 00cf9300 DPL=0 DS   [-WA]
LDT=0000 0000000000000000 0000ffff 00008200 DPL=0 LDT
TR =0048 000000001f5db058 00000067 00008900 DPL=0 TSS64-avl
GDT=     000000001f5db000 00000057
IDT=     000000001f090018 00000fff
CR0=80000033 CR2=0000000000000000 CR3=000000001f801000 CR4=00000668
DR0=0000000000000000 DR1=0000000000000000 DR2=0000000000000000 DR3=0000000000000000 
DR6=00000000ffff0ff0 DR7=0000000000000400
CCS=0000000000000091 CCD=fffffffffffffff2 CCO=EFLAGS
EFER=0000000000000d00
Servicing hardware INT=0x20
    98: v=20 e=0000 i=0 cpl=0 IP=0038:000000001f0acc1e pc=000000001f0acc1e SP=0030:000000001fe8e290 env->regs[R_EAX]=0000000000000010
RAX=0000000000000010 RBX=000000001fe8e3c4 RCX=0000000000000010 RDX=000000001fe8e3c4
RSI=0000000000000008 RDI=0000000000000005 RBP=000000001fe8e310 RSP=000000001fe8e290
R8 =0000000000000021 R9 =000000001ec74807 R10=0000000000000008 R11=000000001ec6db44
R12=000000d6af000000 R13=0000000000000005 R14=000fffffc0000000 R15=000000001fb5ebb8
RIP=000000001f0acc1e RFL=00000293 [--S-A-C] CPL=0 II=0 A20=1 SMM=0 HLT=0
ES =0030 0000000000000000 ffffffff 00cf9300 DPL=0 DS   [-WA]
CS =0038 0000000000000000 ffffffff 00af9a00 DPL=0 CS64 [-R-]
SS =0030 0000000000000000 ffffffff 00cf9300 DPL=0 DS   [-WA]
DS =0030 0000000000000000 ffffffff 00cf9300 DPL=0 DS   [-WA]
FS =0030 0000000000000000 ffffffff 00cf9300 DPL=0 DS   [-WA]
GS =0030 0000000000000000 ffffffff 00cf9300 DPL=0 DS   [-WA]
LDT=0000 0000000000000000 0000ffff 00008200 DPL=0 LDT
TR =0048 000000001f5db058 00000067 00008900 DPL=0 TSS64-avl
GDT=     000000001f5db000 00000057
IDT=     000000001f090018 00000fff
CR0=80000033 CR2=0000000000000000 CR3=000000001f801000 CR4=00000668
DR0=0000000000000000 DR1=0000000000000000 DR2=0000000000000000 DR3=0000000000000000 
DR6=00000000ffff0ff0 DR7=0000000000000400
CCS=0000000000000091 CCD=fffffffffffffff2 CCO=EFLAGS
EFER=0000000000000d00
Servicing hardware INT=0x20
    99: v=20 e=0000 i=0 cpl=0 IP=0038:000000001f0acc1e pc=000000001f0acc1e SP=0030:000000001fe8e290 env->regs[R_EAX]=0000000000000010
RAX=0000000000000010 RBX=000000001fe8e3c4 RCX=0000000000000010 RDX=000000001fe8e3c4
RSI=0000000000000008 RDI=0000000000000005 RBP=000000001fe8e310 RSP=000000001fe8e290
R8 =0000000000000021 R9 =000000001ec74807 R10=0000000000000008 R11=000000001ec6db44
R12=000000d6e2000000 R13=0000000000000005 R14=000fffffc0000000 R15=000000001fb5f878
RIP=000000001f0acc1e RFL=00000293 [--S-A-C] CPL=0 II=0 A20=1 SMM=0 HLT=0
ES =0030 0000000000000000 ffffffff 00cf9300 DPL=0 DS   [-WA]
CS =0038 0000000000000000 ffffffff 00af9a00 DPL=0 CS64 [-R-]
SS =0030 0000000000000000 ffffffff 00cf9300 DPL=0 DS   [-WA]
DS =0030 0000000000000000 ffffffff 00cf9300 DPL=0 DS   [-WA]
FS =0030 0000000000000000 ffffffff 00cf9300 DPL=0 DS   [-WA]
GS =0030 0000000000000000 ffffffff 00cf9300 DPL=0 DS   [-WA]
LDT=0000 0000000000000000 0000ffff 00008200 DPL=0 LDT
TR =0048 000000001f5db058 00000067 00008900 DPL=0 TSS64-avl
GDT=     000000001f5db000 00000057
IDT=     000000001f090018 00000fff
CR0=80000033 CR2=0000000000000000 CR3=000000001f801000 CR4=00000668
DR0=0000000000000000 DR1=0000000000000000 DR2=0000000000000000 DR3=0000000000000000 
DR6=00000000ffff0ff0 DR7=0000000000000400
CCS=0000000000000091 CCD=fffffffffffffff2 CCO=EFLAGS
EFER=0000000000000d00
Servicing hardware INT=0x20
   100: v=20 e=0000 i=0 cpl=0 IP=0038:000000001f0acc1e pc=000000001f0acc1e SP=0030:000000001fe8e290 env->regs[R_EAX]=0000000000000010
RAX=0000000000000010 RBX=000000001fe8e3c4 RCX=0000000000000010 RDX=000000001fe8e3c4
RSI=0000000000000008 RDI=0000000000000005 RBP=000000001fe8e310 RSP=000000001fe8e290
R8 =0000000000000021 R9 =000000001ec74807 R10=0000000000000008 R11=000000001ec6db44
R12=000000d712a00000 R13=0000000000000005 R14=000fffffc0000000 R15=000000001fb604a0
RIP=000000001f0acc1e RFL=00000293 [--S-A-C] CPL=0 II=0 A20=1 SMM=0 HLT=0
ES =0030 0000000000000000 ffffffff 00cf9300 DPL=0 DS   [-WA]
CS =0038 0000000000000000 ffffffff 00af9a00 DPL=0 CS64 [-R-]
SS =0030 0000000000000000 ffffffff 00cf9300 DPL=0 DS   [-WA]
DS =0030 0000000000000000 ffffffff 00cf9300 DPL=0 DS   [-WA]
FS =0030 0000000000000000 ffffffff 00cf9300 DPL=0 DS   [-WA]
GS =0030 0000000000000000 ffffffff 00cf9300 DPL=0 DS   [-WA]
LDT=0000 0000000000000000 0000ffff 00008200 DPL=0 LDT
TR =0048 000000001f5db058 00000067 00008900 DPL=0 TSS64-avl
GDT=     000000001f5db000 00000057
IDT=     000000001f090018 00000fff
CR0=80000033 CR2=0000000000000000 CR3=000000001f801000 CR4=00000668
DR0=0000000000000000 DR1=0000000000000000 DR2=0000000000000000 DR3=0000000000000000 
DR6=00000000ffff0ff0 DR7=0000000000000400
CCS=0000000000000091 CCD=fffffffffffffff2 CCO=EFLAGS
EFER=0000000000000d00
Servicing hardware INT=0x20
   101: v=20 e=0000 i=0 cpl=0 IP=0038:000000001f0acc1e pc=000000001f0acc1e SP=0030:000000001fe8e290 env->regs[R_EAX]=0000000000000010
RAX=0000000000000010 RBX=000000001fe8e3c4 RCX=0000000000000010 RDX=000000001fe8e3c4
RSI=0000000000000008 RDI=0000000000000005 RBP=000000001fe8e310 RSP=000000001fe8e290
R8 =0000000000000021 R9 =000000001ec74807 R10=0000000000000008 R11=000000001ec6db44
R12=000000d732800000 R13=0000000000000005 R14=000fffffc0000000 R15=000000001fb60c98
RIP=000000001f0acc1e RFL=00000293 [--S-A-C] CPL=0 II=0 A20=1 SMM=0 HLT=0
ES =0030 0000000000000000 ffffffff 00cf9300 DPL=0 DS   [-WA]
CS =0038 0000000000000000 ffffffff 00af9a00 DPL=0 CS64 [-R-]
SS =0030 0000000000000000 ffffffff 00cf9300 DPL=0 DS   [-WA]
DS =0030 0000000000000000 ffffffff 00cf9300 DPL=0 DS   [-WA]
FS =0030 0000000000000000 ffffffff 00cf9300 DPL=0 DS   [-WA]
GS =0030 0000000000000000 ffffffff 00cf9300 DPL=0 DS   [-WA]
LDT=0000 0000000000000000 0000ffff 00008200 DPL=0 LDT
TR =0048 000000001f5db058 00000067 00008900 DPL=0 TSS64-avl
GDT=     000000001f5db000 00000057
IDT=     000000001f090018 00000fff
CR0=80000033 CR2=0000000000000000 CR3=000000001f801000 CR4=00000668
DR0=0000000000000000 DR1=0000000000000000 DR2=0000000000000000 DR3=0000000000000000 
DR6=00000000ffff0ff0 DR7=0000000000000400
CCS=0000000000000091 CCD=fffffffffffffff2 CCO=EFLAGS
EFER=0000000000000d00
Servicing hardware INT=0x20
   102: v=20 e=0000 i=0 cpl=0 IP=0038:000000001f0acc1e pc=000000001f0acc1e SP=0030:000000001fe8e290 env->regs[R_EAX]=0000000000000010
RAX=0000000000000010 RBX=000000001fe8e3c4 RCX=0000000000000010 RDX=000000001fe8e3c4
RSI=0000000000000008 RDI=0000000000000005 RBP=000000001fe8e310 RSP=000000001fe8e290
R8 =0000000000000021 R9 =000000001ec74807 R10=0000000000000008 R11=000000001ec6db44
R12=000000d757600000 R13=0000000000000005 R14=000fffffc0000000 R15=000000001fb615d0
RIP=000000001f0acc1e RFL=00000293 [--S-A-C] CPL=0 II=0 A20=1 SMM=0 HLT=0
ES =0030 0000000000000000 ffffffff 00cf9300 DPL=0 DS   [-WA]
CS =0038 0000000000000000 ffffffff 00af9a00 DPL=0 CS64 [-R-]
SS =0030 0000000000000000 ffffffff 00cf9300 DPL=0 DS   [-WA]
DS =0030 0000000000000000 ffffffff 00cf9300 DPL=0 DS   [-WA]
FS =0030 0000000000000000 ffffffff 00cf9300 DPL=0 DS   [-WA]
GS =0030 0000000000000000 ffffffff 00cf9300 DPL=0 DS   [-WA]
LDT=0000 0000000000000000 0000ffff 00008200 DPL=0 LDT
TR =0048 000000001f5db058 00000067 00008900 DPL=0 TSS64-avl
GDT=     000000001f5db000 00000057
IDT=     000000001f090018 00000fff
CR0=80000033 CR2=0000000000000000 CR3=000000001f801000 CR4=00000668
DR0=0000000000000000 DR1=0000000000000000 DR2=0000000000000000 DR3=0000000000000000 
DR6=00000000ffff0ff0 DR7=0000000000000400
CCS=0000000000000091 CCD=fffffffffffffff2 CCO=EFLAGS
EFER=0000000000000d00
Servicing hardware INT=0x20
   103: v=20 e=0000 i=0 cpl=0 IP=0038:000000001f0acc1e pc=000000001f0acc1e SP=0030:000000001fe8e290 env->regs[R_EAX]=0000000000000010
RAX=0000000000000010 RBX=000000001fe8e3c4 RCX=0000000000000010 RDX=000000001fe8e3c4
RSI=0000000000000008 RDI=0000000000000005 RBP=000000001fe8e310 RSP=000000001fe8e290
R8 =0000000000000021 R9 =000000001ec74807 R10=0000000000000008 R11=000000001ec6db44
R12=000000d786800000 R13=0000000000000005 R14=000fffffc0000000 R15=000000001fb62198
RIP=000000001f0acc1e RFL=00000293 [--S-A-C] CPL=0 II=0 A20=1 SMM=0 HLT=0
ES =0030 0000000000000000 ffffffff 00cf9300 DPL=0 DS   [-WA]
CS =0038 0000000000000000 ffffffff 00af9a00 DPL=0 CS64 [-R-]
SS =0030 0000000000000000 ffffffff 00cf9300 DPL=0 DS   [-WA]
DS =0030 0000000000000000 ffffffff 00cf9300 DPL=0 DS   [-WA]
FS =0030 0000000000000000 ffffffff 00cf9300 DPL=0 DS   [-WA]
GS =0030 0000000000000000 ffffffff 00cf9300 DPL=0 DS   [-WA]
LDT=0000 0000000000000000 0000ffff 00008200 DPL=0 LDT
TR =0048 000000001f5db058 00000067 00008900 DPL=0 TSS64-avl
GDT=     000000001f5db000 00000057
IDT=     000000001f090018 00000fff
CR0=80000033 CR2=0000000000000000 CR3=000000001f801000 CR4=00000668
DR0=0000000000000000 DR1=0000000000000000 DR2=0000000000000000 DR3=0000000000000000 
DR6=00000000ffff0ff0 DR7=0000000000000400
CCS=0000000000000091 CCD=fffffffffffffff2 CCO=EFLAGS
EFER=0000000000000d00
Servicing hardware INT=0x20
   104: v=20 e=0000 i=0 cpl=0 IP=0038:000000001ec5e266 pc=000000001ec5e266 SP=0030:000000001fe8e1c8 env->regs[R_EAX]=000000001ec6dec0
RAX=000000001ec6dec0 RBX=0000000000000010 RCX=000000001ec6dec0 RDX=0000000000000010
RSI=00000000ffffffff RDI=0000000000000001 RBP=000000001fe8e200 RSP=000000001fe8e1c8
R8 =0000000000000021 R9 =000000001ec74807 R10=0000000000000008 R11=000000001ec6db44
R12=0000000000000160 R13=0000000000000005 R14=000fffffc0000000 R15=000000001feb2ac0
RIP=000000001ec5e266 RFL=00000202 [-------] CPL=0 II=0 A20=1 SMM=0 HLT=0
ES =0030 0000000000000000 ffffffff 00cf9300 DPL=0 DS   [-WA]
CS =0038 0000000000000000 ffffffff 00af9a00 DPL=0 CS64 [-R-]
SS =0030 0000000000000000 ffffffff 00cf9300 DPL=0 DS   [-WA]
DS =0030 0000000000000000 ffffffff 00cf9300 DPL=0 DS   [-WA]
FS =0030 0000000000000000 ffffffff 00cf9300 DPL=0 DS   [-WA]
GS =0030 0000000000000000 ffffffff 00cf9300 DPL=0 DS   [-WA]
LDT=0000 0000000000000000 0000ffff 00008200 DPL=0 LDT
TR =0048 000000001f5db058 00000067 00008900 DPL=0 TSS64-avl
GDT=     000000001f5db000 00000057
IDT=     000000001f090018 00000fff
CR0=80000033 CR2=0000000000000000 CR3=000000001f801000 CR4=00000668
DR0=0000000000000000 DR1=0000000000000000 DR2=0000000000000000 DR3=0000000000000000 
DR6=00000000ffff0ff0 DR7=0000000000000400
CCS=0000000000000000 CCD=000000001fe8e1d0 CCO=EFLAGS
EFER=0000000000000d00
Servicing hardware INT=0x20
   105: v=20 e=0000 i=0 cpl=0 IP=0038:000000001ec60795 pc=000000001ec60795 SP=0030:000000001fe8e340 env->regs[R_EAX]=0000000000000000
RAX=0000000000000000 RBX=000000001fe8e3c4 RCX=000000001ec6dec0 RDX=0000000000000010
RSI=000000d7ef000000 RDI=000000001fe8e3c8 RBP=000000001fe8e380 RSP=000000001fe8e340
R8 =0000000000000021 R9 =000000001ec74807 R10=0000000000000008 R11=000000001ec6db44
R12=000000d7ef000000 R13=000000001fe8e3c8 R14=000fffffc0000000 R15=000000001fb63bb8
RIP=000000001ec60795 RFL=00000206 [-----P-] CPL=0 II=0 A20=1 SMM=0 HLT=0
ES =0030 0000000000000000 ffffffff 00cf9300 DPL=0 DS   [-WA]
CS =0038 0000000000000000 ffffffff 00af9a00 DPL=0 CS64 [-R-]
SS =0030 0000000000000000 ffffffff 00cf9300 DPL=0 DS   [-WA]
DS =0030 0000000000000000 ffffffff 00cf9300 DPL=0 DS   [-WA]
FS =0030 0000000000000000 ffffffff 00cf9300 DPL=0 DS   [-WA]
GS =0030 0000000000000000 ffffffff 00cf9300 DPL=0 DS   [-WA]
LDT=0000 0000000000000000 0000ffff 00008200 DPL=0 LDT
TR =0048 000000001f5db058 00000067 00008900 DPL=0 TSS64-avl
GDT=     000000001f5db000 00000057
IDT=     000000001f090018 00000fff
CR0=80000033 CR2=0000000000000000 CR3=000000001f801000 CR4=00000668
DR0=0000000000000000 DR1=0000000000000000 DR2=0000000000000000 DR3=0000000000000000 
DR6=00000000ffff0ff0 DR7=0000000000000400
CCS=0000000000000004 CCD=000000001fe8e248 CCO=EFLAGS
EFER=0000000000000d00
Servicing hardware INT=0x20
   106: v=20 e=0000 i=0 cpl=0 IP=0038:000000001fe9e3a2 pc=000000001fe9e3a2 SP=0030:000000001fe8e288 env->regs[R_EAX]=000000001fe9e3a2
RAX=000000001fe9e3a2 RBX=000000001f4e7c08 RCX=0000000000000010 RDX=000000001f0b2398
RSI=000000001f4e7aa8 RDI=0000000000000000 RBP=000000001fe8e310 RSP=000000001fe8e288
R8 =0000000000000021 R9 =000000001ec74807 R10=0000000000000008 R11=000000001ec6db44
R12=0000000000000160 R13=0000000000000005 R14=000fffffc0000000 R15=000000001fb64948
RIP=000000001fe9e3a2 RFL=00000206 [-----P-] CPL=0 II=0 A20=1 SMM=0 HLT=0
ES =0030 0000000000000000 ffffffff 00cf9300 DPL=0 DS   [-WA]
CS =0038 0000000000000000 ffffffff 00af9a00 DPL=0 CS64 [-R-]
SS =0030 0000000000000000 ffffffff 00cf9300 DPL=0 DS   [-WA]
DS =0030 0000000000000000 ffffffff 00cf9300 DPL=0 DS   [-WA]
FS =0030 0000000000000000 ffffffff 00cf9300 DPL=0 DS   [-WA]
GS =0030 0000000000000000 ffffffff 00cf9300 DPL=0 DS   [-WA]
LDT=0000 0000000000000000 0000ffff 00008200 DPL=0 LDT
TR =0048 000000001f5db058 00000067 00008900 DPL=0 TSS64-avl
GDT=     000000001f5db000 00000057
IDT=     000000001f090018 00000fff
CR0=80000033 CR2=0000000000000000 CR3=000000001f801000 CR4=00000668
DR0=0000000000000000 DR1=0000000000000000 DR2=0000000000000000 DR3=0000000000000000 
DR6=00000000ffff0ff0 DR7=0000000000000400
CCS=0000000000000004 CCD=000000001fe8e290 CCO=EFLAGS
EFER=0000000000000d00
Servicing hardware INT=0x20
   107: v=20 e=0000 i=0 cpl=0 IP=0038:000000001f0acc1e pc=000000001f0acc1e SP=0030:000000001fe8e290 env->regs[R_EAX]=0000000000000010
RAX=0000000000000010 RBX=000000001fe8e3c4 RCX=0000000000000010 RDX=0000000000000000
RSI=0000000000000008 RDI=0000000000000007 RBP=000000001fe8e310 RSP=000000001fe8e290
R8 =0000000000000021 R9 =000000001ec74807 R10=0000000000000008 R11=000000001ec6db44
R12=000000d863a00000 R13=0000000000000007 R14=000fffffc0000000 R15=000000001fb658e0
RIP=000000001f0acc1e RFL=00000293 [--S-A-C] CPL=0 II=0 A20=1 SMM=0 HLT=0
ES =0030 0000000000000000 ffffffff 00cf9300 DPL=0 DS   [-WA]
CS =0038 0000000000000000 ffffffff 00af9a00 DPL=0 CS64 [-R-]
SS =0030 0000000000000000 ffffffff 00cf9300 DPL=0 DS   [-WA]
DS =0030 0000000000000000 ffffffff 00cf9300 DPL=0 DS   [-WA]
FS =0030 0000000000000000 ffffffff 00cf9300 DPL=0 DS   [-WA]
GS =0030 0000000000000000 ffffffff 00cf9300 DPL=0 DS   [-WA]
LDT=0000 0000000000000000 0000ffff 00008200 DPL=0 LDT
TR =0048 000000001f5db058 00000067 00008900 DPL=0 TSS64-avl
GDT=     000000001f5db000 00000057
IDT=     000000001f090018 00000fff
CR0=80000033 CR2=0000000000000000 CR3=000000001f801000 CR4=00000668
DR0=0000000000000000 DR1=0000000000000000 DR2=0000000000000000 DR3=0000000000000000 
DR6=00000000ffff0ff0 DR7=0000000000000400
CCS=0000000000000091 CCD=fffffffffffffff2 CCO=EFLAGS
EFER=0000000000000d00
Servicing hardware INT=0x20
   108: v=20 e=0000 i=0 cpl=0 IP=0038:000000001fe9e3da pc=000000001fe9e3da SP=0030:000000001fe8e210 env->regs[R_EAX]=0000000040000000
RAX=0000000040000000 RBX=0000000000000010 RCX=0000000000000010 RDX=0000000000000011
RSI=00000000ffffffff RDI=0000000000000000 RBP=000000001fe8e280 RSP=000000001fe8e210
R8 =0000000000000021 R9 =000000001ec74807 R10=0000000000000008 R11=000000001ec6db44
R12=0000000000000160 R13=0000000000000005 R14=000fffffc0000000 R15=000000001feb2ac0
RIP=000000001fe9e3da RFL=00000206 [-----P-] CPL=0 II=0 A20=1 SMM=0 HLT=0
ES =0030 0000000000000000 ffffffff 00cf9300 DPL=0 DS   [-WA]
CS =0038 0000000000000000 ffffffff 00af9a00 DPL=0 CS64 [-R-]
SS =0030 0000000000000000 ffffffff 00cf9300 DPL=0 DS   [-WA]
DS =0030 0000000000000000 ffffffff 00cf9300 DPL=0 DS   [-WA]
FS =0030 0000000000000000 ffffffff 00cf9300 DPL=0 DS   [-WA]
GS =0030 0000000000000000 ffffffff 00cf9300 DPL=0 DS   [-WA]
LDT=0000 0000000000000000 0000ffff 00008200 DPL=0 LDT
TR =0048 000000001f5db058 00000067 00008900 DPL=0 TSS64-avl
GDT=     000000001f5db000 00000057
IDT=     000000001f090018 00000fff
CR0=80000033 CR2=0000000000000000 CR3=000000001f801000 CR4=00000668
DR0=0000000000000000 DR1=0000000000000000 DR2=0000000000000000 DR3=0000000000000000 
DR6=00000000ffff0ff0 DR7=0000000000000400
CCS=0000000000000004 CCD=0000000040000000 CCO=EFLAGS
EFER=0000000000000d00
Servicing hardware INT=0x20
   109: v=20 e=0000 i=0 cpl=0 IP=0038:000000001ec5e266 pc=000000001ec5e266 SP=0030:000000001fe8e1c8 env->regs[R_EAX]=000000001ec6dec0
RAX=000000001ec6dec0 RBX=0000000000000010 RCX=000000001ec6dec0 RDX=0000000000000010
RSI=00000000ffffffff RDI=0000000000000001 RBP=000000001fe8e200 RSP=000000001fe8e1c8
R8 =0000000000000021 R9 =000000001ec74807 R10=0000000000000008 R11=000000001ec6db44
R12=0000000000000168 R13=0000000000000007 R14=000fffffc0000000 R15=000000001feb2ac0
RIP=000000001ec5e266 RFL=00000202 [-------] CPL=0 II=0 A20=1 SMM=0 HLT=0
ES =0030 0000000000000000 ffffffff 00cf9300 DPL=0 DS   [-WA]
CS =0038 0000000000000000 ffffffff 00af9a00 DPL=0 CS64 [-R-]
SS =0030 0000000000000000 ffffffff 00cf9300 DPL=0 DS   [-WA]
DS =0030 0000000000000000 ffffffff 00cf9300 DPL=0 DS   [-WA]
FS =0030 0000000000000000 ffffffff 00cf9300 DPL=0 DS   [-WA]
GS =0030 0000000000000000 ffffffff 00cf9300 DPL=0 DS   [-WA]
LDT=0000 0000000000000000 0000ffff 00008200 DPL=0 LDT
TR =0048 000000001f5db058 00000067 00008900 DPL=0 TSS64-avl
GDT=     000000001f5db000 00000057
IDT=     000000001f090018 00000fff
CR0=80000033 CR2=0000000000000000 CR3=000000001f801000 CR4=00000668
DR0=0000000000000000 DR1=0000000000000000 DR2=0000000000000000 DR3=0000000000000000 
DR6=00000000ffff0ff0 DR7=0000000000000400
CCS=0000000000000000 CCD=000000001fe8e1d0 CCO=EFLAGS
EFER=0000000000000d00
Servicing hardware INT=0x20
   110: v=20 e=0000 i=0 cpl=0 IP=0038:000000001f0acc1e pc=000000001f0acc1e SP=0030:000000001fe8e290 env->regs[R_EAX]=0000000000000010
RAX=0000000000000010 RBX=000000001fe8e3c4 RCX=0000000000000010 RDX=0000000000000000
RSI=0000000000000008 RDI=0000000000000007 RBP=000000001fe8e310 RSP=000000001fe8e290
R8 =0000000000000021 R9 =000000001ec74807 R10=0000000000000008 R11=000000001ec6db44
R12=000000d906600000 R13=0000000000000007 R14=000fffffc0000000 R15=000000001fb68190
RIP=000000001f0acc1e RFL=00000293 [--S-A-C] CPL=0 II=0 A20=1 SMM=0 HLT=0
ES =0030 0000000000000000 ffffffff 00cf9300 DPL=0 DS   [-WA]
CS =0038 0000000000000000 ffffffff 00af9a00 DPL=0 CS64 [-R-]
SS =0030 0000000000000000 ffffffff 00cf9300 DPL=0 DS   [-WA]
DS =0030 0000000000000000 ffffffff 00cf9300 DPL=0 DS   [-WA]
FS =0030 0000000000000000 ffffffff 00cf9300 DPL=0 DS   [-WA]
GS =0030 0000000000000000 ffffffff 00cf9300 DPL=0 DS   [-WA]
LDT=0000 0000000000000000 0000ffff 00008200 DPL=0 LDT
TR =0048 000000001f5db058 00000067 00008900 DPL=0 TSS64-avl
GDT=     000000001f5db000 00000057
IDT=     000000001f090018 00000fff
CR0=80000033 CR2=0000000000000000 CR3=000000001f801000 CR4=00000668
DR0=0000000000000000 DR1=0000000000000000 DR2=0000000000000000 DR3=0000000000000000 
DR6=00000000ffff0ff0 DR7=0000000000000400
CCS=0000000000000091 CCD=fffffffffffffff2 CCO=EFLAGS
EFER=0000000000000d00
Servicing hardware INT=0x20
   111: v=20 e=0000 i=0 cpl=0 IP=0038:000000001fe9e3a2 pc=000000001fe9e3a2 SP=0030:000000001fe8e288 env->regs[R_EAX]=000000001fe9e3a2
RAX=000000001fe9e3a2 RBX=000000001f4e7c10 RCX=0000000000000010 RDX=000000001f0b2398
RSI=000000001f4e7aa8 RDI=0000000000000000 RBP=000000001fe8e310 RSP=000000001fe8e288
R8 =0000000000000021 R9 =000000001ec74807 R10=0000000000000008 R11=000000001ec6db44
R12=0000000000000168 R13=0000000000000007 R14=000fffffc0000000 R15=000000001fb68d78
RIP=000000001fe9e3a2 RFL=00000206 [-----P-] CPL=0 II=0 A20=1 SMM=0 HLT=0
ES =0030 0000000000000000 ffffffff 00cf9300 DPL=0 DS   [-WA]
CS =0038 0000000000000000 ffffffff 00af9a00 DPL=0 CS64 [-R-]
SS =0030 0000000000000000 ffffffff 00cf9300 DPL=0 DS   [-WA]
DS =0030 0000000000000000 ffffffff 00cf9300 DPL=0 DS   [-WA]
FS =0030 0000000000000000 ffffffff 00cf9300 DPL=0 DS   [-WA]
GS =0030 0000000000000000 ffffffff 00cf9300 DPL=0 DS   [-WA]
LDT=0000 0000000000000000 0000ffff 00008200 DPL=0 LDT
TR =0048 000000001f5db058 00000067 00008900 DPL=0 TSS64-avl
GDT=     000000001f5db000 00000057
IDT=     000000001f090018 00000fff
CR0=80000033 CR2=0000000000000000 CR3=000000001f801000 CR4=00000668
DR0=0000000000000000 DR1=0000000000000000 DR2=0000000000000000 DR3=0000000000000000 
DR6=00000000ffff0ff0 DR7=0000000000000400
CCS=0000000000000004 CCD=000000001fe8e290 CCO=EFLAGS
EFER=0000000000000d00
Servicing hardware INT=0x20
   112: v=20 e=0000 i=0 cpl=0 IP=0038:000000001f0acc1e pc=000000001f0acc1e SP=0030:000000001fe8e290 env->regs[R_EAX]=0000000000000010
RAX=0000000000000010 RBX=000000001fe8e3c4 RCX=0000000000000010 RDX=000000001fe8e3c4
RSI=0000000000000008 RDI=0000000000000005 RBP=000000001fe8e310 RSP=000000001fe8e290
R8 =0000000000000021 R9 =000000001ec74807 R10=0000000000000008 R11=000000001ec6db44
R12=000000d96b400000 R13=0000000000000005 R14=000fffffc0000000 R15=000000001fb69ac8
RIP=000000001f0acc1e RFL=00000293 [--S-A-C] CPL=0 II=0 A20=1 SMM=0 HLT=0
ES =0030 0000000000000000 ffffffff 00cf9300 DPL=0 DS   [-WA]
CS =0038 0000000000000000 ffffffff 00af9a00 DPL=0 CS64 [-R-]
SS =0030 0000000000000000 ffffffff 00cf9300 DPL=0 DS   [-WA]
DS =0030 0000000000000000 ffffffff 00cf9300 DPL=0 DS   [-WA]
FS =0030 0000000000000000 ffffffff 00cf9300 DPL=0 DS   [-WA]
GS =0030 0000000000000000 ffffffff 00cf9300 DPL=0 DS   [-WA]
LDT=0000 0000000000000000 0000ffff 00008200 DPL=0 LDT
TR =0048 000000001f5db058 00000067 00008900 DPL=0 TSS64-avl
GDT=     000000001f5db000 00000057
IDT=     000000001f090018 00000fff
CR0=80000033 CR2=0000000000000000 CR3=000000001f801000 CR4=00000668
DR0=0000000000000000 DR1=0000000000000000 DR2=0000000000000000 DR3=0000000000000000 
DR6=00000000ffff0ff0 DR7=0000000000000400
CCS=0000000000000091 CCD=fffffffffffffff2 CCO=EFLAGS
EFER=0000000000000d00
Servicing hardware INT=0x20
   113: v=20 e=0000 i=0 cpl=0 IP=0038:000000001ec5e266 pc=000000001ec5e266 SP=0030:000000001fe8e1c8 env->regs[R_EAX]=000000001ec6dec0
RAX=000000001ec6dec0 RBX=0000000000000010 RCX=000000001ec6dec0 RDX=0000000000000010
RSI=00000000ffffffff RDI=0000000000000001 RBP=000000001fe8e200 RSP=000000001fe8e1c8
R8 =0000000000000021 R9 =000000001ec74807 R10=0000000000000008 R11=000000001ec6db44
R12=0000000000000168 R13=0000000000000007 R14=000fffffc0000000 R15=000000001feb2ac0
RIP=000000001ec5e266 RFL=00000202 [-------] CPL=0 II=0 A20=1 SMM=0 HLT=0
ES =0030 0000000000000000 ffffffff 00cf9300 DPL=0 DS   [-WA]
CS =0038 0000000000000000 ffffffff 00af9a00 DPL=0 CS64 [-R-]
SS =0030 0000000000000000 ffffffff 00cf9300 DPL=0 DS   [-WA]
DS =0030 0000000000000000 ffffffff 00cf9300 DPL=0 DS   [-WA]
FS =0030 0000000000000000 ffffffff 00cf9300 DPL=0 DS   [-WA]
GS =0030 0000000000000000 ffffffff 00cf9300 DPL=0 DS   [-WA]
LDT=0000 0000000000000000 0000ffff 00008200 DPL=0 LDT
TR =0048 000000001f5db058 00000067 00008900 DPL=0 TSS64-avl
GDT=     000000001f5db000 00000057
IDT=     000000001f090018 00000fff
CR0=80000033 CR2=0000000000000000 CR3=000000001f801000 CR4=00000668
DR0=0000000000000000 DR1=0000000000000000 DR2=0000000000000000 DR3=0000000000000000 
DR6=00000000ffff0ff0 DR7=0000000000000400
CCS=0000000000000000 CCD=000000001fe8e1d0 CCO=EFLAGS
EFER=0000000000000d00
Servicing hardware INT=0x20
   114: v=20 e=0000 i=0 cpl=0 IP=0038:000000001f0acc1e pc=000000001f0acc1e SP=0030:000000001fe8e290 env->regs[R_EAX]=0000000000000010
RAX=0000000000000010 RBX=000000001fe8e3c4 RCX=0000000000000010 RDX=0000000000000000
RSI=0000000000000008 RDI=0000000000000007 RBP=000000001fe8e310 RSP=000000001fe8e290
R8 =0000000000000021 R9 =000000001ec74807 R10=0000000000000008 R11=000000001ec6db44
R12=000000d9d7c00000 R13=0000000000000007 R14=000fffffc0000000 R15=000000001fb6b5e8
RIP=000000001f0acc1e RFL=00000293 [--S-A-C] CPL=0 II=0 A20=1 SMM=0 HLT=0
ES =0030 0000000000000000 ffffffff 00cf9300 DPL=0 DS   [-WA]
CS =0038 0000000000000000 ffffffff 00af9a00 DPL=0 CS64 [-R-]
SS =0030 0000000000000000 ffffffff 00cf9300 DPL=0 DS   [-WA]
DS =0030 0000000000000000 ffffffff 00cf9300 DPL=0 DS   [-WA]
FS =0030 0000000000000000 ffffffff 00cf9300 DPL=0 DS   [-WA]
GS =0030 0000000000000000 ffffffff 00cf9300 DPL=0 DS   [-WA]
LDT=0000 0000000000000000 0000ffff 00008200 DPL=0 LDT
TR =0048 000000001f5db058 00000067 00008900 DPL=0 TSS64-avl
GDT=     000000001f5db000 00000057
IDT=     000000001f090018 00000fff
CR0=80000033 CR2=0000000000000000 CR3=000000001f801000 CR4=00000668
DR0=0000000000000000 DR1=0000000000000000 DR2=0000000000000000 DR3=0000000000000000 
DR6=00000000ffff0ff0 DR7=0000000000000400
CCS=0000000000000091 CCD=fffffffffffffff2 CCO=EFLAGS
EFER=0000000000000d00
Servicing hardware INT=0x20
   115: v=20 e=0000 i=0 cpl=0 IP=0038:000000001f0acc1e pc=000000001f0acc1e SP=0030:000000001fe8e290 env->regs[R_EAX]=0000000000000010
RAX=0000000000000010 RBX=000000001fe8e3c4 RCX=0000000000000010 RDX=0000000000000000
RSI=0000000000000008 RDI=0000000000000007 RBP=000000001fe8e310 RSP=000000001fe8e290
R8 =0000000000000021 R9 =000000001ec74807 R10=0000000000000008 R11=000000001ec6db44
R12=000000d9ee200000 R13=0000000000000007 R14=000fffffc0000000 R15=000000001fb6bb80
RIP=000000001f0acc1e RFL=00000293 [--S-A-C] CPL=0 II=0 A20=1 SMM=0 HLT=0
ES =0030 0000000000000000 ffffffff 00cf9300 DPL=0 DS   [-WA]
CS =0038 0000000000000000 ffffffff 00af9a00 DPL=0 CS64 [-R-]
SS =0030 0000000000000000 ffffffff 00cf9300 DPL=0 DS   [-WA]
DS =0030 0000000000000000 ffffffff 00cf9300 DPL=0 DS   [-WA]
FS =0030 0000000000000000 ffffffff 00cf9300 DPL=0 DS   [-WA]
GS =0030 0000000000000000 ffffffff 00cf9300 DPL=0 DS   [-WA]
LDT=0000 0000000000000000 0000ffff 00008200 DPL=0 LDT
TR =0048 000000001f5db058 00000067 00008900 DPL=0 TSS64-avl
GDT=     000000001f5db000 00000057
IDT=     000000001f090018 00000fff
CR0=80000033 CR2=0000000000000000 CR3=000000001f801000 CR4=00000668
DR0=0000000000000000 DR1=0000000000000000 DR2=0000000000000000 DR3=0000000000000000 
DR6=00000000ffff0ff0 DR7=0000000000000400
CCS=0000000000000091 CCD=fffffffffffffff2 CCO=EFLAGS
EFER=0000000000000d00
Servicing hardware INT=0x20
   116: v=20 e=0000 i=0 cpl=0 IP=0038:000000001fe9e3a2 pc=000000001fe9e3a2 SP=0030:000000001fe8e288 env->regs[R_EAX]=000000001fe9e3a2
RAX=000000001fe9e3a2 RBX=000000001f4e7c08 RCX=0000000000000010 RDX=000000001f0b2398
RSI=000000001f4e7aa8 RDI=0000000000000000 RBP=000000001fe8e310 RSP=000000001fe8e288
R8 =0000000000000021 R9 =000000001ec74807 R10=0000000000000008 R11=000000001ec6db44
R12=0000000000000160 R13=0000000000000005 R14=000fffffc0000000 R15=000000001fb6cd10
RIP=000000001fe9e3a2 RFL=00000206 [-----P-] CPL=0 II=0 A20=1 SMM=0 HLT=0
ES =0030 0000000000000000 ffffffff 00cf9300 DPL=0 DS   [-WA]
CS =0038 0000000000000000 ffffffff 00af9a00 DPL=0 CS64 [-R-]
SS =0030 0000000000000000 ffffffff 00cf9300 DPL=0 DS   [-WA]
DS =0030 0000000000000000 ffffffff 00cf9300 DPL=0 DS   [-WA]
FS =0030 0000000000000000 ffffffff 00cf9300 DPL=0 DS   [-WA]
GS =0030 0000000000000000 ffffffff 00cf9300 DPL=0 DS   [-WA]
LDT=0000 0000000000000000 0000ffff 00008200 DPL=0 LDT
TR =0048 000000001f5db058 00000067 00008900 DPL=0 TSS64-avl
GDT=     000000001f5db000 00000057
IDT=     000000001f090018 00000fff
CR0=80000033 CR2=0000000000000000 CR3=000000001f801000 CR4=00000668
DR0=0000000000000000 DR1=0000000000000000 DR2=0000000000000000 DR3=0000000000000000 
DR6=00000000ffff0ff0 DR7=0000000000000400
CCS=0000000000000004 CCD=000000001fe8e290 CCO=EFLAGS
EFER=0000000000000d00
Servicing hardware INT=0x20
   117: v=20 e=0000 i=0 cpl=0 IP=0038:000000001f0acc1e pc=000000001f0acc1e SP=0030:000000001fe8e290 env->regs[R_EAX]=0000000000000010
RAX=0000000000000010 RBX=000000001fe8e3c4 RCX=0000000000000010 RDX=000000001fe8e3c4
RSI=0000000000000008 RDI=0000000000000005 RBP=000000001fe8e310 RSP=000000001fe8e290
R8 =0000000000000021 R9 =000000001ec74807 R10=0000000000000008 R11=000000001ec6db44
R12=000000da59000000 R13=0000000000000005 R14=000fffffc0000000 R15=000000001fb6d638
RIP=000000001f0acc1e RFL=00000293 [--S-A-C] CPL=0 II=0 A20=1 SMM=0 HLT=0
ES =0030 0000000000000000 ffffffff 00cf9300 DPL=0 DS   [-WA]
CS =0038 0000000000000000 ffffffff 00af9a00 DPL=0 CS64 [-R-]
SS =0030 0000000000000000 ffffffff 00cf9300 DPL=0 DS   [-WA]
DS =0030 0000000000000000 ffffffff 00cf9300 DPL=0 DS   [-WA]
FS =0030 0000000000000000 ffffffff 00cf9300 DPL=0 DS   [-WA]
GS =0030 0000000000000000 ffffffff 00cf9300 DPL=0 DS   [-WA]
LDT=0000 0000000000000000 0000ffff 00008200 DPL=0 LDT
TR =0048 000000001f5db058 00000067 00008900 DPL=0 TSS64-avl
GDT=     000000001f5db000 00000057
IDT=     000000001f090018 00000fff
CR0=80000033 CR2=0000000000000000 CR3=000000001f801000 CR4=00000668
DR0=0000000000000000 DR1=0000000000000000 DR2=0000000000000000 DR3=0000000000000000 
DR6=00000000ffff0ff0 DR7=0000000000000400
CCS=0000000000000091 CCD=fffffffffffffff2 CCO=EFLAGS
EFER=0000000000000d00
Servicing hardware INT=0x20
   118: v=20 e=0000 i=0 cpl=0 IP=0038:000000001f0acc1e pc=000000001f0acc1e SP=0030:000000001fe8e290 env->regs[R_EAX]=0000000000000010
RAX=0000000000000010 RBX=000000001fe8e3c4 RCX=0000000000000010 RDX=0000000000000000
RSI=0000000000000008 RDI=0000000000000007 RBP=000000001fe8e310 RSP=000000001fe8e290
R8 =0000000000000021 R9 =000000001ec74807 R10=0000000000000008 R11=000000001ec6db44
R12=000000da90600000 R13=0000000000000007 R14=000fffffc0000000 R15=000000001fb6e410
RIP=000000001f0acc1e RFL=00000293 [--S-A-C] CPL=0 II=0 A20=1 SMM=0 HLT=0
ES =0030 0000000000000000 ffffffff 00cf9300 DPL=0 DS   [-WA]
CS =0038 0000000000000000 ffffffff 00af9a00 DPL=0 CS64 [-R-]
SS =0030 0000000000000000 ffffffff 00cf9300 DPL=0 DS   [-WA]
DS =0030 0000000000000000 ffffffff 00cf9300 DPL=0 DS   [-WA]
FS =0030 0000000000000000 ffffffff 00cf9300 DPL=0 DS   [-WA]
GS =0030 0000000000000000 ffffffff 00cf9300 DPL=0 DS   [-WA]
LDT=0000 0000000000000000 0000ffff 00008200 DPL=0 LDT
TR =0048 000000001f5db058 00000067 00008900 DPL=0 TSS64-avl
GDT=     000000001f5db000 00000057
IDT=     000000001f090018 00000fff
CR0=80000033 CR2=0000000000000000 CR3=000000001f801000 CR4=00000668
DR0=0000000000000000 DR1=0000000000000000 DR2=0000000000000000 DR3=0000000000000000 
DR6=00000000ffff0ff0 DR7=0000000000000400
CCS=0000000000000091 CCD=fffffffffffffff2 CCO=EFLAGS
EFER=0000000000000d00
Servicing hardware INT=0x20
   119: v=20 e=0000 i=0 cpl=0 IP=0038:000000001f0acc1e pc=000000001f0acc1e SP=0030:000000001fe8e290 env->regs[R_EAX]=0000000000000010
RAX=0000000000000010 RBX=000000001fe8e3c4 RCX=0000000000000010 RDX=0000000000000000
RSI=0000000000000008 RDI=0000000000000007 RBP=000000001fe8e310 RSP=000000001fe8e290
R8 =0000000000000021 R9 =000000001ec74807 R10=0000000000000008 R11=000000001ec6db44
R12=000000dacec00000 R13=0000000000000007 R14=000fffffc0000000 R15=000000001fb6f3a8
RIP=000000001f0acc1e RFL=00000293 [--S-A-C] CPL=0 II=0 A20=1 SMM=0 HLT=0
ES =0030 0000000000000000 ffffffff 00cf9300 DPL=0 DS   [-WA]
CS =0038 0000000000000000 ffffffff 00af9a00 DPL=0 CS64 [-R-]
SS =0030 0000000000000000 ffffffff 00cf9300 DPL=0 DS   [-WA]
DS =0030 0000000000000000 ffffffff 00cf9300 DPL=0 DS   [-WA]
FS =0030 0000000000000000 ffffffff 00cf9300 DPL=0 DS   [-WA]
GS =0030 0000000000000000 ffffffff 00cf9300 DPL=0 DS   [-WA]
LDT=0000 0000000000000000 0000ffff 00008200 DPL=0 LDT
TR =0048 000000001f5db058 00000067 00008900 DPL=0 TSS64-avl
GDT=     000000001f5db000 00000057
IDT=     000000001f090018 00000fff
CR0=80000033 CR2=0000000000000000 CR3=000000001f801000 CR4=00000668
DR0=0000000000000000 DR1=0000000000000000 DR2=0000000000000000 DR3=0000000000000000 
DR6=00000000ffff0ff0 DR7=0000000000000400
CCS=0000000000000091 CCD=fffffffffffffff2 CCO=EFLAGS
EFER=0000000000000d00
Servicing hardware INT=0x20
   120: v=20 e=0000 i=0 cpl=0 IP=0038:000000001fe9e3a2 pc=000000001fe9e3a2 SP=0030:000000001fe8e288 env->regs[R_EAX]=000000001fe9e3a2
RAX=000000001fe9e3a2 RBX=000000001f4e7c08 RCX=0000000000000010 RDX=000000001f0b2398
RSI=000000001f4e7aa8 RDI=0000000000000000 RBP=000000001fe8e310 RSP=000000001fe8e288
R8 =0000000000000021 R9 =000000001ec74807 R10=0000000000000008 R11=000000001ec6db44
R12=0000000000000160 R13=0000000000000005 R14=000fffffc0000000 R15=000000001fb6fd28
RIP=000000001fe9e3a2 RFL=00000206 [-----P-] CPL=0 II=0 A20=1 SMM=0 HLT=0
ES =0030 0000000000000000 ffffffff 00cf9300 DPL=0 DS   [-WA]
CS =0038 0000000000000000 ffffffff 00af9a00 DPL=0 CS64 [-R-]
SS =0030 0000000000000000 ffffffff 00cf9300 DPL=0 DS   [-WA]
DS =0030 0000000000000000 ffffffff 00cf9300 DPL=0 DS   [-WA]
FS =0030 0000000000000000 ffffffff 00cf9300 DPL=0 DS   [-WA]
GS =0030 0000000000000000 ffffffff 00cf9300 DPL=0 DS   [-WA]
LDT=0000 0000000000000000 0000ffff 00008200 DPL=0 LDT
TR =0048 000000001f5db058 00000067 00008900 DPL=0 TSS64-avl
GDT=     000000001f5db000 00000057
IDT=     000000001f090018 00000fff
CR0=80000033 CR2=0000000000000000 CR3=000000001f801000 CR4=00000668
DR0=0000000000000000 DR1=0000000000000000 DR2=0000000000000000 DR3=0000000000000000 
DR6=00000000ffff0ff0 DR7=0000000000000400
CCS=0000000000000004 CCD=000000001fe8e290 CCO=EFLAGS
EFER=0000000000000d00
Servicing hardware INT=0x20
   121: v=20 e=0000 i=0 cpl=0 IP=0038:000000001ec5e266 pc=000000001ec5e266 SP=0030:000000001fe8e1c8 env->regs[R_EAX]=000000001ec6dec0
RAX=000000001ec6dec0 RBX=0000000000000010 RCX=000000001ec6dec0 RDX=0000000000000010
RSI=00000000ffffffff RDI=0000000000000001 RBP=000000001fe8e200 RSP=000000001fe8e1c8
R8 =0000000000000021 R9 =000000001ec74807 R10=0000000000000008 R11=000000001ec6db44
R12=0000000000000168 R13=0000000000000007 R14=000fffffc0000000 R15=000000001feb2ac0
RIP=000000001ec5e266 RFL=00000202 [-------] CPL=0 II=0 A20=1 SMM=0 HLT=0
ES =0030 0000000000000000 ffffffff 00cf9300 DPL=0 DS   [-WA]
CS =0038 0000000000000000 ffffffff 00af9a00 DPL=0 CS64 [-R-]
SS =0030 0000000000000000 ffffffff 00cf9300 DPL=0 DS   [-WA]
DS =0030 0000000000000000 ffffffff 00cf9300 DPL=0 DS   [-WA]
FS =0030 0000000000000000 ffffffff 00cf9300 DPL=0 DS   [-WA]
GS =0030 0000000000000000 ffffffff 00cf9300 DPL=0 DS   [-WA]
LDT=0000 0000000000000000 0000ffff 00008200 DPL=0 LDT
TR =0048 000000001f5db058 00000067 00008900 DPL=0 TSS64-avl
GDT=     000000001f5db000 00000057
IDT=     000000001f090018 00000fff
CR0=80000033 CR2=0000000000000000 CR3=000000001f801000 CR4=00000668
DR0=0000000000000000 DR1=0000000000000000 DR2=0000000000000000 DR3=0000000000000000 
DR6=00000000ffff0ff0 DR7=0000000000000400
CCS=0000000000000000 CCD=000000001fe8e1d0 CCO=EFLAGS
EFER=0000000000000d00
Servicing hardware INT=0x20
   122: v=20 e=0000 i=0 cpl=0 IP=0038:000000001f0acc1e pc=000000001f0acc1e SP=0030:000000001fe8e290 env->regs[R_EAX]=0000000000000010
RAX=0000000000000010 RBX=000000001fe8e3c4 RCX=0000000000000010 RDX=000000001fe8e3c4
RSI=0000000000000008 RDI=0000000000000005 RBP=000000001fe8e310 RSP=000000001fe8e290
R8 =0000000000000021 R9 =000000001ec74807 R10=0000000000000008 R11=000000001ec6db44
R12=000000db65800000 R13=0000000000000005 R14=000fffffc0000000 R15=000000001fb71958
RIP=000000001f0acc1e RFL=00000293 [--S-A-C] CPL=0 II=0 A20=1 SMM=0 HLT=0
ES =0030 0000000000000000 ffffffff 00cf9300 DPL=0 DS   [-WA]
CS =0038 0000000000000000 ffffffff 00af9a00 DPL=0 CS64 [-R-]
SS =0030 0000000000000000 ffffffff 00cf9300 DPL=0 DS   [-WA]
DS =0030 0000000000000000 ffffffff 00cf9300 DPL=0 DS   [-WA]
FS =0030 0000000000000000 ffffffff 00cf9300 DPL=0 DS   [-WA]
GS =0030 0000000000000000 ffffffff 00cf9300 DPL=0 DS   [-WA]
LDT=0000 0000000000000000 0000ffff 00008200 DPL=0 LDT
TR =0048 000000001f5db058 00000067 00008900 DPL=0 TSS64-avl
GDT=     000000001f5db000 00000057
IDT=     000000001f090018 00000fff
CR0=80000033 CR2=0000000000000000 CR3=000000001f801000 CR4=00000668
DR0=0000000000000000 DR1=0000000000000000 DR2=0000000000000000 DR3=0000000000000000 
DR6=00000000ffff0ff0 DR7=0000000000000400
CCS=0000000000000091 CCD=fffffffffffffff2 CCO=EFLAGS
EFER=0000000000000d00
Servicing hardware INT=0x20
   123: v=20 e=0000 i=0 cpl=0 IP=0038:000000001fe9e3a2 pc=000000001fe9e3a2 SP=0030:000000001fe8e288 env->regs[R_EAX]=000000001fe9e3a2
RAX=000000001fe9e3a2 RBX=000000001f4e7c10 RCX=0000000000000010 RDX=000000001f0b2398
RSI=000000001f4e7aa8 RDI=0000000000000000 RBP=000000001fe8e310 RSP=000000001fe8e288
R8 =0000000000000021 R9 =000000001ec74807 R10=0000000000000008 R11=000000001ec6db44
R12=0000000000000168 R13=0000000000000007 R14=000fffffc0000000 R15=000000001fb72128
RIP=000000001fe9e3a2 RFL=00000206 [-----P-] CPL=0 II=0 A20=1 SMM=0 HLT=0
ES =0030 0000000000000000 ffffffff 00cf9300 DPL=0 DS   [-WA]
CS =0038 0000000000000000 ffffffff 00af9a00 DPL=0 CS64 [-R-]
SS =0030 0000000000000000 ffffffff 00cf9300 DPL=0 DS   [-WA]
DS =0030 0000000000000000 ffffffff 00cf9300 DPL=0 DS   [-WA]
FS =0030 0000000000000000 ffffffff 00cf9300 DPL=0 DS   [-WA]
GS =0030 0000000000000000 ffffffff 00cf9300 DPL=0 DS   [-WA]
LDT=0000 0000000000000000 0000ffff 00008200 DPL=0 LDT
TR =0048 000000001f5db058 00000067 00008900 DPL=0 TSS64-avl
GDT=     000000001f5db000 00000057
IDT=     000000001f090018 00000fff
CR0=80000033 CR2=0000000000000000 CR3=000000001f801000 CR4=00000668
DR0=0000000000000000 DR1=0000000000000000 DR2=0000000000000000 DR3=0000000000000000 
DR6=00000000ffff0ff0 DR7=0000000000000400
CCS=0000000000000004 CCD=000000001fe8e290 CCO=EFLAGS
EFER=0000000000000d00
Servicing hardware INT=0x20
   124: v=20 e=0000 i=0 cpl=0 IP=0038:000000001ec5e266 pc=000000001ec5e266 SP=0030:000000001fe8e1c8 env->regs[R_EAX]=000000001ec6dec0
RAX=000000001ec6dec0 RBX=0000000000000010 RCX=000000001ec6dec0 RDX=0000000000000010
RSI=00000000ffffffff RDI=0000000000000001 RBP=000000001fe8e200 RSP=000000001fe8e1c8
R8 =0000000000000021 R9 =000000001ec74807 R10=0000000000000008 R11=000000001ec6db44
R12=0000000000000160 R13=0000000000000005 R14=000fffffc0000000 R15=000000001feb2ac0
RIP=000000001ec5e266 RFL=00000202 [-------] CPL=0 II=0 A20=1 SMM=0 HLT=0
ES =0030 0000000000000000 ffffffff 00cf9300 DPL=0 DS   [-WA]
CS =0038 0000000000000000 ffffffff 00af9a00 DPL=0 CS64 [-R-]
SS =0030 0000000000000000 ffffffff 00cf9300 DPL=0 DS   [-WA]
DS =0030 0000000000000000 ffffffff 00cf9300 DPL=0 DS   [-WA]
FS =0030 0000000000000000 ffffffff 00cf9300 DPL=0 DS   [-WA]
GS =0030 0000000000000000 ffffffff 00cf9300 DPL=0 DS   [-WA]
LDT=0000 0000000000000000 0000ffff 00008200 DPL=0 LDT
TR =0048 000000001f5db058 00000067 00008900 DPL=0 TSS64-avl
GDT=     000000001f5db000 00000057
IDT=     000000001f090018 00000fff
CR0=80000033 CR2=0000000000000000 CR3=000000001f801000 CR4=00000668
DR0=0000000000000000 DR1=0000000000000000 DR2=0000000000000000 DR3=0000000000000000 
DR6=00000000ffff0ff0 DR7=0000000000000400
CCS=0000000000000000 CCD=000000001fe8e1d0 CCO=EFLAGS
EFER=0000000000000d00
Servicing hardware INT=0x20
   125: v=20 e=0000 i=0 cpl=0 IP=0038:000000001f0acc1e pc=000000001f0acc1e SP=0030:000000001fe8e290 env->regs[R_EAX]=0000000000000010
RAX=0000000000000010 RBX=000000001fe8e3c4 RCX=0000000000000010 RDX=000000001fe8e3c4
RSI=0000000000000008 RDI=0000000000000005 RBP=000000001fe8e310 RSP=000000001fe8e290
R8 =0000000000000021 R9 =000000001ec74807 R10=0000000000000008 R11=000000001ec6db44
R12=000000dbef400000 R13=0000000000000005 R14=000fffffc0000000 R15=000000001fb73bc8
RIP=000000001f0acc1e RFL=00000293 [--S-A-C] CPL=0 II=0 A20=1 SMM=0 HLT=0
ES =0030 0000000000000000 ffffffff 00cf9300 DPL=0 DS   [-WA]
CS =0038 0000000000000000 ffffffff 00af9a00 DPL=0 CS64 [-R-]
SS =0030 0000000000000000 ffffffff 00cf9300 DPL=0 DS   [-WA]
DS =0030 0000000000000000 ffffffff 00cf9300 DPL=0 DS   [-WA]
FS =0030 0000000000000000 ffffffff 00cf9300 DPL=0 DS   [-WA]
GS =0030 0000000000000000 ffffffff 00cf9300 DPL=0 DS   [-WA]
LDT=0000 0000000000000000 0000ffff 00008200 DPL=0 LDT
TR =0048 000000001f5db058 00000067 00008900 DPL=0 TSS64-avl
GDT=     000000001f5db000 00000057
IDT=     000000001f090018 00000fff
CR0=80000033 CR2=0000000000000000 CR3=000000001f801000 CR4=00000668
DR0=0000000000000000 DR1=0000000000000000 DR2=0000000000000000 DR3=0000000000000000 
DR6=00000000ffff0ff0 DR7=0000000000000400
CCS=0000000000000091 CCD=fffffffffffffff2 CCO=EFLAGS
EFER=0000000000000d00
Servicing hardware INT=0x20
   126: v=20 e=0000 i=0 cpl=0 IP=0038:000000001fe9e3a2 pc=000000001fe9e3a2 SP=0030:000000001fe8e288 env->regs[R_EAX]=000000001fe9e3a2
RAX=000000001fe9e3a2 RBX=000000001f4e7c08 RCX=0000000000000010 RDX=000000001f0b2398
RSI=000000001f4e7aa8 RDI=0000000000000000 RBP=000000001fe8e310 RSP=000000001fe8e288
R8 =0000000000000021 R9 =000000001ec74807 R10=0000000000000008 R11=000000001ec6db44
R12=0000000000000160 R13=0000000000000005 R14=000fffffc0000000 R15=000000001fb74930
RIP=000000001fe9e3a2 RFL=00000206 [-----P-] CPL=0 II=0 A20=1 SMM=0 HLT=0
ES =0030 0000000000000000 ffffffff 00cf9300 DPL=0 DS   [-WA]
CS =0038 0000000000000000 ffffffff 00af9a00 DPL=0 CS64 [-R-]
SS =0030 0000000000000000 ffffffff 00cf9300 DPL=0 DS   [-WA]
DS =0030 0000000000000000 ffffffff 00cf9300 DPL=0 DS   [-WA]
FS =0030 0000000000000000 ffffffff 00cf9300 DPL=0 DS   [-WA]
GS =0030 0000000000000000 ffffffff 00cf9300 DPL=0 DS   [-WA]
LDT=0000 0000000000000000 0000ffff 00008200 DPL=0 LDT
TR =0048 000000001f5db058 00000067 00008900 DPL=0 TSS64-avl
GDT=     000000001f5db000 00000057
IDT=     000000001f090018 00000fff
CR0=80000033 CR2=0000000000000000 CR3=000000001f801000 CR4=00000668
DR0=0000000000000000 DR1=0000000000000000 DR2=0000000000000000 DR3=0000000000000000 
DR6=00000000ffff0ff0 DR7=0000000000000400
CCS=0000000000000004 CCD=000000001fe8e290 CCO=EFLAGS
EFER=0000000000000d00
Servicing hardware INT=0x20
   127: v=20 e=0000 i=0 cpl=0 IP=0038:000000001f0ac3ce pc=000000001f0ac3ce SP=0030:000000001fe8e260 env->regs[R_EAX]=0000000000000010
RAX=0000000000000010 RBX=000000001fe8e3c4 RCX=0000000000000010 RDX=000000001fe8e3c4
RSI=0000000000000008 RDI=0000000000000005 RBP=000000001fe8e280 RSP=000000001fe8e260
R8 =0000000000000021 R9 =000000001ec74807 R10=0000000000000008 R11=000000001ec6db44
R12=000000dc57400000 R13=0000000000000005 R14=000fffffc0000000 R15=000000001fb755c8
RIP=000000001f0ac3ce RFL=00000293 [--S-A-C] CPL=0 II=0 A20=1 SMM=0 HLT=0
ES =0030 0000000000000000 ffffffff 00cf9300 DPL=0 DS   [-WA]
CS =0038 0000000000000000 ffffffff 00af9a00 DPL=0 CS64 [-R-]
SS =0030 0000000000000000 ffffffff 00cf9300 DPL=0 DS   [-WA]
DS =0030 0000000000000000 ffffffff 00cf9300 DPL=0 DS   [-WA]
FS =0030 0000000000000000 ffffffff 00cf9300 DPL=0 DS   [-WA]
GS =0030 0000000000000000 ffffffff 00cf9300 DPL=0 DS   [-WA]
LDT=0000 0000000000000000 0000ffff 00008200 DPL=0 LDT
TR =0048 000000001f5db058 00000067 00008900 DPL=0 TSS64-avl
GDT=     000000001f5db000 00000057
IDT=     000000001f090018 00000fff
CR0=80000033 CR2=0000000000000000 CR3=000000001f801000 CR4=00000668
DR0=0000000000000000 DR1=0000000000000000 DR2=0000000000000000 DR3=0000000000000000 
DR6=00000000ffff0ff0 DR7=0000000000000400
CCS=0000000000000091 CCD=fffffffffffffff2 CCO=EFLAGS
EFER=0000000000000d00
Servicing hardware INT=0x20
   128: v=20 e=0000 i=0 cpl=0 IP=0038:000000001f0acc80 pc=000000001f0acc80 SP=0030:000000001fe8e2b0 env->regs[R_EAX]=0000000008000168
RAX=0000000008000168 RBX=000000001f4e7aa8 RCX=000000001f4e7bcc RDX=000000001f0b2398
RSI=000000001f4e7aa8 RDI=0000000000000000 RBP=000000001fe8e310 RSP=000000001fe8e2b0
R8 =0000000000000021 R9 =000000001ec74807 R10=0000000000000008 R11=000000001ec6db44
R12=0000000000000168 R13=0000000000000007 R14=000fffffc0000000 R15=000000001fb76088
RIP=000000001f0acc80 RFL=00000287 [--S--PC] CPL=0 II=0 A20=1 SMM=0 HLT=0
ES =0030 0000000000000000 ffffffff 00cf9300 DPL=0 DS   [-WA]
CS =0038 0000000000000000 ffffffff 00af9a00 DPL=0 CS64 [-R-]
SS =0030 0000000000000000 ffffffff 00cf9300 DPL=0 DS   [-WA]
DS =0030 0000000000000000 ffffffff 00cf9300 DPL=0 DS   [-WA]
FS =0030 0000000000000000 ffffffff 00cf9300 DPL=0 DS   [-WA]
GS =0030 0000000000000000 ffffffff 00cf9300 DPL=0 DS   [-WA]
LDT=0000 0000000000000000 0000ffff 00008200 DPL=0 LDT
TR =0048 000000001f5db058 00000067 00008900 DPL=0 TSS64-avl
GDT=     000000001f5db000 00000057
IDT=     000000001f090018 00000fff
CR0=80000033 CR2=0000000000000000 CR3=000000001f801000 CR4=00000668
DR0=0000000000000000 DR1=0000000000000000 DR2=0000000000000000 DR3=0000000000000000 
DR6=00000000ffff0ff0 DR7=0000000000000400
CCS=0000000000000085 CCD=ffffffffc0000000 CCO=EFLAGS
EFER=0000000000000d00
Servicing hardware INT=0x20
   129: v=20 e=0000 i=0 cpl=0 IP=0038:000000001f0ac3ce pc=000000001f0ac3ce SP=0030:000000001fe8e260 env->regs[R_EAX]=0000000000000010
RAX=0000000000000010 RBX=000000001fe8e3c4 RCX=0000000000000010 RDX=000000001fe8e3c4
RSI=0000000000000008 RDI=0000000000000005 RBP=000000001fe8e280 RSP=000000001fe8e260
R8 =0000000000000021 R9 =000000001ec74807 R10=0000000000000008 R11=000000001ec6db44
R12=000000dcb8400000 R13=0000000000000005 R14=000fffffc0000000 R15=000000001fb76e08
RIP=000000001f0ac3ce RFL=00000293 [--S-A-C] CPL=0 II=0 A20=1 SMM=0 HLT=0
ES =0030 0000000000000000 ffffffff 00cf9300 DPL=0 DS   [-WA]
CS =0038 0000000000000000 ffffffff 00af9a00 DPL=0 CS64 [-R-]
SS =0030 0000000000000000 ffffffff 00cf9300 DPL=0 DS   [-WA]
DS =0030 0000000000000000 ffffffff 00cf9300 DPL=0 DS   [-WA]
FS =0030 0000000000000000 ffffffff 00cf9300 DPL=0 DS   [-WA]
GS =0030 0000000000000000 ffffffff 00cf9300 DPL=0 DS   [-WA]
LDT=0000 0000000000000000 0000ffff 00008200 DPL=0 LDT
TR =0048 000000001f5db058 00000067 00008900 DPL=0 TSS64-avl
GDT=     000000001f5db000 00000057
IDT=     000000001f090018 00000fff
CR0=80000033 CR2=0000000000000000 CR3=000000001f801000 CR4=00000668
DR0=0000000000000000 DR1=0000000000000000 DR2=0000000000000000 DR3=0000000000000000 
DR6=00000000ffff0ff0 DR7=0000000000000400
CCS=0000000000000091 CCD=fffffffffffffff2 CCO=EFLAGS
EFER=0000000000000d00
Servicing hardware INT=0x20
   130: v=20 e=0000 i=0 cpl=0 IP=0038:000000001f0acc1e pc=000000001f0acc1e SP=0030:000000001fe8e290 env->regs[R_EAX]=0000000000000010
RAX=0000000000000010 RBX=000000001fe8e3c4 RCX=0000000000000010 RDX=0000000000000000
RSI=0000000000000008 RDI=0000000000000007 RBP=000000001fe8e310 RSP=000000001fe8e290
R8 =0000000000000021 R9 =000000001ec74807 R10=0000000000000008 R11=000000001ec6db44
R12=000000dcf0800000 R13=0000000000000007 R14=000fffffc0000000 R15=000000001fb77c18
RIP=000000001f0acc1e RFL=00000293 [--S-A-C] CPL=0 II=0 A20=1 SMM=0 HLT=0
ES =0030 0000000000000000 ffffffff 00cf9300 DPL=0 DS   [-WA]
CS =0038 0000000000000000 ffffffff 00af9a00 DPL=0 CS64 [-R-]
SS =0030 0000000000000000 ffffffff 00cf9300 DPL=0 DS   [-WA]
DS =0030 0000000000000000 ffffffff 00cf9300 DPL=0 DS   [-WA]
FS =0030 0000000000000000 ffffffff 00cf9300 DPL=0 DS   [-WA]
GS =0030 0000000000000000 ffffffff 00cf9300 DPL=0 DS   [-WA]
LDT=0000 0000000000000000 0000ffff 00008200 DPL=0 LDT
TR =0048 000000001f5db058 00000067 00008900 DPL=0 TSS64-avl
GDT=     000000001f5db000 00000057
IDT=     000000001f090018 00000fff
CR0=80000033 CR2=0000000000000000 CR3=000000001f801000 CR4=00000668
DR0=0000000000000000 DR1=0000000000000000 DR2=0000000000000000 DR3=0000000000000000 
DR6=00000000ffff0ff0 DR7=0000000000000400
CCS=0000000000000091 CCD=fffffffffffffff2 CCO=EFLAGS
EFER=0000000000000d00
Servicing hardware INT=0x20
   131: v=20 e=0000 i=0 cpl=0 IP=0038:000000001ec5e266 pc=000000001ec5e266 SP=0030:000000001fe8e1c8 env->regs[R_EAX]=000000001ec6dec0
RAX=000000001ec6dec0 RBX=0000000000000010 RCX=000000001ec6dec0 RDX=0000000000000010
RSI=00000000ffffffff RDI=0000000000000001 RBP=000000001fe8e200 RSP=000000001fe8e1c8
R8 =0000000000000021 R9 =000000001ec74807 R10=0000000000000008 R11=000000001ec6db44
R12=0000000000000168 R13=0000000000000007 R14=000fffffc0000000 R15=000000001feb2ac0
RIP=000000001ec5e266 RFL=00000202 [-------] CPL=0 II=0 A20=1 SMM=0 HLT=0
ES =0030 0000000000000000 ffffffff 00cf9300 DPL=0 DS   [-WA]
CS =0038 0000000000000000 ffffffff 00af9a00 DPL=0 CS64 [-R-]
SS =0030 0000000000000000 ffffffff 00cf9300 DPL=0 DS   [-WA]
DS =0030 0000000000000000 ffffffff 00cf9300 DPL=0 DS   [-WA]
FS =0030 0000000000000000 ffffffff 00cf9300 DPL=0 DS   [-WA]
GS =0030 0000000000000000 ffffffff 00cf9300 DPL=0 DS   [-WA]
LDT=0000 0000000000000000 0000ffff 00008200 DPL=0 LDT
TR =0048 000000001f5db058 00000067 00008900 DPL=0 TSS64-avl
GDT=     000000001f5db000 00000057
IDT=     000000001f090018 00000fff
CR0=80000033 CR2=0000000000000000 CR3=000000001f801000 CR4=00000668
DR0=0000000000000000 DR1=0000000000000000 DR2=0000000000000000 DR3=0000000000000000 
DR6=00000000ffff0ff0 DR7=0000000000000400
CCS=0000000000000000 CCD=000000001fe8e1d0 CCO=EFLAGS
EFER=0000000000000d00
Servicing hardware INT=0x20
   132: v=20 e=0000 i=0 cpl=0 IP=0038:000000001ec5e266 pc=000000001ec5e266 SP=0030:000000001fe8e1c8 env->regs[R_EAX]=000000001ec6dec0
RAX=000000001ec6dec0 RBX=0000000000000010 RCX=000000001ec6dec0 RDX=0000000000000010
RSI=00000000ffffffff RDI=0000000000000001 RBP=000000001fe8e200 RSP=000000001fe8e1c8
R8 =0000000000000021 R9 =000000001ec74807 R10=0000000000000008 R11=000000001ec6db44
R12=0000000000000168 R13=0000000000000007 R14=000fffffc0000000 R15=000000001feb2ac0
RIP=000000001ec5e266 RFL=00000202 [-------] CPL=0 II=0 A20=1 SMM=0 HLT=0
ES =0030 0000000000000000 ffffffff 00cf9300 DPL=0 DS   [-WA]
CS =0038 0000000000000000 ffffffff 00af9a00 DPL=0 CS64 [-R-]
SS =0030 0000000000000000 ffffffff 00cf9300 DPL=0 DS   [-WA]
DS =0030 0000000000000000 ffffffff 00cf9300 DPL=0 DS   [-WA]
FS =0030 0000000000000000 ffffffff 00cf9300 DPL=0 DS   [-WA]
GS =0030 0000000000000000 ffffffff 00cf9300 DPL=0 DS   [-WA]
LDT=0000 0000000000000000 0000ffff 00008200 DPL=0 LDT
TR =0048 000000001f5db058 00000067 00008900 DPL=0 TSS64-avl
GDT=     000000001f5db000 00000057
IDT=     000000001f090018 00000fff
CR0=80000033 CR2=0000000000000000 CR3=000000001f801000 CR4=00000668
DR0=0000000000000000 DR1=0000000000000000 DR2=0000000000000000 DR3=0000000000000000 
DR6=00000000ffff0ff0 DR7=0000000000000400
CCS=0000000000000000 CCD=000000001fe8e1d0 CCO=EFLAGS
EFER=0000000000000d00
Servicing hardware INT=0x20
   133: v=20 e=0000 i=0 cpl=0 IP=0038:000000001ec607af pc=000000001ec607af SP=0030:000000001fe8e340 env->regs[R_EAX]=0000000000000000
RAX=0000000000000000 RBX=000000001fe8e3c4 RCX=000000001ec6dec0 RDX=0000000000000010
RSI=000000dd87400000 RDI=000000001fe8e3c8 RBP=000000001fe8e380 RSP=000000001fe8e340
R8 =0000000000000021 R9 =000000001ec74807 R10=0000000000000008 R11=000000001ec6db44
R12=000000dd87400000 R13=000000001fe8e3c8 R14=000fffffc0000000 R15=000000001fb7a1c8
RIP=000000001ec607af RFL=00000206 [-----P-] CPL=0 II=0 A20=1 SMM=0 HLT=0
ES =0030 0000000000000000 ffffffff 00cf9300 DPL=0 DS   [-WA]
CS =0038 0000000000000000 ffffffff 00af9a00 DPL=0 CS64 [-R-]
SS =0030 0000000000000000 ffffffff 00cf9300 DPL=0 DS   [-WA]
DS =0030 0000000000000000 ffffffff 00cf9300 DPL=0 DS   [-WA]
FS =0030 0000000000000000 ffffffff 00cf9300 DPL=0 DS   [-WA]
GS =0030 0000000000000000 ffffffff 00cf9300 DPL=0 DS   [-WA]
LDT=0000 0000000000000000 0000ffff 00008200 DPL=0 LDT
TR =0048 000000001f5db058 00000067 00008900 DPL=0 TSS64-avl
GDT=     000000001f5db000 00000057
IDT=     000000001f090018 00000fff
CR0=80000033 CR2=0000000000000000 CR3=000000001f801000 CR4=00000668
DR0=0000000000000000 DR1=0000000000000000 DR2=0000000000000000 DR3=0000000000000000 
DR6=00000000ffff0ff0 DR7=0000000000000400
CCS=0000000000000004 CCD=000000001fe8e248 CCO=EFLAGS
EFER=0000000000000d00
Servicing hardware INT=0x20
   134: v=20 e=0000 i=0 cpl=0 IP=0038:000000001f0acc1e pc=000000001f0acc1e SP=0030:000000001fe8e290 env->regs[R_EAX]=0000000000000010
RAX=0000000000000010 RBX=000000001fe8e3c4 RCX=0000000000000010 RDX=0000000000000000
RSI=0000000000000008 RDI=0000000000000007 RBP=000000001fe8e310 RSP=000000001fe8e290
R8 =0000000000000021 R9 =000000001ec74807 R10=0000000000000008 R11=000000001ec6db44
R12=000000ddac200000 R13=0000000000000007 R14=000fffffc0000000 R15=000000001fb7ab00
RIP=000000001f0acc1e RFL=00000293 [--S-A-C] CPL=0 II=0 A20=1 SMM=0 HLT=0
ES =0030 0000000000000000 ffffffff 00cf9300 DPL=0 DS   [-WA]
CS =0038 0000000000000000 ffffffff 00af9a00 DPL=0 CS64 [-R-]
SS =0030 0000000000000000 ffffffff 00cf9300 DPL=0 DS   [-WA]
DS =0030 0000000000000000 ffffffff 00cf9300 DPL=0 DS   [-WA]
FS =0030 0000000000000000 ffffffff 00cf9300 DPL=0 DS   [-WA]
GS =0030 0000000000000000 ffffffff 00cf9300 DPL=0 DS   [-WA]
LDT=0000 0000000000000000 0000ffff 00008200 DPL=0 LDT
TR =0048 000000001f5db058 00000067 00008900 DPL=0 TSS64-avl
GDT=     000000001f5db000 00000057
IDT=     000000001f090018 00000fff
CR0=80000033 CR2=0000000000000000 CR3=000000001f801000 CR4=00000668
DR0=0000000000000000 DR1=0000000000000000 DR2=0000000000000000 DR3=0000000000000000 
DR6=00000000ffff0ff0 DR7=0000000000000400
CCS=0000000000000091 CCD=fffffffffffffff2 CCO=EFLAGS
EFER=0000000000000d00
Servicing hardware INT=0x20
   135: v=20 e=0000 i=0 cpl=0 IP=0038:000000001f0acc1e pc=000000001f0acc1e SP=0030:000000001fe8e290 env->regs[R_EAX]=0000000000000010
RAX=0000000000000010 RBX=000000001fe8e3c4 RCX=0000000000000010 RDX=0000000000000000
RSI=0000000000000008 RDI=0000000000000007 RBP=000000001fe8e310 RSP=000000001fe8e290
R8 =0000000000000021 R9 =000000001ec74807 R10=0000000000000008 R11=000000001ec6db44
R12=000000ddd2c00000 R13=0000000000000007 R14=000fffffc0000000 R15=000000001fb7b4a8
RIP=000000001f0acc1e RFL=00000293 [--S-A-C] CPL=0 II=0 A20=1 SMM=0 HLT=0
ES =0030 0000000000000000 ffffffff 00cf9300 DPL=0 DS   [-WA]
CS =0038 0000000000000000 ffffffff 00af9a00 DPL=0 CS64 [-R-]
SS =0030 0000000000000000 ffffffff 00cf9300 DPL=0 DS   [-WA]
DS =0030 0000000000000000 ffffffff 00cf9300 DPL=0 DS   [-WA]
FS =0030 0000000000000000 ffffffff 00cf9300 DPL=0 DS   [-WA]
GS =0030 0000000000000000 ffffffff 00cf9300 DPL=0 DS   [-WA]
LDT=0000 0000000000000000 0000ffff 00008200 DPL=0 LDT
TR =0048 000000001f5db058 00000067 00008900 DPL=0 TSS64-avl
GDT=     000000001f5db000 00000057
IDT=     000000001f090018 00000fff
CR0=80000033 CR2=0000000000000000 CR3=000000001f801000 CR4=00000668
DR0=0000000000000000 DR1=0000000000000000 DR2=0000000000000000 DR3=0000000000000000 
DR6=00000000ffff0ff0 DR7=0000000000000400
CCS=0000000000000091 CCD=fffffffffffffff2 CCO=EFLAGS
EFER=0000000000000d00
Servicing hardware INT=0x20
   136: v=20 e=0000 i=0 cpl=0 IP=0038:000000001f0acc1e pc=000000001f0acc1e SP=0030:000000001fe8e290 env->regs[R_EAX]=0000000000000010
RAX=0000000000000010 RBX=000000001fe8e3c4 RCX=0000000000000010 RDX=000000001fe8e3c4
RSI=0000000000000008 RDI=0000000000000005 RBP=000000001fe8e310 RSP=000000001fe8e290
R8 =0000000000000021 R9 =000000001ec74807 R10=0000000000000008 R11=000000001ec6db44
R12=000000ddff200000 R13=0000000000000005 R14=000fffffc0000000 R15=000000001fb7bfc0
RIP=000000001f0acc1e RFL=00000293 [--S-A-C] CPL=0 II=0 A20=1 SMM=0 HLT=0
ES =0030 0000000000000000 ffffffff 00cf9300 DPL=0 DS   [-WA]
CS =0038 0000000000000000 ffffffff 00af9a00 DPL=0 CS64 [-R-]
SS =0030 0000000000000000 ffffffff 00cf9300 DPL=0 DS   [-WA]
DS =0030 0000000000000000 ffffffff 00cf9300 DPL=0 DS   [-WA]
FS =0030 0000000000000000 ffffffff 00cf9300 DPL=0 DS   [-WA]
GS =0030 0000000000000000 ffffffff 00cf9300 DPL=0 DS   [-WA]
LDT=0000 0000000000000000 0000ffff 00008200 DPL=0 LDT
TR =0048 000000001f5db058 00000067 00008900 DPL=0 TSS64-avl
GDT=     000000001f5db000 00000057
IDT=     000000001f090018 00000fff
CR0=80000033 CR2=0000000000000000 CR3=000000001f801000 CR4=00000668
DR0=0000000000000000 DR1=0000000000000000 DR2=0000000000000000 DR3=0000000000000000 
DR6=00000000ffff0ff0 DR7=0000000000000400
CCS=0000000000000091 CCD=fffffffffffffff2 CCO=EFLAGS
EFER=0000000000000d00
Servicing hardware INT=0x20
   137: v=20 e=0000 i=0 cpl=0 IP=0038:000000001f0acc1e pc=000000001f0acc1e SP=0030:000000001fe8e290 env->regs[R_EAX]=0000000000000010
RAX=0000000000000010 RBX=000000001fe8e3c4 RCX=0000000000000010 RDX=000000001fe8e3c4
RSI=0000000000000008 RDI=0000000000000005 RBP=000000001fe8e310 RSP=000000001fe8e290
R8 =0000000000000021 R9 =000000001ec74807 R10=0000000000000008 R11=000000001ec6db44
R12=000000de25800000 R13=0000000000000005 R14=000fffffc0000000 R15=000000001fb7c958
RIP=000000001f0acc1e RFL=00000293 [--S-A-C] CPL=0 II=0 A20=1 SMM=0 HLT=0
ES =0030 0000000000000000 ffffffff 00cf9300 DPL=0 DS   [-WA]
CS =0038 0000000000000000 ffffffff 00af9a00 DPL=0 CS64 [-R-]
SS =0030 0000000000000000 ffffffff 00cf9300 DPL=0 DS   [-WA]
DS =0030 0000000000000000 ffffffff 00cf9300 DPL=0 DS   [-WA]
FS =0030 0000000000000000 ffffffff 00cf9300 DPL=0 DS   [-WA]
GS =0030 0000000000000000 ffffffff 00cf9300 DPL=0 DS   [-WA]
LDT=0000 0000000000000000 0000ffff 00008200 DPL=0 LDT
TR =0048 000000001f5db058 00000067 00008900 DPL=0 TSS64-avl
GDT=     000000001f5db000 00000057
IDT=     000000001f090018 00000fff
CR0=80000033 CR2=0000000000000000 CR3=000000001f801000 CR4=00000668
DR0=0000000000000000 DR1=0000000000000000 DR2=0000000000000000 DR3=0000000000000000 
DR6=00000000ffff0ff0 DR7=0000000000000400
CCS=0000000000000091 CCD=fffffffffffffff2 CCO=EFLAGS
EFER=0000000000000d00
Servicing hardware INT=0x20
   138: v=20 e=0000 i=0 cpl=0 IP=0038:000000001ec5e266 pc=000000001ec5e266 SP=0030:000000001fe8e1c8 env->regs[R_EAX]=000000001ec6dec0
RAX=000000001ec6dec0 RBX=0000000000000010 RCX=000000001ec6dec0 RDX=0000000000000010
RSI=00000000ffffffff RDI=0000000000000001 RBP=000000001fe8e200 RSP=000000001fe8e1c8
R8 =0000000000000021 R9 =000000001ec74807 R10=0000000000000008 R11=000000001ec6db44
R12=0000000000000168 R13=0000000000000007 R14=000fffffc0000000 R15=000000001feb2ac0
RIP=000000001ec5e266 RFL=00000202 [-------] CPL=0 II=0 A20=1 SMM=0 HLT=0
ES =0030 0000000000000000 ffffffff 00cf9300 DPL=0 DS   [-WA]
CS =0038 0000000000000000 ffffffff 00af9a00 DPL=0 CS64 [-R-]
SS =0030 0000000000000000 ffffffff 00cf9300 DPL=0 DS   [-WA]
DS =0030 0000000000000000 ffffffff 00cf9300 DPL=0 DS   [-WA]
FS =0030 0000000000000000 ffffffff 00cf9300 DPL=0 DS   [-WA]
GS =0030 0000000000000000 ffffffff 00cf9300 DPL=0 DS   [-WA]
LDT=0000 0000000000000000 0000ffff 00008200 DPL=0 LDT
TR =0048 000000001f5db058 00000067 00008900 DPL=0 TSS64-avl
GDT=     000000001f5db000 00000057
IDT=     000000001f090018 00000fff
CR0=80000033 CR2=0000000000000000 CR3=000000001f801000 CR4=00000668
DR0=0000000000000000 DR1=0000000000000000 DR2=0000000000000000 DR3=0000000000000000 
DR6=00000000ffff0ff0 DR7=0000000000000400
CCS=0000000000000000 CCD=000000001fe8e1d0 CCO=EFLAGS
EFER=0000000000000d00
Servicing hardware INT=0x20
   139: v=20 e=0000 i=0 cpl=0 IP=0038:000000001f0acc1e pc=000000001f0acc1e SP=0030:000000001fe8e290 env->regs[R_EAX]=0000000000000010
RAX=0000000000000010 RBX=000000001fe8e3c4 RCX=0000000000000010 RDX=000000001fe8e3c4
RSI=0000000000000008 RDI=0000000000000005 RBP=000000001fe8e310 RSP=000000001fe8e290
R8 =0000000000000021 R9 =000000001ec74807 R10=0000000000000008 R11=000000001ec6db44
R12=000000de7ec00000 R13=0000000000000005 R14=000fffffc0000000 R15=000000001fb7dfa8
RIP=000000001f0acc1e RFL=00000293 [--S-A-C] CPL=0 II=0 A20=1 SMM=0 HLT=0
ES =0030 0000000000000000 ffffffff 00cf9300 DPL=0 DS   [-WA]
CS =0038 0000000000000000 ffffffff 00af9a00 DPL=0 CS64 [-R-]
SS =0030 0000000000000000 ffffffff 00cf9300 DPL=0 DS   [-WA]
DS =0030 0000000000000000 ffffffff 00cf9300 DPL=0 DS   [-WA]
FS =0030 0000000000000000 ffffffff 00cf9300 DPL=0 DS   [-WA]
GS =0030 0000000000000000 ffffffff 00cf9300 DPL=0 DS   [-WA]
LDT=0000 0000000000000000 0000ffff 00008200 DPL=0 LDT
TR =0048 000000001f5db058 00000067 00008900 DPL=0 TSS64-avl
GDT=     000000001f5db000 00000057
IDT=     000000001f090018 00000fff
CR0=80000033 CR2=0000000000000000 CR3=000000001f801000 CR4=00000668
DR0=0000000000000000 DR1=0000000000000000 DR2=0000000000000000 DR3=0000000000000000 
DR6=00000000ffff0ff0 DR7=0000000000000400
CCS=0000000000000091 CCD=fffffffffffffff2 CCO=EFLAGS
EFER=0000000000000d00
Servicing hardware INT=0x20
   140: v=20 e=0000 i=0 cpl=0 IP=0038:000000001f0acc1e pc=000000001f0acc1e SP=0030:000000001fe8e290 env->regs[R_EAX]=0000000000000010
RAX=0000000000000010 RBX=000000001fe8e3c4 RCX=0000000000000010 RDX=000000001fe8e3c4
RSI=0000000000000008 RDI=0000000000000005 RBP=000000001fe8e310 RSP=000000001fe8e290
R8 =0000000000000021 R9 =000000001ec74807 R10=0000000000000008 R11=000000001ec6db44
R12=000000dea0200000 R13=0000000000000005 R14=000fffffc0000000 R15=000000001fb7e800
RIP=000000001f0acc1e RFL=00000293 [--S-A-C] CPL=0 II=0 A20=1 SMM=0 HLT=0
ES =0030 0000000000000000 ffffffff 00cf9300 DPL=0 DS   [-WA]
CS =0038 0000000000000000 ffffffff 00af9a00 DPL=0 CS64 [-R-]
SS =0030 0000000000000000 ffffffff 00cf9300 DPL=0 DS   [-WA]
DS =0030 0000000000000000 ffffffff 00cf9300 DPL=0 DS   [-WA]
FS =0030 0000000000000000 ffffffff 00cf9300 DPL=0 DS   [-WA]
GS =0030 0000000000000000 ffffffff 00cf9300 DPL=0 DS   [-WA]
LDT=0000 0000000000000000 0000ffff 00008200 DPL=0 LDT
TR =0048 000000001f5db058 00000067 00008900 DPL=0 TSS64-avl
GDT=     000000001f5db000 00000057
IDT=     000000001f090018 00000fff
CR0=80000033 CR2=0000000000000000 CR3=000000001f801000 CR4=00000668
DR0=0000000000000000 DR1=0000000000000000 DR2=0000000000000000 DR3=0000000000000000 
DR6=00000000ffff0ff0 DR7=0000000000000400
CCS=0000000000000091 CCD=fffffffffffffff2 CCO=EFLAGS
EFER=0000000000000d00
Servicing hardware INT=0x20
   141: v=20 e=0000 i=0 cpl=0 IP=0038:000000001fe9e3a2 pc=000000001fe9e3a2 SP=0030:000000001fe8e288 env->regs[R_EAX]=000000001fe9e3a2
RAX=000000001fe9e3a2 RBX=000000001f4e7c08 RCX=0000000000000010 RDX=000000001f0b2398
RSI=000000001f4e7aa8 RDI=0000000000000000 RBP=000000001fe8e310 RSP=000000001fe8e288
R8 =0000000000000021 R9 =000000001ec74807 R10=0000000000000008 R11=000000001ec6db44
R12=0000000000000160 R13=0000000000000005 R14=000fffffc0000000 R15=000000001fb7f130
RIP=000000001fe9e3a2 RFL=00000206 [-----P-] CPL=0 II=0 A20=1 SMM=0 HLT=0
ES =0030 0000000000000000 ffffffff 00cf9300 DPL=0 DS   [-WA]
CS =0038 0000000000000000 ffffffff 00af9a00 DPL=0 CS64 [-R-]
SS =0030 0000000000000000 ffffffff 00cf9300 DPL=0 DS   [-WA]
DS =0030 0000000000000000 ffffffff 00cf9300 DPL=0 DS   [-WA]
FS =0030 0000000000000000 ffffffff 00cf9300 DPL=0 DS   [-WA]
GS =0030 0000000000000000 ffffffff 00cf9300 DPL=0 DS   [-WA]
LDT=0000 0000000000000000 0000ffff 00008200 DPL=0 LDT
TR =0048 000000001f5db058 00000067 00008900 DPL=0 TSS64-avl
GDT=     000000001f5db000 00000057
IDT=     000000001f090018 00000fff
CR0=80000033 CR2=0000000000000000 CR3=000000001f801000 CR4=00000668
DR0=0000000000000000 DR1=0000000000000000 DR2=0000000000000000 DR3=0000000000000000 
DR6=00000000ffff0ff0 DR7=0000000000000400
CCS=0000000000000004 CCD=000000001fe8e290 CCO=EFLAGS
EFER=0000000000000d00
Servicing hardware INT=0x20
   142: v=20 e=0000 i=0 cpl=0 IP=0038:000000001f0acc1e pc=000000001f0acc1e SP=0030:000000001fe8e290 env->regs[R_EAX]=0000000000000010
RAX=0000000000000010 RBX=000000001fe8e3c4 RCX=0000000000000010 RDX=0000000000000000
RSI=0000000000000008 RDI=0000000000000007 RBP=000000001fe8e310 RSP=000000001fe8e290
R8 =0000000000000021 R9 =000000001ec74807 R10=0000000000000008 R11=000000001ec6db44
R12=000000deefc00000 R13=0000000000000007 R14=000fffffc0000000 R15=000000001fb7fbe8
RIP=000000001f0acc1e RFL=00000293 [--S-A-C] CPL=0 II=0 A20=1 SMM=0 HLT=0
ES =0030 0000000000000000 ffffffff 00cf9300 DPL=0 DS   [-WA]
CS =0038 0000000000000000 ffffffff 00af9a00 DPL=0 CS64 [-R-]
SS =0030 0000000000000000 ffffffff 00cf9300 DPL=0 DS   [-WA]
DS =0030 0000000000000000 ffffffff 00cf9300 DPL=0 DS   [-WA]
FS =0030 0000000000000000 ffffffff 00cf9300 DPL=0 DS   [-WA]
GS =0030 0000000000000000 ffffffff 00cf9300 DPL=0 DS   [-WA]
LDT=0000 0000000000000000 0000ffff 00008200 DPL=0 LDT
TR =0048 000000001f5db058 00000067 00008900 DPL=0 TSS64-avl
GDT=     000000001f5db000 00000057
IDT=     000000001f090018 00000fff
CR0=80000033 CR2=0000000000000000 CR3=000000001f801000 CR4=00000668
DR0=0000000000000000 DR1=0000000000000000 DR2=0000000000000000 DR3=0000000000000000 
DR6=00000000ffff0ff0 DR7=0000000000000400
CCS=0000000000000091 CCD=fffffffffffffff2 CCO=EFLAGS
EFER=0000000000000d00
Servicing hardware INT=0x20
   143: v=20 e=0000 i=0 cpl=0 IP=0038:000000001ec60749 pc=000000001ec60749 SP=0030:000000001fe8e338 env->regs[R_EAX]=000000df11400083
RAX=000000df11400083 RBX=000000001fe8e3c4 RCX=0000000000000005 RDX=000000001fe8e3c4
RSI=000000df11600000 RDI=000000001fe8e3c8 RBP=000000001fe8e380 RSP=000000001fe8e338
R8 =0000000000000021 R9 =000000001ec74807 R10=0000000000000008 R11=000000001ec6db44
R12=000000df11600000 R13=000000001fe8e3c8 R14=000fffffc0000000 R15=000000001fb80450
RIP=000000001ec60749 RFL=00000202 [-------] CPL=0 II=0 A20=1 SMM=0 HLT=0
ES =0030 0000000000000000 ffffffff 00cf9300 DPL=0 DS   [-WA]
CS =0038 0000000000000000 ffffffff 00af9a00 DPL=0 CS64 [-R-]
SS =0030 0000000000000000 ffffffff 00cf9300 DPL=0 DS   [-WA]
DS =0030 0000000000000000 ffffffff 00cf9300 DPL=0 DS   [-WA]
FS =0030 0000000000000000 ffffffff 00cf9300 DPL=0 DS   [-WA]
GS =0030 0000000000000000 ffffffff 00cf9300 DPL=0 DS   [-WA]
LDT=0000 0000000000000000 0000ffff 00008200 DPL=0 LDT
TR =0048 000000001f5db058 00000067 00008900 DPL=0 TSS64-avl
GDT=     000000001f5db000 00000057
IDT=     000000001f090018 00000fff
CR0=80000033 CR2=0000000000000000 CR3=000000001f801000 CR4=00000668
DR0=0000000000000000 DR1=0000000000000000 DR2=0000000000000000 DR3=0000000000000000 
DR6=00000000ffff0ff0 DR7=0000000000000400
CCS=0000000000000000 CCD=000000001fe8e340 CCO=EFLAGS
EFER=0000000000000d00
Servicing hardware INT=0x20
   144: v=20 e=0000 i=0 cpl=0 IP=0038:000000001f0acc1e pc=000000001f0acc1e SP=0030:000000001fe8e290 env->regs[R_EAX]=0000000000000010
RAX=0000000000000010 RBX=000000001fe8e3c4 RCX=0000000000000010 RDX=0000000000000000
RSI=0000000000000008 RDI=0000000000000007 RBP=000000001fe8e310 RSP=000000001fe8e290
R8 =0000000000000021 R9 =000000001ec74807 R10=0000000000000008 R11=000000001ec6db44
R12=000000df3e600000 R13=0000000000000007 R14=000fffffc0000000 R15=000000001fb80f90
RIP=000000001f0acc1e RFL=00000293 [--S-A-C] CPL=0 II=0 A20=1 SMM=0 HLT=0
ES =0030 0000000000000000 ffffffff 00cf9300 DPL=0 DS   [-WA]
CS =0038 0000000000000000 ffffffff 00af9a00 DPL=0 CS64 [-R-]
SS =0030 0000000000000000 ffffffff 00cf9300 DPL=0 DS   [-WA]
DS =0030 0000000000000000 ffffffff 00cf9300 DPL=0 DS   [-WA]
FS =0030 0000000000000000 ffffffff 00cf9300 DPL=0 DS   [-WA]
GS =0030 0000000000000000 ffffffff 00cf9300 DPL=0 DS   [-WA]
LDT=0000 0000000000000000 0000ffff 00008200 DPL=0 LDT
TR =0048 000000001f5db058 00000067 00008900 DPL=0 TSS64-avl
GDT=     000000001f5db000 00000057
IDT=     000000001f090018 00000fff
CR0=80000033 CR2=0000000000000000 CR3=000000001f801000 CR4=00000668
DR0=0000000000000000 DR1=0000000000000000 DR2=0000000000000000 DR3=0000000000000000 
DR6=00000000ffff0ff0 DR7=0000000000000400
CCS=0000000000000091 CCD=fffffffffffffff2 CCO=EFLAGS
EFER=0000000000000d00
Servicing hardware INT=0x20
   145: v=20 e=0000 i=0 cpl=0 IP=0038:000000001fe9e3a2 pc=000000001fe9e3a2 SP=0030:000000001fe8e288 env->regs[R_EAX]=000000001fe9e3a2
RAX=000000001fe9e3a2 RBX=000000001f4e7c08 RCX=0000000000000010 RDX=000000001f0b2398
RSI=000000001f4e7aa8 RDI=0000000000000000 RBP=000000001fe8e310 RSP=000000001fe8e288
R8 =0000000000000021 R9 =000000001ec74807 R10=0000000000000008 R11=000000001ec6db44
R12=0000000000000160 R13=0000000000000005 R14=000fffffc0000000 R15=000000001fb81630
RIP=000000001fe9e3a2 RFL=00000206 [-----P-] CPL=0 II=0 A20=1 SMM=0 HLT=0
ES =0030 0000000000000000 ffffffff 00cf9300 DPL=0 DS   [-WA]
CS =0038 0000000000000000 ffffffff 00af9a00 DPL=0 CS64 [-R-]
SS =0030 0000000000000000 ffffffff 00cf9300 DPL=0 DS   [-WA]
DS =0030 0000000000000000 ffffffff 00cf9300 DPL=0 DS   [-WA]
FS =0030 0000000000000000 ffffffff 00cf9300 DPL=0 DS   [-WA]
GS =0030 0000000000000000 ffffffff 00cf9300 DPL=0 DS   [-WA]
LDT=0000 0000000000000000 0000ffff 00008200 DPL=0 LDT
TR =0048 000000001f5db058 00000067 00008900 DPL=0 TSS64-avl
GDT=     000000001f5db000 00000057
IDT=     000000001f090018 00000fff
CR0=80000033 CR2=0000000000000000 CR3=000000001f801000 CR4=00000668
DR0=0000000000000000 DR1=0000000000000000 DR2=0000000000000000 DR3=0000000000000000 
DR6=00000000ffff0ff0 DR7=0000000000000400
CCS=0000000000000004 CCD=000000001fe8e290 CCO=EFLAGS
EFER=0000000000000d00
Servicing hardware INT=0x20
   146: v=20 e=0000 i=0 cpl=0 IP=0038:000000001f0acc1e pc=000000001f0acc1e SP=0030:000000001fe8e290 env->regs[R_EAX]=0000000000000010
RAX=0000000000000010 RBX=000000001fe8e3c4 RCX=0000000000000010 RDX=0000000000000000
RSI=0000000000000008 RDI=0000000000000007 RBP=000000001fe8e310 RSP=000000001fe8e290
R8 =0000000000000021 R9 =000000001ec74807 R10=0000000000000008 R11=000000001ec6db44
R12=000000df7f600000 R13=0000000000000007 R14=000fffffc0000000 R15=000000001fb81fd0
RIP=000000001f0acc1e RFL=00000293 [--S-A-C] CPL=0 II=0 A20=1 SMM=0 HLT=0
ES =0030 0000000000000000 ffffffff 00cf9300 DPL=0 DS   [-WA]
CS =0038 0000000000000000 ffffffff 00af9a00 DPL=0 CS64 [-R-]
SS =0030 0000000000000000 ffffffff 00cf9300 DPL=0 DS   [-WA]
DS =0030 0000000000000000 ffffffff 00cf9300 DPL=0 DS   [-WA]
FS =0030 0000000000000000 ffffffff 00cf9300 DPL=0 DS   [-WA]
GS =0030 0000000000000000 ffffffff 00cf9300 DPL=0 DS   [-WA]
LDT=0000 0000000000000000 0000ffff 00008200 DPL=0 LDT
TR =0048 000000001f5db058 00000067 00008900 DPL=0 TSS64-avl
GDT=     000000001f5db000 00000057
IDT=     000000001f090018 00000fff
CR0=80000033 CR2=0000000000000000 CR3=000000001f801000 CR4=00000668
DR0=0000000000000000 DR1=0000000000000000 DR2=0000000000000000 DR3=0000000000000000 
DR6=00000000ffff0ff0 DR7=0000000000000400
CCS=0000000000000091 CCD=fffffffffffffff2 CCO=EFLAGS
EFER=0000000000000d00
Servicing hardware INT=0x20
   147: v=20 e=0000 i=0 cpl=0 IP=0038:000000001f0ace4f pc=000000001f0ace4f SP=0030:000000001fe8e338 env->regs[R_EAX]=000000001f0ace4f
RAX=000000001f0ace4f RBX=000000001fe8e3c4 RCX=0000000000000005 RDX=000000001fe8e3c4
RSI=000000dfa6800000 RDI=000000001fe8e3c8 RBP=000000001fe8e380 RSP=000000001fe8e338
R8 =0000000000000021 R9 =000000001ec74807 R10=0000000000000008 R11=000000001ec6db44
R12=000000dfa6800000 R13=000000001fe8e3c8 R14=000fffffc0000000 R15=000000001fb82998
RIP=000000001f0ace4f RFL=00000206 [-----P-] CPL=0 II=0 A20=1 SMM=0 HLT=0
ES =0030 0000000000000000 ffffffff 00cf9300 DPL=0 DS   [-WA]
CS =0038 0000000000000000 ffffffff 00af9a00 DPL=0 CS64 [-R-]
SS =0030 0000000000000000 ffffffff 00cf9300 DPL=0 DS   [-WA]
DS =0030 0000000000000000 ffffffff 00cf9300 DPL=0 DS   [-WA]
FS =0030 0000000000000000 ffffffff 00cf9300 DPL=0 DS   [-WA]
GS =0030 0000000000000000 ffffffff 00cf9300 DPL=0 DS   [-WA]
LDT=0000 0000000000000000 0000ffff 00008200 DPL=0 LDT
TR =0048 000000001f5db058 00000067 00008900 DPL=0 TSS64-avl
GDT=     000000001f5db000 00000057
IDT=     000000001f090018 00000fff
CR0=80000033 CR2=0000000000000000 CR3=000000001f801000 CR4=00000668
DR0=0000000000000000 DR1=0000000000000000 DR2=0000000000000000 DR3=0000000000000000 
DR6=00000000ffff0ff0 DR7=0000000000000400
CCS=0000000000000004 CCD=000000001fe8e328 CCO=EFLAGS
EFER=0000000000000d00
Servicing hardware INT=0x20
   148: v=20 e=0000 i=0 cpl=0 IP=0038:000000001fe9e3a2 pc=000000001fe9e3a2 SP=0030:000000001fe8e288 env->regs[R_EAX]=000000001fe9e3a2
RAX=000000001fe9e3a2 RBX=000000001f4e7c08 RCX=0000000000000010 RDX=000000001f0b2398
RSI=000000001f4e7aa8 RDI=0000000000000000 RBP=000000001fe8e310 RSP=000000001fe8e288
R8 =0000000000000021 R9 =000000001ec74807 R10=0000000000000008 R11=000000001ec6db44
R12=0000000000000160 R13=0000000000000005 R14=000fffffc0000000 R15=000000001fb83300
RIP=000000001fe9e3a2 RFL=00000206 [-----P-] CPL=0 II=0 A20=1 SMM=0 HLT=0
ES =0030 0000000000000000 ffffffff 00cf9300 DPL=0 DS   [-WA]
CS =0038 0000000000000000 ffffffff 00af9a00 DPL=0 CS64 [-R-]
SS =0030 0000000000000000 ffffffff 00cf9300 DPL=0 DS   [-WA]
DS =0030 0000000000000000 ffffffff 00cf9300 DPL=0 DS   [-WA]
FS =0030 0000000000000000 ffffffff 00cf9300 DPL=0 DS   [-WA]
GS =0030 0000000000000000 ffffffff 00cf9300 DPL=0 DS   [-WA]
LDT=0000 0000000000000000 0000ffff 00008200 DPL=0 LDT
TR =0048 000000001f5db058 00000067 00008900 DPL=0 TSS64-avl
GDT=     000000001f5db000 00000057
IDT=     000000001f090018 00000fff
CR0=80000033 CR2=0000000000000000 CR3=000000001f801000 CR4=00000668
DR0=0000000000000000 DR1=0000000000000000 DR2=0000000000000000 DR3=0000000000000000 
DR6=00000000ffff0ff0 DR7=0000000000000400
CCS=0000000000000004 CCD=000000001fe8e290 CCO=EFLAGS
EFER=0000000000000d00
Servicing hardware INT=0x20
   149: v=20 e=0000 i=0 cpl=0 IP=0038:000000001f0acc1e pc=000000001f0acc1e SP=0030:000000001fe8e290 env->regs[R_EAX]=0000000000000010
RAX=0000000000000010 RBX=000000001fe8e3c4 RCX=0000000000000010 RDX=0000000000000000
RSI=0000000000000008 RDI=0000000000000007 RBP=000000001fe8e310 RSP=000000001fe8e290
R8 =0000000000000021 R9 =000000001ec74807 R10=0000000000000008 R11=000000001ec6db44
R12=000000dff2200000 R13=0000000000000007 R14=000fffffc0000000 R15=000000001fb83c80
RIP=000000001f0acc1e RFL=00000293 [--S-A-C] CPL=0 II=0 A20=1 SMM=0 HLT=0
ES =0030 0000000000000000 ffffffff 00cf9300 DPL=0 DS   [-WA]
CS =0038 0000000000000000 ffffffff 00af9a00 DPL=0 CS64 [-R-]
SS =0030 0000000000000000 ffffffff 00cf9300 DPL=0 DS   [-WA]
DS =0030 0000000000000000 ffffffff 00cf9300 DPL=0 DS   [-WA]
FS =0030 0000000000000000 ffffffff 00cf9300 DPL=0 DS   [-WA]
GS =0030 0000000000000000 ffffffff 00cf9300 DPL=0 DS   [-WA]
LDT=0000 0000000000000000 0000ffff 00008200 DPL=0 LDT
TR =0048 000000001f5db058 00000067 00008900 DPL=0 TSS64-avl
GDT=     000000001f5db000 00000057
IDT=     000000001f090018 00000fff
CR0=80000033 CR2=0000000000000000 CR3=000000001f801000 CR4=00000668
DR0=0000000000000000 DR1=0000000000000000 DR2=0000000000000000 DR3=0000000000000000 
DR6=00000000ffff0ff0 DR7=0000000000000400
CCS=0000000000000091 CCD=fffffffffffffff2 CCO=EFLAGS
EFER=0000000000000d00
Servicing hardware INT=0x20
   150: v=20 e=0000 i=0 cpl=0 IP=0038:000000001fe8f47e pc=000000001fe8f47e SP=0030:000000001fe8ea18 env->regs[R_EAX]=000000001f4ecd20
RAX=000000001f4ecd20 RBX=000000001fe8ea98 RCX=000000001e92d000 RDX=000000001fe8ea28
RSI=000000001fe8ea20 RDI=000000001e92d000 RBP=000000001fe8ea50 RSP=000000001fe8ea18
R8 =000000001fea8670 R9 =0000000000000001 R10=0000000000000000 R11=0000000000000014
R12=000000001e92d000 R13=000000001ec2b798 R14=0000000000000000 R15=000000001e92d000
RIP=000000001fe8f47e RFL=00000287 [--S--PC] CPL=0 II=0 A20=1 SMM=0 HLT=0
ES =0030 0000000000000000 ffffffff 00cf9300 DPL=0 DS   [-WA]
CS =0038 0000000000000000 ffffffff 00af9a00 DPL=0 CS64 [-R-]
SS =0030 0000000000000000 ffffffff 00cf9300 DPL=0 DS   [-WA]
DS =0030 0000000000000000 ffffffff 00cf9300 DPL=0 DS   [-WA]
FS =0030 0000000000000000 ffffffff 00cf9300 DPL=0 DS   [-WA]
GS =0030 0000000000000000 ffffffff 00cf9300 DPL=0 DS   [-WA]
LDT=0000 0000000000000000 0000ffff 00008200 DPL=0 LDT
TR =0048 000000001f5db058 00000067 00008900 DPL=0 TSS64-avl
GDT=     000000001f5db000 00000057
IDT=     000000001f090018 00000fff
CR0=80010033 CR2=0000000000000000 CR3=000000001f801000 CR4=00000668
DR0=0000000000000000 DR1=0000000000000000 DR2=0000000000000000 DR3=0000000000000000 
DR6=00000000ffff0ff0 DR7=0000000000000400
CCS=0000000000000085 CCD=ffffffffe1772fff CCO=EFLAGS
EFER=0000000000000d00
Servicing hardware INT=0x20
   151: v=20 e=0000 i=0 cpl=0 IP=0038:000000001fea5bcc pc=000000001fea5bcc SP=0030:000000001fe8e9b0 env->regs[R_EAX]=00000000000000af
RAX=00000000000000af RBX=0000000000000007 RCX=0000000000000000 RDX=000000001ec27000
RSI=000000001fea97e8 RDI=000000001ec2a000 RBP=000000001fe8ea50 RSP=000000001fe8e9b0
R8 =00000000000000af R9 =0000000000000003 R10=000000001fea7110 R11=000000001fea8360
R12=000000001ec29fff R13=000000001fea82d0 R14=000000001ec2a000 R15=000000001fea7fa0
RIP=000000001fea5bcc RFL=00000206 [-----P-] CPL=0 II=0 A20=1 SMM=0 HLT=0
ES =0030 0000000000000000 ffffffff 00cf9300 DPL=0 DS   [-WA]
CS =0038 0000000000000000 ffffffff 00af9a00 DPL=0 CS64 [-R-]
SS =0030 0000000000000000 ffffffff 00cf9300 DPL=0 DS   [-WA]
DS =0030 0000000000000000 ffffffff 00cf9300 DPL=0 DS   [-WA]
FS =0030 0000000000000000 ffffffff 00cf9300 DPL=0 DS   [-WA]
GS =0030 0000000000000000 ffffffff 00cf9300 DPL=0 DS   [-WA]
LDT=0000 0000000000000000 0000ffff 00008200 DPL=0 LDT
TR =0048 000000001f5db058 00000067 00008900 DPL=0 TSS64-avl
GDT=     000000001f5db000 00000057
IDT=     000000001f090018 00000fff
CR0=80010033 CR2=0000000000000000 CR3=000000001f801000 CR4=00000668
DR0=0000000000000000 DR1=0000000000000000 DR2=0000000000000000 DR3=0000000000000000 
DR6=00000000ffff0ff0 DR7=0000000000000400
CCS=0000000000000004 CCD=0000000000003000 CCO=EFLAGS
EFER=0000000000000d00
Servicing hardware INT=0x20
   152: v=20 e=0000 i=0 cpl=0 IP=0038:000000001fe9981c pc=000000001fe9981c SP=0030:000000001fe8e960 env->regs[R_EAX]=000000001f4e1207
RAX=000000001f4e1207 RBX=000000001fe8ea2c RCX=000000001f468018 RDX=0000000000000000
RSI=000000001fe8ea2b RDI=000000001fe8ea38 RBP=000000001fe8e9c0 RSP=000000001fe8e960
R8 =000000001f4e1ba0 R9 =000000001fe8ea38 R10=0000000000000000 R11=0000000000000014
R12=000000001f4e1b98 R13=000000001f4e1b18 R14=000000001fe8eb08 R15=000000001fe8eb00
RIP=000000001fe9981c RFL=00000246 [---Z-P-] CPL=0 II=0 A20=1 SMM=0 HLT=0
ES =0030 0000000000000000 ffffffff 00cf9300 DPL=0 DS   [-WA]
CS =0038 0000000000000000 ffffffff 00af9a00 DPL=0 CS64 [-R-]
SS =0030 0000000000000000 ffffffff 00cf9300 DPL=0 DS   [-WA]
DS =0030 0000000000000000 ffffffff 00cf9300 DPL=0 DS   [-WA]
FS =0030 0000000000000000 ffffffff 00cf9300 DPL=0 DS   [-WA]
GS =0030 0000000000000000 ffffffff 00cf9300 DPL=0 DS   [-WA]
LDT=0000 0000000000000000 0000ffff 00008200 DPL=0 LDT
TR =0048 000000001f5db058 00000067 00008900 DPL=0 TSS64-avl
GDT=     000000001f5db000 00000057
IDT=     000000001f090018 00000fff
CR0=80010033 CR2=0000000000000000 CR3=000000001f801000 CR4=00000668
DR0=0000000000000000 DR1=0000000000000000 DR2=0000000000000000 DR3=0000000000000000 
DR6=00000000ffff0ff0 DR7=0000000000000400
CCS=0000000000000044 CCD=0000000000000000 CCO=EFLAGS
EFER=0000000000000d00
Servicing hardware INT=0x20
   153: v=20 e=0000 i=0 cpl=0 IP=0038:000000001fe8f79f pc=000000001fe8f79f SP=0030:000000001fe8e8e0 env->regs[R_EAX]=0000000003688600
RAX=0000000003688600 RBX=0000000000000000 RCX=a472b72fb8ed37b0 RDX=000000001fea8600
RSI=0000000000000000 RDI=000000001fea8650 RBP=000000001fe8e910 RSP=000000001fe8e8e0
R8 =0000000000000000 R9 =000000001fe8ea90 R10=000000001fea7110 R11=000000001ec1ea88
R12=000000001f0b2f20 R13=000000001fea8650 R14=000000001fea85f0 R15=0000000000000000
RIP=000000001fe8f79f RFL=00000246 [---Z-P-] CPL=0 II=0 A20=1 SMM=0 HLT=0
ES =0030 0000000000000000 ffffffff 00cf9300 DPL=0 DS   [-WA]
CS =0038 0000000000000000 ffffffff 00af9a00 DPL=0 CS64 [-R-]
SS =0030 0000000000000000 ffffffff 00cf9300 DPL=0 DS   [-WA]
DS =0030 0000000000000000 ffffffff 00cf9300 DPL=0 DS   [-WA]
FS =0030 0000000000000000 ffffffff 00cf9300 DPL=0 DS   [-WA]
GS =0030 0000000000000000 ffffffff 00cf9300 DPL=0 DS   [-WA]
LDT=0000 0000000000000000 0000ffff 00008200 DPL=0 LDT
TR =0048 000000001f5db058 00000067 00008900 DPL=0 TSS64-avl
GDT=     000000001f5db000 00000057
IDT=     000000001f090018 00000fff
CR0=80010033 CR2=0000000000000000 CR3=000000001f801000 CR4=00000668
DR0=0000000000000000 DR1=0000000000000000 DR2=0000000000000000 DR3=0000000000000000 
DR6=00000000ffff0ff0 DR7=0000000000000400
CCS=0000000000000044 CCD=0000000000000000 CCO=EFLAGS
EFER=0000000000000d00
Servicing hardware INT=0x20
   154: v=20 e=0000 i=0 cpl=0 IP=0038:000000001e921965 pc=000000001e921965 SP=0030:000000001fe8ec70 env->regs[R_EAX]=0000000000000000
RAX=0000000000000000 RBX=000000001fe8ecd8 RCX=000000001ec6dec0 RDX=00000000000000af
RSI=000000001f76c000 RDI=000000001ec1e318 RBP=000000001fe8ed00 RSP=000000001fe8ec70
R8 =000000001fe8e978 R9 =ffffffffffffffff R10=000000001fea7110 R11=000000001ec29f88
R12=000000001f5ec018 R13=0000000000000000 R14=000000001fea9530 R15=000000001fea78e0
RIP=000000001e921965 RFL=00000246 [---Z-P-] CPL=0 II=0 A20=1 SMM=0 HLT=0
ES =0030 0000000000000000 ffffffff 00cf9300 DPL=0 DS   [-WA]
CS =0038 0000000000000000 ffffffff 00af9a00 DPL=0 CS64 [-R-]
SS =0030 0000000000000000 ffffffff 00cf9300 DPL=0 DS   [-WA]
DS =0030 0000000000000000 ffffffff 00cf9300 DPL=0 DS   [-WA]
FS =0030 0000000000000000 ffffffff 00cf9300 DPL=0 DS   [-WA]
GS =0030 0000000000000000 ffffffff 00cf9300 DPL=0 DS   [-WA]
LDT=0000 0000000000000000 0000ffff 00008200 DPL=0 LDT
TR =0048 000000001f5db058 00000067 00008900 DPL=0 TSS64-avl
GDT=     000000001f5db000 00000057
IDT=     000000001f090018 00000fff
CR0=80010033 CR2=0000000000000000 CR3=000000001f801000 CR4=00000668
DR0=0000000000000000 DR1=0000000000000000 DR2=0000000000000000 DR3=0000000000000000 
DR6=00000000ffff0ff0 DR7=0000000000000400
CCS=0000000000000044 CCD=000000001fe8ebe0 CCO=EFLAGS
EFER=0000000000000d00
Servicing hardware INT=0x20
   155: v=20 e=0000 i=0 cpl=0 IP=0038:000000001ec3d1eb pc=000000001ec3d1eb SP=0030:000000001fe8eae0 env->regs[R_EAX]=000000001ec161d1
RAX=000000001ec161d1 RBX=0000000000000002 RCX=0000000000000000 RDX=000000001ec161d3
RSI=000000001ec40860 RDI=000000001ec40ec0 RBP=000000001fe8ebf0 RSP=000000001fe8eae0
R8 =0000000000000004 R9 =000000001ec1360f R10=000000001fea7110 R11=000000001ec29708
R12=000000001ec29698 R13=000000001ec29198 R14=000000001ec13604 R15=0000000000000000
RIP=000000001ec3d1eb RFL=00000297 [--S-APC] CPL=0 II=0 A20=1 SMM=0 HLT=0
ES =0030 0000000000000000 ffffffff 00cf9300 DPL=0 DS   [-WA]
CS =0038 0000000000000000 ffffffff 00af9a00 DPL=0 CS64 [-R-]
SS =0030 0000000000000000 ffffffff 00cf9300 DPL=0 DS   [-WA]
DS =0030 0000000000000000 ffffffff 00cf9300 DPL=0 DS   [-WA]
FS =0030 0000000000000000 ffffffff 00cf9300 DPL=0 DS   [-WA]
GS =0030 0000000000000000 ffffffff 00cf9300 DPL=0 DS   [-WA]
LDT=0000 0000000000000000 0000ffff 00008200 DPL=0 LDT
TR =0048 000000001f5db058 00000067 00008900 DPL=0 TSS64-avl
GDT=     000000001f5db000 00000057
IDT=     000000001f090018 00000fff
CR0=80010033 CR2=0000000000000000 CR3=000000001f801000 CR4=00000668
DR0=0000000000000000 DR1=0000000000000000 DR2=0000000000000000 DR3=0000000000000000 
DR6=00000000ffff0ff0 DR7=0000000000000400
CCS=0000000000000095 CCD=ffffffffffffffff CCO=EFLAGS
EFER=0000000000000d00
Servicing hardware INT=0x20
   156: v=20 e=0000 i=0 cpl=0 IP=0038:000000001ec1094a pc=000000001ec1094a SP=0030:000000001fe8eb78 env->regs[R_EAX]=000000001fe8ec2c
RAX=000000001fe8ec2c RBX=0000000000000004 RCX=000000001fe8ec2c RDX=000000001f4e8ba6
RSI=000000001f4e8ba6 RDI=000000001fe8ec2c RBP=000000001fe8ebf0 RSP=000000001fe8eb78
R8 =0000000000000004 R9 =000000001f4e8ba9 R10=4dc13f2790003a9a R11=11d493d77739f24c
R12=000000001fe8ec2c R13=0000000000000000 R14=000000001fea9530 R15=000000001fea78e0
RIP=000000001ec1094a RFL=00000297 [--S-APC] CPL=0 II=0 A20=1 SMM=0 HLT=0
ES =0030 0000000000000000 ffffffff 00cf9300 DPL=0 DS   [-WA]
CS =0038 0000000000000000 ffffffff 00af9a00 DPL=0 CS64 [-R-]
SS =0030 0000000000000000 ffffffff 00cf9300 DPL=0 DS   [-WA]
DS =0030 0000000000000000 ffffffff 00cf9300 DPL=0 DS   [-WA]
FS =0030 0000000000000000 ffffffff 00cf9300 DPL=0 DS   [-WA]
GS =0030 0000000000000000 ffffffff 00cf9300 DPL=0 DS   [-WA]
LDT=0000 0000000000000000 0000ffff 00008200 DPL=0 LDT
TR =0048 000000001f5db058 00000067 00008900 DPL=0 TSS64-avl
GDT=     000000001f5db000 00000057
IDT=     000000001f090018 00000fff
CR0=80010033 CR2=0000000000000000 CR3=000000001f801000 CR4=00000668
DR0=0000000000000000 DR1=0000000000000000 DR2=0000000000000000 DR3=0000000000000000 
DR6=00000000ffff0ff0 DR7=0000000000000400
CCS=0000000000000095 CCD=ffffffffff659f7d CCO=EFLAGS
EFER=0000000000000d00
Servicing hardware INT=0x20
   157: v=20 e=0000 i=0 cpl=0 IP=0038:000000001fea5bcc pc=000000001fea5bcc SP=0030:000000001fe8eb40 env->regs[R_EAX]=00000000000000af
RAX=00000000000000af RBX=0000000000000007 RCX=0000000000000000 RDX=000000001ec0f000
RSI=000000001fea97e8 RDI=000000001ec11000 RBP=000000001fe8ebe0 RSP=000000001fe8eb40
R8 =00000000000000af R9 =0000000000000002 R10=0000000000000000 R11=000000001fea8360
R12=000000001ec10fff R13=000000001fea82d0 R14=000000001ec11000 R15=000000001fea7fa0
RIP=000000001fea5bcc RFL=00000206 [-----P-] CPL=0 II=0 A20=1 SMM=0 HLT=0
ES =0030 0000000000000000 ffffffff 00cf9300 DPL=0 DS   [-WA]
CS =0038 0000000000000000 ffffffff 00af9a00 DPL=0 CS64 [-R-]
SS =0030 0000000000000000 ffffffff 00cf9300 DPL=0 DS   [-WA]
DS =0030 0000000000000000 ffffffff 00cf9300 DPL=0 DS   [-WA]
FS =0030 0000000000000000 ffffffff 00cf9300 DPL=0 DS   [-WA]
GS =0030 0000000000000000 ffffffff 00cf9300 DPL=0 DS   [-WA]
LDT=0000 0000000000000000 0000ffff 00008200 DPL=0 LDT
TR =0048 000000001f5db058 00000067 00008900 DPL=0 TSS64-avl
GDT=     000000001f5db000 00000057
IDT=     000000001f090018 00000fff
CR0=80010033 CR2=0000000000000000 CR3=000000001f801000 CR4=00000668
DR0=0000000000000000 DR1=0000000000000000 DR2=0000000000000000 DR3=0000000000000000 
DR6=00000000ffff0ff0 DR7=0000000000000400
CCS=0000000000000004 CCD=0000000000002000 CCO=EFLAGS
EFER=0000000000000d00
Servicing hardware INT=0x20
   158: v=20 e=0000 i=0 cpl=0 IP=0038:000000001ec5e266 pc=000000001ec5e266 SP=0030:000000001fe8e658 env->regs[R_EAX]=000000001ec6dec0
RAX=000000001ec6dec0 RBX=0000000000000010 RCX=000000001ec6dec0 RDX=000000001fea95f0
RSI=0000000000000010 RDI=0000000000000001 RBP=000000001fe8e690 RSP=000000001fe8e658
R8 =000000001fe8e62c R9 =000000001fe8e630 R10=0000000000000000 R11=000000001fea8360
R12=000000001ec10fff R13=000000001fea82d0 R14=000000001ec11000 R15=000000001feb2ac0
RIP=000000001ec5e266 RFL=00000206 [-----P-] CPL=0 II=0 A20=1 SMM=0 HLT=0
ES =0030 0000000000000000 ffffffff 00cf9300 DPL=0 DS   [-WA]
CS =0038 0000000000000000 ffffffff 00af9a00 DPL=0 CS64 [-R-]
SS =0030 0000000000000000 ffffffff 00cf9300 DPL=0 DS   [-WA]
DS =0030 0000000000000000 ffffffff 00cf9300 DPL=0 DS   [-WA]
FS =0030 0000000000000000 ffffffff 00cf9300 DPL=0 DS   [-WA]
GS =0030 0000000000000000 ffffffff 00cf9300 DPL=0 DS   [-WA]
LDT=0000 0000000000000000 0000ffff 00008200 DPL=0 LDT
TR =0048 000000001f5db058 00000067 00008900 DPL=0 TSS64-avl
GDT=     000000001f5db000 00000057
IDT=     000000001f090018 00000fff
CR0=80010033 CR2=0000000000000000 CR3=000000001f801000 CR4=00000668
DR0=0000000000000000 DR1=0000000000000000 DR2=0000000000000000 DR3=0000000000000000 
DR6=00000000ffff0ff0 DR7=0000000000000400
CCS=0000000000000020 CCD=000000001fe8e660 CCO=SUBQ
EFER=0000000000000d00
Servicing hardware INT=0x20
   159: v=20 e=0000 i=0 cpl=0 IP=0038:000000001ec0f34a pc=000000001ec0f34a SP=0030:000000001fe8eaf0 env->regs[R_EAX]=0000000000000001
RAX=0000000000000001 RBX=000000001ec11018 RCX=0000000000000000 RDX=0000000000000000
RSI=000000001ec110a8 RDI=000000001ec11108 RBP=000000001fe8eba0 RSP=000000001fe8eaf0
R8 =0000000000000020 R9 =0000000000000fe0 R10=000000001f6e18e0 R11=000000009bd350d3
R12=000000001ec28118 R13=0000000000000002 R14=000000001ec28160 R15=000000001feb2ac0
RIP=000000001ec0f34a RFL=00000202 [-------] CPL=0 II=0 A20=1 SMM=0 HLT=0
ES =0030 0000000000000000 ffffffff 00cf9300 DPL=0 DS   [-WA]
CS =0038 0000000000000000 ffffffff 00af9a00 DPL=0 CS64 [-R-]
SS =0030 0000000000000000 ffffffff 00cf9300 DPL=0 DS   [-WA]
DS =0030 0000000000000000 ffffffff 00cf9300 DPL=0 DS   [-WA]
FS =0030 0000000000000000 ffffffff 00cf9300 DPL=0 DS   [-WA]
GS =0030 0000000000000000 ffffffff 00cf9300 DPL=0 DS   [-WA]
LDT=0000 0000000000000000 0000ffff 00008200 DPL=0 LDT
TR =0048 000000001f5db058 00000067 00008900 DPL=0 TSS64-avl
GDT=     000000001f5db000 00000057
IDT=     000000001f090018 00000fff
CR0=80010033 CR2=0000000000000000 CR3=000000001f801000 CR4=00000668
DR0=0000000000000000 DR1=0000000000000000 DR2=0000000000000000 DR3=0000000000000000 
DR6=00000000ffff0ff0 DR7=0000000000000400
CCS=0000000000000000 CCD=0000000000000001 CCO=EFLAGS
EFER=0000000000000d00
Servicing hardware INT=0x20
   160: v=20 e=0000 i=0 cpl=0 IP=0038:000000001f6d88cf pc=000000001f6d88cf SP=0030:000000001fe8eaf0 env->regs[R_EAX]=0000000000028d4a
RAX=0000000000028d4a RBX=00000000ffc00048 RCX=000000001f588060 RDX=000000001f5c9198
RSI=000000000003ffb8 RDI=000000001f5c91f8 RBP=000000001fe8eaf0 RSP=000000001fe8eaf0
R8 =8000000000000001 R9 =0000000000000001 R10=0000000000000000 R11=0000000000001000
R12=000000001ec55118 R13=0000000000000008 R14=000000001ec55160 R15=000000001feb2ac0
RIP=000000001f6d88cf RFL=00000202 [-------] CPL=0 II=0 A20=1 SMM=0 HLT=0
ES =0030 0000000000000000 ffffffff 00cf9300 DPL=0 DS   [-WA]
CS =0038 0000000000000000 ffffffff 00af9a00 DPL=0 CS64 [-R-]
SS =0030 0000000000000000 ffffffff 00cf9300 DPL=0 DS   [-WA]
DS =0030 0000000000000000 ffffffff 00cf9300 DPL=0 DS   [-WA]
FS =0030 0000000000000000 ffffffff 00cf9300 DPL=0 DS   [-WA]
GS =0030 0000000000000000 ffffffff 00cf9300 DPL=0 DS   [-WA]
LDT=0000 0000000000000000 0000ffff 00008200 DPL=0 LDT
TR =0048 000000001f5db058 00000067 00008900 DPL=0 TSS64-avl
GDT=     000000001f5db000 00000057
IDT=     000000001f090018 00000fff
CR0=80010033 CR2=0000000000000000 CR3=000000001f801000 CR4=00000668
DR0=0000000000000000 DR1=0000000000000000 DR2=0000000000000000 DR3=0000000000000000 
DR6=00000000ffff0ff0 DR7=0000000000000400
CCS=0000000000000000 CCD=0000000000028d4a CCO=EFLAGS
EFER=0000000000000d00
Servicing hardware INT=0x20
   161: v=20 e=0000 i=0 cpl=0 IP=0038:000000001f6d8455 pc=000000001f6d8455 SP=0030:000000001fe8e9b0 env->regs[R_EAX]=800000000000000e
RAX=800000000000000e RBX=0000000000000000 RCX=000000001f58a716 RDX=0000000000000049
RSI=000000001f5c8018 RDI=000000001f58a760 RBP=000000001fe8eab0 RSP=000000001fe8e9b0
R8 =0000000000000001 R9 =000000001f58a760 R10=0000000000000022 R11=0000000000000022
R12=000000001f6d9ab8 R13=0000000000000000 R14=0000000000000000 R15=8000000000000002
RIP=000000001f6d8455 RFL=00000246 [---Z-P-] CPL=0 II=0 A20=1 SMM=0 HLT=0
ES =0030 0000000000000000 ffffffff 00cf9300 DPL=0 DS   [-WA]
CS =0038 0000000000000000 ffffffff 00af9a00 DPL=0 CS64 [-R-]
SS =0030 0000000000000000 ffffffff 00cf9300 DPL=0 DS   [-WA]
DS =0030 0000000000000000 ffffffff 00cf9300 DPL=0 DS   [-WA]
FS =0030 0000000000000000 ffffffff 00cf9300 DPL=0 DS   [-WA]
GS =0030 0000000000000000 ffffffff 00cf9300 DPL=0 DS   [-WA]
LDT=0000 0000000000000000 0000ffff 00008200 DPL=0 LDT
TR =0048 000000001f5db058 00000067 00008900 DPL=0 TSS64-avl
GDT=     000000001f5db000 00000057
IDT=     000000001f090018 00000fff
CR0=80010033 CR2=0000000000000000 CR3=000000001f801000 CR4=00000668
DR0=0000000000000000 DR1=0000000000000000 DR2=0000000000000000 DR3=0000000000000000 
DR6=00000000ffff0ff0 DR7=0000000000000400
CCS=0000000000000044 CCD=0000000000000000 CCO=EFLAGS
EFER=0000000000000d00
Servicing hardware INT=0x20
   162: v=20 e=0000 i=0 cpl=0 IP=0038:000000001f6d995c pc=000000001f6d995c SP=0030:000000001fe8e8d0 env->regs[R_EAX]=00000000000000ff
RAX=00000000000000ff RBX=0000000000000000 RCX=0000000000000000 RDX=000000001e9bf018
RSI=000000001f5c9198 RDI=000000001e9ff018 RBP=000000001fe8e9a0 RSP=000000001fe8e8d0
R8 =00000000000000ff R9 =0000000000000000 R10=0000000000000022 R11=0000000000000022
R12=000000001fe8e9f0 R13=000000001e9bf018 R14=0000000000000000 R15=000000001fe8e9f0
RIP=000000001f6d995c RFL=00000206 [-----P-] CPL=0 II=0 A20=1 SMM=0 HLT=0
ES =0030 0000000000000000 ffffffff 00cf9300 DPL=0 DS   [-WA]
CS =0038 0000000000000000 ffffffff 00af9a00 DPL=0 CS64 [-R-]
SS =0030 0000000000000000 ffffffff 00cf9300 DPL=0 DS   [-WA]
DS =0030 0000000000000000 ffffffff 00cf9300 DPL=0 DS   [-WA]
FS =0030 0000000000000000 ffffffff 00cf9300 DPL=0 DS   [-WA]
GS =0030 0000000000000000 ffffffff 00cf9300 DPL=0 DS   [-WA]
LDT=0000 0000000000000000 0000ffff 00008200 DPL=0 LDT
TR =0048 000000001f5db058 00000067 00008900 DPL=0 TSS64-avl
GDT=     000000001f5db000 00000057
IDT=     000000001f090018 00000fff
CR0=80010033 CR2=0000000000000000 CR3=000000001f801000 CR4=00000668
DR0=0000000000000000 DR1=0000000000000000 DR2=0000000000000000 DR3=0000000000000000 
DR6=00000000ffff0ff0 DR7=0000000000000400
CCS=0000000000000004 CCD=0000000000040000 CCO=EFLAGS
EFER=0000000000000d00
Servicing hardware INT=0x20
   163: v=20 e=0000 i=0 cpl=0 IP=0038:000000001ec0151b pc=000000001ec0151b SP=0030:000000001fe8ec38 env->regs[R_EAX]=000000001f4e7018
RAX=000000001f4e7018 RBX=0000000000000000 RCX=000000001ec05a90 RDX=0000000000380001
RSI=000000001f4e1237 RDI=000000001ec28398 RBP=000000001fe8ed00 RSP=000000001fe8ec38
R8 =000000001f5ec018 R9 =0000000000000006 R10=4dc13f2790003a9a R11=11d493d77739f24c
R12=000000001f5ec018 R13=000000001ec55198 R14=000000001fea9530 R15=000000001fea78e0
RIP=000000001ec0151b RFL=00000213 [----A-C] CPL=0 II=0 A20=1 SMM=0 HLT=0
ES =0030 0000000000000000 ffffffff 00cf9300 DPL=0 DS   [-WA]
CS =0038 0000000000000000 ffffffff 00af9a00 DPL=0 CS64 [-R-]
SS =0030 0000000000000000 ffffffff 00cf9300 DPL=0 DS   [-WA]
DS =0030 0000000000000000 ffffffff 00cf9300 DPL=0 DS   [-WA]
FS =0030 0000000000000000 ffffffff 00cf9300 DPL=0 DS   [-WA]
GS =0030 0000000000000000 ffffffff 00cf9300 DPL=0 DS   [-WA]
LDT=0000 0000000000000000 0000ffff 00008200 DPL=0 LDT
TR =0048 000000001f5db058 00000067 00008900 DPL=0 TSS64-avl
GDT=     000000001f5db000 00000057
IDT=     000000001f090018 00000fff
CR0=80010033 CR2=0000000000000000 CR3=000000001f801000 CR4=00000668
DR0=0000000000000000 DR1=0000000000000000 DR2=0000000000000000 DR3=0000000000000000 
DR6=00000000ffff0ff0 DR7=0000000000000400
CCS=0000000000000011 CCD=0000000000380002 CCO=EFLAGS
EFER=0000000000000d00
Servicing hardware INT=0x20
   164: v=20 e=0000 i=0 cpl=0 IP=0038:000000001fea5bcc pc=000000001fea5bcc SP=0030:000000001fe8eb40 env->regs[R_EAX]=00000000000000af
RAX=00000000000000af RBX=0000000000000007 RCX=0000000000000000 RDX=000000001ec01000
RSI=000000001fea97e8 RDI=000000001ec07000 RBP=000000001fe8ebe0 RSP=000000001fe8eb40
R8 =00000000000000af R9 =0000000000000006 R10=0000000000000000 R11=000000001fea8360
R12=000000001ec06fff R13=000000001fea82d0 R14=000000001ec07000 R15=000000001fea7fa0
RIP=000000001fea5bcc RFL=00000206 [-----P-] CPL=0 II=0 A20=1 SMM=0 HLT=0
ES =0030 0000000000000000 ffffffff 00cf9300 DPL=0 DS   [-WA]
CS =0038 0000000000000000 ffffffff 00af9a00 DPL=0 CS64 [-R-]
SS =0030 0000000000000000 ffffffff 00cf9300 DPL=0 DS   [-WA]
DS =0030 0000000000000000 ffffffff 00cf9300 DPL=0 DS   [-WA]
FS =0030 0000000000000000 ffffffff 00cf9300 DPL=0 DS   [-WA]
GS =0030 0000000000000000 ffffffff 00cf9300 DPL=0 DS   [-WA]
LDT=0000 0000000000000000 0000ffff 00008200 DPL=0 LDT
TR =0048 000000001f5db058 00000067 00008900 DPL=0 TSS64-avl
GDT=     000000001f5db000 00000057
IDT=     000000001f090018 00000fff
CR0=80010033 CR2=0000000000000000 CR3=000000001f801000 CR4=00000668
DR0=0000000000000000 DR1=0000000000000000 DR2=0000000000000000 DR3=0000000000000000 
DR6=00000000ffff0ff0 DR7=0000000000000400
CCS=0000000000000004 CCD=0000000000006000 CCO=EFLAGS
EFER=0000000000000d00
Servicing hardware INT=0x20
   165: v=20 e=0000 i=0 cpl=0 IP=0038:000000001fea5c08 pc=000000001fea5c08 SP=0030:000000001fe8ea88 env->regs[R_EAX]=000000001ec01018
RAX=000000001ec01018 RBX=000000001f4e1b30 RCX=0000000000000000 RDX=000000001f0f30c8
RSI=000000001f0febc8 RDI=000000001ec0cb18 RBP=000000001fe8eb70 RSP=000000001fe8ea88
R8 =0000000000000000 R9 =000000001f0febc7 R10=0000000000000000 R11=000000001fea8360
R12=000000001f0f30c8 R13=000000001fe8ec28 R14=000000001fe8ec58 R15=000000001fe8ec00
RIP=000000001fea5c08 RFL=00000206 [-----P-] CPL=0 II=0 A20=1 SMM=0 HLT=0
ES =0030 0000000000000000 ffffffff 00cf9300 DPL=0 DS   [-WA]
CS =0038 0000000000000000 ffffffff 00af9a00 DPL=0 CS64 [-R-]
SS =0030 0000000000000000 ffffffff 00cf9300 DPL=0 DS   [-WA]
DS =0030 0000000000000000 ffffffff 00cf9300 DPL=0 DS   [-WA]
FS =0030 0000000000000000 ffffffff 00cf9300 DPL=0 DS   [-WA]
GS =0030 0000000000000000 ffffffff 00cf9300 DPL=0 DS   [-WA]
LDT=0000 0000000000000000 0000ffff 00008200 DPL=0 LDT
TR =0048 000000001f5db058 00000067 00008900 DPL=0 TSS64-avl
GDT=     000000001f5db000 00000057
IDT=     000000001f090018 00000fff
CR0=80010033 CR2=0000000000000000 CR3=000000001f801000 CR4=00000668
DR0=0000000000000000 DR1=0000000000000000 DR2=0000000000000000 DR3=0000000000000000 
DR6=00000000ffff0ff0 DR7=0000000000000400
CCS=0000000000000004 CCD=0000000000001760 CCO=EFLAGS
EFER=0000000000000d00
Servicing hardware INT=0x20
   166: v=20 e=0000 i=0 cpl=0 IP=0038:000000001fe92716 pc=000000001fe92716 SP=0030:000000001fe8eab0 env->regs[R_EAX]=0000000000000000
RAX=0000000000000000 RBX=0000000000000020 RCX=0000000000000080 RDX=000000001fea7110
RSI=0000000000000020 RDI=0000000000000048 RBP=000000001fe8eaf0 RSP=000000001fe8eab0
R8 =000000001fe8ebc8 R9 =0000000000000004 R10=000000001fea7110 R11=000000001ec27f88
R12=000000001fea9d20 R13=0000000000000048 R14=000000001fe8ecb0 R15=0000000000000000
RIP=000000001fe92716 RFL=00000212 [----A--] CPL=0 II=0 A20=1 SMM=0 HLT=0
ES =0030 0000000000000000 ffffffff 00cf9300 DPL=0 DS   [-WA]
CS =0038 0000000000000000 ffffffff 00af9a00 DPL=0 CS64 [-R-]
SS =0030 0000000000000000 ffffffff 00cf9300 DPL=0 DS   [-WA]
DS =0030 0000000000000000 ffffffff 00cf9300 DPL=0 DS   [-WA]
FS =0030 0000000000000000 ffffffff 00cf9300 DPL=0 DS   [-WA]
GS =0030 0000000000000000 ffffffff 00cf9300 DPL=0 DS   [-WA]
LDT=0000 0000000000000000 0000ffff 00008200 DPL=0 LDT
TR =0048 000000001f5db058 00000067 00008900 DPL=0 TSS64-avl
GDT=     000000001f5db000 00000057
IDT=     000000001f090018 00000fff
CR0=80010033 CR2=0000000000000000 CR3=000000001f801000 CR4=00000668
DR0=0000000000000000 DR1=0000000000000000 DR2=0000000000000000 DR3=0000000000000000 
DR6=00000000ffff0ff0 DR7=0000000000000400
CCS=0000000000000010 CCD=0000000000000038 CCO=EFLAGS
EFER=0000000000000d00
Servicing hardware INT=0x20
   167: v=20 e=0000 i=0 cpl=0 IP=0038:000000001fea5bcc pc=000000001fea5bcc SP=0030:000000001fe8eb40 env->regs[R_EAX]=00000000000000af
RAX=00000000000000af RBX=0000000000000007 RCX=0000000000000000 RDX=000000001e90f000
RSI=000000001fea97e8 RDI=000000001e91b000 RBP=000000001fe8ebe0 RSP=000000001fe8eb40
R8 =00000000000000af R9 =000000000000000c R10=0000000000000000 R11=000000001fea8360
R12=000000001e91afff R13=000000001fea82d0 R14=000000001e91b000 R15=000000001fea7fa0
RIP=000000001fea5bcc RFL=00000206 [-----P-] CPL=0 II=0 A20=1 SMM=0 HLT=0
ES =0030 0000000000000000 ffffffff 00cf9300 DPL=0 DS   [-WA]
CS =0038 0000000000000000 ffffffff 00af9a00 DPL=0 CS64 [-R-]
SS =0030 0000000000000000 ffffffff 00cf9300 DPL=0 DS   [-WA]
DS =0030 0000000000000000 ffffffff 00cf9300 DPL=0 DS   [-WA]
FS =0030 0000000000000000 ffffffff 00cf9300 DPL=0 DS   [-WA]
GS =0030 0000000000000000 ffffffff 00cf9300 DPL=0 DS   [-WA]
LDT=0000 0000000000000000 0000ffff 00008200 DPL=0 LDT
TR =0048 000000001f5db058 00000067 00008900 DPL=0 TSS64-avl
GDT=     000000001f5db000 00000057
IDT=     000000001f090018 00000fff
CR0=80010033 CR2=0000000000000000 CR3=000000001f801000 CR4=00000668
DR0=0000000000000000 DR1=0000000000000000 DR2=0000000000000000 DR3=0000000000000000 
DR6=00000000ffff0ff0 DR7=0000000000000400
CCS=0000000000000004 CCD=000000000000c000 CCO=EFLAGS
EFER=0000000000000d00
Servicing hardware INT=0x20
   168: v=20 e=0000 i=0 cpl=0 IP=0038:000000001fe9e3a2 pc=000000001fe9e3a2 SP=0030:000000001fe8e208 env->regs[R_EAX]=000000001fe9e3a2
RAX=000000001fe9e3a2 RBX=000000001f4e7c10 RCX=0000000000000010 RDX=000000001f0b2398
RSI=000000001f4e7aa8 RDI=0000000000000000 RBP=000000001fe8e290 RSP=000000001fe8e208
R8 =0000000000000021 R9 =000000001ec74807 R10=0000000000000008 R11=0000000000000c06
R12=0000000000000168 R13=0000000000000007 R14=000fffffc0000000 R15=000000001ea05880
RIP=000000001fe9e3a2 RFL=00000202 [-------] CPL=0 II=0 A20=1 SMM=0 HLT=0
ES =0030 0000000000000000 ffffffff 00cf9300 DPL=0 DS   [-WA]
CS =0038 0000000000000000 ffffffff 00af9a00 DPL=0 CS64 [-R-]
SS =0030 0000000000000000 ffffffff 00cf9300 DPL=0 DS   [-WA]
DS =0030 0000000000000000 ffffffff 00cf9300 DPL=0 DS   [-WA]
FS =0030 0000000000000000 ffffffff 00cf9300 DPL=0 DS   [-WA]
GS =0030 0000000000000000 ffffffff 00cf9300 DPL=0 DS   [-WA]
LDT=0000 0000000000000000 0000ffff 00008200 DPL=0 LDT
TR =0048 000000001f5db058 00000067 00008900 DPL=0 TSS64-avl
GDT=     000000001f5db000 00000057
IDT=     000000001f090018 00000fff
CR0=80000033 CR2=0000000000000000 CR3=000000001f801000 CR4=00000668
DR0=0000000000000000 DR1=0000000000000000 DR2=0000000000000000 DR3=0000000000000000 
DR6=00000000ffff0ff0 DR7=0000000000000400
CCS=0000000000000000 CCD=000000001fe8e210 CCO=EFLAGS
EFER=0000000000000d00
Servicing hardware INT=0x20
   169: v=20 e=0000 i=0 cpl=0 IP=0038:000000001f6cc562 pc=000000001f6cc562 SP=0030:000000001fe8ec68 env->regs[R_EAX]=000000001fe9024a
RAX=000000001fe9024a RBX=000000001f5ec018 RCX=0000000000000cf8 RDX=0000000000000cf8
RSI=000000000000b008 RDI=0000000000000000 RBP=000000001fe8ed00 RSP=000000001fe8ec68
R8 =47c71f16dec9b486 R9 =0000000000000cfc R10=000000001fea7110 R11=000000001ec10988
R12=000000001ec17d98 R13=0000000000000246 R14=000000001fea9530 R15=000000001fea78e0
RIP=000000001f6cc562 RFL=00000202 [-------] CPL=0 II=0 A20=1 SMM=0 HLT=0
ES =0030 0000000000000000 ffffffff 00cf9300 DPL=0 DS   [-WA]
CS =0038 0000000000000000 ffffffff 00af9a00 DPL=0 CS64 [-R-]
SS =0030 0000000000000000 ffffffff 00cf9300 DPL=0 DS   [-WA]
DS =0030 0000000000000000 ffffffff 00cf9300 DPL=0 DS   [-WA]
FS =0030 0000000000000000 ffffffff 00cf9300 DPL=0 DS   [-WA]
GS =0030 0000000000000000 ffffffff 00cf9300 DPL=0 DS   [-WA]
LDT=0000 0000000000000000 0000ffff 00008200 DPL=0 LDT
TR =0048 000000001f5db058 00000067 00008900 DPL=0 TSS64-avl
GDT=     000000001f5db000 00000057
IDT=     000000001f090018 00000fff
CR0=80010033 CR2=0000000000000000 CR3=000000001f801000 CR4=00000668
DR0=0000000000000000 DR1=0000000000000000 DR2=0000000000000000 DR3=0000000000000000 
DR6=00000000ffff0ff0 DR7=0000000000000400
CCS=0000000000000000 CCD=000000001fe9024a CCO=EFLAGS
EFER=0000000000000d00
Servicing hardware INT=0x20
   170: v=20 e=0000 i=0 cpl=0 IP=0038:000000001fe99812 pc=000000001fe99812 SP=0030:000000001fe8e960 env->regs[R_EAX]=000000001f4e1a07
RAX=000000001f4e1a07 RBX=000000001fe8ea2c RCX=000000001f4aa018 RDX=0000000000000000
RSI=000000001fe8ea2b RDI=000000001fe8ea38 RBP=000000001fe8e9c0 RSP=000000001fe8e960
R8 =000000001f4e1ba0 R9 =000000001fe8ea38 R10=0000000000000000 R11=0000000000000014
R12=000000001f4e1b98 R13=000000001f4e1b18 R14=000000001fe8eb08 R15=000000001fe8eb00
RIP=000000001fe99812 RFL=00000207 [-----PC] CPL=0 II=0 A20=1 SMM=0 HLT=0
ES =0030 0000000000000000 ffffffff 00cf9300 DPL=0 DS   [-WA]
CS =0038 0000000000000000 ffffffff 00af9a00 DPL=0 CS64 [-R-]
SS =0030 0000000000000000 ffffffff 00cf9300 DPL=0 DS   [-WA]
DS =0030 0000000000000000 ffffffff 00cf9300 DPL=0 DS   [-WA]
FS =0030 0000000000000000 ffffffff 00cf9300 DPL=0 DS   [-WA]
GS =0030 0000000000000000 ffffffff 00cf9300 DPL=0 DS   [-WA]
LDT=0000 0000000000000000 0000ffff 00008200 DPL=0 LDT
TR =0048 000000001f5db058 00000067 00008900 DPL=0 TSS64-avl
GDT=     000000001f5db000 00000057
IDT=     000000001f090018 00000fff
CR0=80010033 CR2=0000000000000000 CR3=000000001f801000 CR4=00000668
DR0=0000000000000000 DR1=0000000000000000 DR2=0000000000000000 DR3=0000000000000000 
DR6=00000000ffff0ff0 DR7=0000000000000400
CCS=0000000000000005 CCD=000000001f4e1a17 CCO=EFLAGS
EFER=0000000000000d00
Servicing hardware INT=0x20
   171: v=20 e=0000 i=0 cpl=0 IP=0038:000000001f6e979e pc=000000001f6e979e SP=0030:000000001fe8e950 env->regs[R_EAX]=0000000000000000
RAX=0000000000000000 RBX=00000000ffc01956 RCX=0000000000000101 RDX=0000000000000000
RSI=0000000000000010 RDI=00000000ffc01956 RBP=000000001fe8e980 RSP=000000001fe8e950
R8 =0000000000000956 R9 =000000001fe8ea48 R10=000000001fe8ece4 R11=000000001f6e9834
R12=000000001fe8eae7 R13=0000000000000010 R14=0000000000000000 R15=000000001fe8ea48
RIP=000000001f6e979e RFL=00000246 [---Z-P-] CPL=0 II=0 A20=1 SMM=0 HLT=0
ES =0030 0000000000000000 ffffffff 00cf9300 DPL=0 DS   [-WA]
CS =0038 0000000000000000 ffffffff 00af9a00 DPL=0 CS64 [-R-]
SS =0030 0000000000000000 ffffffff 00cf9300 DPL=0 DS   [-WA]
DS =0030 0000000000000000 ffffffff 00cf9300 DPL=0 DS   [-WA]
FS =0030 0000000000000000 ffffffff 00cf9300 DPL=0 DS   [-WA]
GS =0030 0000000000000000 ffffffff 00cf9300 DPL=0 DS   [-WA]
LDT=0000 0000000000000000 0000ffff 00008200 DPL=0 LDT
TR =0048 000000001f5db058 00000067 00008900 DPL=0 TSS64-avl
GDT=     000000001f5db000 00000057
IDT=     000000001f090018 00000fff
CR0=80010033 CR2=0000000000000000 CR3=000000001f801000 CR4=00000668
DR0=0000000000000000 DR1=0000000000000000 DR2=0000000000000000 DR3=0000000000000000 
DR6=00000000ffff0ff0 DR7=0000000000000400
CCS=0000000000000044 CCD=0000000000000000 CCO=EFLAGS
EFER=0000000000000d00
Servicing hardware INT=0x20
   172: v=20 e=0000 i=0 cpl=0 IP=0038:000000001f6d782f pc=000000001f6d782f SP=0030:000000001fe8eaa0 env->regs[R_EAX]=0000000000000000
RAX=0000000000000000 RBX=0000000000000048 RCX=0000000000000101 RDX=0000000000000748
RSI=0000000000000000 RDI=0000000000000002 RBP=000000001fe8eb40 RSP=000000001fe8eaa0
R8 =0000000000000748 R9 =000000001fe8ea48 R10=000000001fe8ece4 R11=000000001f6e9834
R12=000000001fe8eb90 R13=000000001e9bf018 R14=0000000000000008 R15=000000001fe8eae8
RIP=000000001f6d782f RFL=00000202 [-------] CPL=0 II=0 A20=1 SMM=0 HLT=0
ES =0030 0000000000000000 ffffffff 00cf9300 DPL=0 DS   [-WA]
CS =0038 0000000000000000 ffffffff 00af9a00 DPL=0 CS64 [-R-]
SS =0030 0000000000000000 ffffffff 00cf9300 DPL=0 DS   [-WA]
DS =0030 0000000000000000 ffffffff 00cf9300 DPL=0 DS   [-WA]
FS =0030 0000000000000000 ffffffff 00cf9300 DPL=0 DS   [-WA]
GS =0030 0000000000000000 ffffffff 00cf9300 DPL=0 DS   [-WA]
LDT=0000 0000000000000000 0000ffff 00008200 DPL=0 LDT
TR =0048 000000001f5db058 00000067 00008900 DPL=0 TSS64-avl
GDT=     000000001f5db000 00000057
IDT=     000000001f090018 00000fff
CR0=80010033 CR2=0000000000000000 CR3=000000001f801000 CR4=00000668
DR0=0000000000000000 DR1=0000000000000000 DR2=0000000000000000 DR3=0000000000000000 
DR6=00000000ffff0ff0 DR7=0000000000000400
CCS=0000000000000000 CCD=000000001fe8ea20 CCO=EFLAGS
EFER=0000000000000d00
Servicing hardware INT=0x20
   173: v=20 e=0000 i=0 cpl=0 IP=0038:000000001e90b41e pc=000000001e90b41e SP=0030:000000001fe8ec98 env->regs[R_EAX]=000000001f5eccc8
RAX=000000001f5eccc8 RBX=0000000000000000 RCX=000000001e90e5d0 RDX=000000001e90ebd0
RSI=000000001f5ec018 RDI=000000001ec07018 RBP=000000001fe8ed00 RSP=000000001fe8ec98
R8 =0000000000000002 R9 =000000001f5ec018 R10=0000000000000006 R11=4dc13f2790003a9a
R12=0000000000000000 R13=0000000000000000 R14=000000001fea9530 R15=000000001fea78e0
RIP=000000001e90b41e RFL=00000246 [---Z-P-] CPL=0 II=0 A20=1 SMM=0 HLT=0
ES =0030 0000000000000000 ffffffff 00cf9300 DPL=0 DS   [-WA]
CS =0038 0000000000000000 ffffffff 00af9a00 DPL=0 CS64 [-R-]
SS =0030 0000000000000000 ffffffff 00cf9300 DPL=0 DS   [-WA]
DS =0030 0000000000000000 ffffffff 00cf9300 DPL=0 DS   [-WA]
FS =0030 0000000000000000 ffffffff 00cf9300 DPL=0 DS   [-WA]
GS =0030 0000000000000000 ffffffff 00cf9300 DPL=0 DS   [-WA]
LDT=0000 0000000000000000 0000ffff 00008200 DPL=0 LDT
TR =0048 000000001f5db058 00000067 00008900 DPL=0 TSS64-avl
GDT=     000000001f5db000 00000057
IDT=     000000001f090018 00000fff
CR0=80010033 CR2=0000000000000000 CR3=000000001f801000 CR4=00000668
DR0=0000000000000000 DR1=0000000000000000 DR2=0000000000000000 DR3=0000000000000000 
DR6=00000000ffff0ff0 DR7=0000000000000400
CCS=0000000000000044 CCD=0000000000000000 CCO=EFLAGS
EFER=0000000000000d00
Servicing hardware INT=0x20
   174: v=20 e=0000 i=0 cpl=0 IP=0038:000000001ec5e266 pc=000000001ec5e266 SP=0030:000000001fe8e578 env->regs[R_EAX]=000000001ec6dec0
RAX=000000001ec6dec0 RBX=0000000000000010 RCX=000000001ec6dec0 RDX=000000001fea8200
RSI=000000001fea9580 RDI=0000000000000001 RBP=000000001fe8e5b0 RSP=000000001fe8e578
R8 =000000001fea9580 R9 =000000001e919fff R10=000000001fea7110 R11=000000001fea8360
R12=000000001e91a000 R13=0000000000000004 R14=000000000002600f R15=000000001feb2ac0
RIP=000000001ec5e266 RFL=00000202 [-------] CPL=0 II=0 A20=1 SMM=0 HLT=0
ES =0030 0000000000000000 ffffffff 00cf9300 DPL=0 DS   [-WA]
CS =0038 0000000000000000 ffffffff 00af9a00 DPL=0 CS64 [-R-]
SS =0030 0000000000000000 ffffffff 00cf9300 DPL=0 DS   [-WA]
DS =0030 0000000000000000 ffffffff 00cf9300 DPL=0 DS   [-WA]
FS =0030 0000000000000000 ffffffff 00cf9300 DPL=0 DS   [-WA]
GS =0030 0000000000000000 ffffffff 00cf9300 DPL=0 DS   [-WA]
LDT=0000 0000000000000000 0000ffff 00008200 DPL=0 LDT
TR =0048 000000001f5db058 00000067 00008900 DPL=0 TSS64-avl
GDT=     000000001f5db000 00000057
IDT=     000000001f090018 00000fff
CR0=80010033 CR2=0000000000000000 CR3=000000001f801000 CR4=00000668
DR0=0000000000000000 DR1=0000000000000000 DR2=0000000000000000 DR3=0000000000000000 
DR6=00000000ffff0ff0 DR7=0000000000000400
CCS=0000000000000020 CCD=000000001fe8e580 CCO=SUBQ
EFER=0000000000000d00
Servicing hardware INT=0x20
   175: v=20 e=0000 i=0 cpl=0 IP=0038:000000001e8ff70e pc=000000001e8ff70e SP=0030:000000001fe8ec78 env->regs[R_EAX]=000000001e901d90
RAX=000000001e901d90 RBX=000000001e901d80 RCX=000000001e901d60 RDX=000000001e91a498
RSI=000000001e91a198 RDI=000000001e91a198 RBP=000000001fe8ed00 RSP=000000001fe8ec78
R8 =000000001e9012e0 R9 =000000001e900ac0 R10=000000001fea7110 R11=0000000000000000
R12=000000001f5ec018 R13=000000001e91aa98 R14=000000001fea9530 R15=000000001fea78e0
RIP=000000001e8ff70e RFL=00000246 [---Z-P-] CPL=0 II=0 A20=1 SMM=0 HLT=0
ES =0030 0000000000000000 ffffffff 00cf9300 DPL=0 DS   [-WA]
CS =0038 0000000000000000 ffffffff 00af9a00 DPL=0 CS64 [-R-]
SS =0030 0000000000000000 ffffffff 00cf9300 DPL=0 DS   [-WA]
DS =0030 0000000000000000 ffffffff 00cf9300 DPL=0 DS   [-WA]
FS =0030 0000000000000000 ffffffff 00cf9300 DPL=0 DS   [-WA]
GS =0030 0000000000000000 ffffffff 00cf9300 DPL=0 DS   [-WA]
LDT=0000 0000000000000000 0000ffff 00008200 DPL=0 LDT
TR =0048 000000001f5db058 00000067 00008900 DPL=0 TSS64-avl
GDT=     000000001f5db000 00000057
IDT=     000000001f090018 00000fff
CR0=80010033 CR2=0000000000000000 CR3=000000001f801000 CR4=00000668
DR0=0000000000000000 DR1=0000000000000000 DR2=0000000000000000 DR3=0000000000000000 
DR6=00000000ffff0ff0 DR7=0000000000000400
CCS=0000000000000044 CCD=0000000000000000 CCO=EFLAGS
EFER=0000000000000d00
Servicing hardware INT=0x20
   176: v=20 e=0000 i=0 cpl=0 IP=0038:000000001ec310a1 pc=000000001ec310a1 SP=0030:000000001fe8eb58 env->regs[R_EAX]=000000001ec40f60
RAX=000000001ec40f60 RBX=000000001e917a18 RCX=000000001ec40f60 RDX=000000001e919998
RSI=000000001e919998 RDI=0000000000000002 RBP=000000001fe8ebb0 RSP=000000001fe8eb58
R8 =000000001fe8eb87 R9 =000000001fe8eb88 R10=000000001fea7110 R11=000000001fea8360
R12=000000001e919998 R13=0000000000000002 R14=000000001fea9530 R15=000000001fea78e0
RIP=000000001ec310a1 RFL=00000206 [-----P-] CPL=0 II=0 A20=1 SMM=0 HLT=0
ES =0030 0000000000000000 ffffffff 00cf9300 DPL=0 DS   [-WA]
CS =0038 0000000000000000 ffffffff 00af9a00 DPL=0 CS64 [-R-]
SS =0030 0000000000000000 ffffffff 00cf9300 DPL=0 DS   [-WA]
DS =0030 0000000000000000 ffffffff 00cf9300 DPL=0 DS   [-WA]
FS =0030 0000000000000000 ffffffff 00cf9300 DPL=0 DS   [-WA]
GS =0030 0000000000000000 ffffffff 00cf9300 DPL=0 DS   [-WA]
LDT=0000 0000000000000000 0000ffff 00008200 DPL=0 LDT
TR =0048 000000001f5db058 00000067 00008900 DPL=0 TSS64-avl
GDT=     000000001f5db000 00000057
IDT=     000000001f090018 00000fff
CR0=80010033 CR2=0000000000000000 CR3=000000001f801000 CR4=00000668
DR0=0000000000000000 DR1=0000000000000000 DR2=0000000000000000 DR3=0000000000000000 
DR6=00000000ffff0ff0 DR7=0000000000000400
CCS=0000000000000004 CCD=000000001fe8eb60 CCO=EFLAGS
EFER=0000000000000d00
Servicing hardware INT=0x20
   177: v=20 e=0000 i=0 cpl=0 IP=0038:000000001ec3004b pc=000000001ec3004b SP=0030:000000001fe8ea60 env->regs[R_EAX]=000000001ec3004b
RAX=000000001ec3004b RBX=000000001e908717 RCX=0000000000000000 RDX=0000000000000023
RSI=000000001fe8eb70 RDI=000000001ec404b4 RBP=000000001fe8eb10 RSP=000000001fe8ea60
R8 =000000001fe8eb70 R9 =000000001fe8eb78 R10=000000001e908b18 R11=000000001e915c08
R12=00000000000006ff R13=0000000000000024 R14=0000000000000001 R15=000000001e908b18
RIP=000000001ec3004b RFL=00000207 [-----PC] CPL=0 II=0 A20=1 SMM=0 HLT=0
ES =0030 0000000000000000 ffffffff 00cf9300 DPL=0 DS   [-WA]
CS =0038 0000000000000000 ffffffff 00af9a00 DPL=0 CS64 [-R-]
SS =0030 0000000000000000 ffffffff 00cf9300 DPL=0 DS   [-WA]
DS =0030 0000000000000000 ffffffff 00cf9300 DPL=0 DS   [-WA]
FS =0030 0000000000000000 ffffffff 00cf9300 DPL=0 DS   [-WA]
GS =0030 0000000000000000 ffffffff 00cf9300 DPL=0 DS   [-WA]
LDT=0000 0000000000000000 0000ffff 00008200 DPL=0 LDT
TR =0048 000000001f5db058 00000067 00008900 DPL=0 TSS64-avl
GDT=     000000001f5db000 00000057
IDT=     000000001f090018 00000fff
CR0=80010033 CR2=0000000000000000 CR3=000000001f801000 CR4=00000668
DR0=0000000000000000 DR1=0000000000000000 DR2=0000000000000000 DR3=0000000000000000 
DR6=00000000ffff0ff0 DR7=0000000000000400
CCS=0000000000000005 CCD=000000001ec3004b CCO=EFLAGS
EFER=0000000000000d00
Servicing hardware INT=0x20
   178: v=20 e=0000 i=0 cpl=0 IP=0038:000000001e93c121 pc=000000001e93c121 SP=0030:000000001fe8ec38 env->regs[R_EAX]=8000000000000009
RAX=8000000000000009 RBX=000000001e93e300 RCX=0000000000000004 RDX=000000001fe8eccc
RSI=000000001e908d98 RDI=0000000000000004 RBP=000000001fe8ec90 RSP=000000001fe8ec38
R8 =000000001e909d18 R9 =000000001e909d18 R10=000000001e908d98 R11=000000001e909988
R12=000000001fe8eccc R13=000000001e909d18 R14=0000000000000000 R15=000000001fea78e0
RIP=000000001e93c121 RFL=00000202 [-------] CPL=0 II=0 A20=1 SMM=0 HLT=0
ES =0030 0000000000000000 ffffffff 00cf9300 DPL=0 DS   [-WA]
CS =0038 0000000000000000 ffffffff 00af9a00 DPL=0 CS64 [-R-]
SS =0030 0000000000000000 ffffffff 00cf9300 DPL=0 DS   [-WA]
DS =0030 0000000000000000 ffffffff 00cf9300 DPL=0 DS   [-WA]
FS =0030 0000000000000000 ffffffff 00cf9300 DPL=0 DS   [-WA]
GS =0030 0000000000000000 ffffffff 00cf9300 DPL=0 DS   [-WA]
LDT=0000 0000000000000000 0000ffff 00008200 DPL=0 LDT
TR =0048 000000001f5db058 00000067 00008900 DPL=0 TSS64-avl
GDT=     000000001f5db000 00000057
IDT=     000000001f090018 00000fff
CR0=80010033 CR2=0000000000000000 CR3=000000001f801000 CR4=00000668
DR0=0000000000000000 DR1=0000000000000000 DR2=0000000000000000 DR3=0000000000000000 
DR6=00000000ffff0ff0 DR7=0000000000000400
CCS=0000000000000000 CCD=000000001e908d98 CCO=EFLAGS
EFER=0000000000000d00
Servicing hardware INT=0x20
   179: v=20 e=0000 i=0 cpl=0 IP=0038:000000001ec1f3eb pc=000000001ec1f3eb SP=0030:000000001fe8ea68 env->regs[R_EAX]=000000001e906c20
RAX=000000001e906c20 RBX=0000000000000000 RCX=000000001ec21370 RDX=000000001fe8eab8
RSI=000000001fe8ec06 RDI=000000001fe8eab0 RBP=000000001fe8eb00 RSP=000000001fe8ea68
R8 =000000001fe8eab0 R9 =0000000000000000 R10=000000001fea7110 R11=000000001f586000
R12=000000001fe8eab8 R13=000000001e906c18 R14=000000001ec21380 R15=0000000000000000
RIP=000000001ec1f3eb RFL=00000246 [---Z-P-] CPL=0 II=0 A20=1 SMM=0 HLT=0
ES =0030 0000000000000000 ffffffff 00cf9300 DPL=0 DS   [-WA]
CS =0038 0000000000000000 ffffffff 00af9a00 DPL=0 CS64 [-R-]
SS =0030 0000000000000000 ffffffff 00cf9300 DPL=0 DS   [-WA]
DS =0030 0000000000000000 ffffffff 00cf9300 DPL=0 DS   [-WA]
FS =0030 0000000000000000 ffffffff 00cf9300 DPL=0 DS   [-WA]
GS =0030 0000000000000000 ffffffff 00cf9300 DPL=0 DS   [-WA]
LDT=0000 0000000000000000 0000ffff 00008200 DPL=0 LDT
TR =0048 000000001f5db058 00000067 00008900 DPL=0 TSS64-avl
GDT=     000000001f5db000 00000057
IDT=     000000001f090018 00000fff
CR0=80010033 CR2=0000000000000000 CR3=000000001f801000 CR4=00000668
DR0=0000000000000000 DR1=0000000000000000 DR2=0000000000000000 DR3=0000000000000000 
DR6=00000000ffff0ff0 DR7=0000000000000400
CCS=0000000000000044 CCD=0000000000000000 CCO=EFLAGS
EFER=0000000000000d00
Servicing hardware INT=0x20
   180: v=20 e=0000 i=0 cpl=0 IP=0038:000000001e8be3b0 pc=000000001e8be3b0 SP=0030:000000001fe8ec90 env->regs[R_EAX]=0000000000000000
RAX=0000000000000000 RBX=00000000554d4551 RCX=000000001ec6dec0 RDX=0000000000000000
RSI=000000001e906418 RDI=000000001e906418 RBP=000000001fe8ed00 RSP=000000001fe8ec90
R8 =0000000000000021 R9 =000000001f4e8bd1 R10=000000001f5eccc8 R11=000000001f5ec018
R12=0000000000000000 R13=000000001e909518 R14=000000001f5ec018 R15=000000001fea78e0
RIP=000000001e8be3b0 RFL=00000287 [--S--PC] CPL=0 II=0 A20=1 SMM=0 HLT=0
ES =0030 0000000000000000 ffffffff 00cf9300 DPL=0 DS   [-WA]
CS =0038 0000000000000000 ffffffff 00af9a00 DPL=0 CS64 [-R-]
SS =0030 0000000000000000 ffffffff 00cf9300 DPL=0 DS   [-WA]
DS =0030 0000000000000000 ffffffff 00cf9300 DPL=0 DS   [-WA]
FS =0030 0000000000000000 ffffffff 00cf9300 DPL=0 DS   [-WA]
GS =0030 0000000000000000 ffffffff 00cf9300 DPL=0 DS   [-WA]
LDT=0000 0000000000000000 0000ffff 00008200 DPL=0 LDT
TR =0048 000000001f5db058 00000067 00008900 DPL=0 TSS64-avl
GDT=     000000001f5db000 00000057
IDT=     000000001f090018 00000fff
CR0=80010033 CR2=0000000000000000 CR3=000000001f801000 CR4=00000668
DR0=0000000000000000 DR1=0000000000000000 DR2=0000000000000000 DR3=0000000000000000 
DR6=00000000ffff0ff0 DR7=0000000000000400
CCS=0000000000000085 CCD=fffffffffffffe00 CCO=EFLAGS
EFER=0000000000000d00
Servicing hardware INT=0x20
   181: v=20 e=0000 i=0 cpl=0 IP=0038:000000001ec40165 pc=000000001ec40165 SP=0030:000000001fe8ea38 env->regs[R_EAX]=000000001e8dad18
RAX=000000001e8dad18 RBX=000000001ec40f88 RCX=000000001e8dad18 RDX=000000001e8da098
RSI=000000001e8da098 RDI=000000001e8dad18 RBP=000000001fe8eb80 RSP=000000001fe8ea38
R8 =0000000000000014 R9 =000000001e8da0ab R10=000000001fea7110 R11=000000001e8daa08
R12=0000000000000000 R13=000000001e905618 R14=000000001e8da098 R15=000000001e8dae98
RIP=000000001ec40165 RFL=00000283 [--S---C] CPL=0 II=0 A20=1 SMM=0 HLT=0
ES =0030 0000000000000000 ffffffff 00cf9300 DPL=0 DS   [-WA]
CS =0038 0000000000000000 ffffffff 00af9a00 DPL=0 CS64 [-R-]
SS =0030 0000000000000000 ffffffff 00cf9300 DPL=0 DS   [-WA]
DS =0030 0000000000000000 ffffffff 00cf9300 DPL=0 DS   [-WA]
FS =0030 0000000000000000 ffffffff 00cf9300 DPL=0 DS   [-WA]
GS =0030 0000000000000000 ffffffff 00cf9300 DPL=0 DS   [-WA]
LDT=0000 0000000000000000 0000ffff 00008200 DPL=0 LDT
TR =0048 000000001f5db058 00000067 00008900 DPL=0 TSS64-avl
GDT=     000000001f5db000 00000057
IDT=     000000001f090018 00000fff
CR0=80010033 CR2=0000000000000000 CR3=000000001f801000 CR4=00000668
DR0=0000000000000000 DR1=0000000000000000 DR2=0000000000000000 DR3=0000000000000000 
DR6=00000000ffff0ff0 DR7=0000000000000400
CCS=0000000000000081 CCD=fffffffffffff380 CCO=EFLAGS
EFER=0000000000000d00
Servicing hardware INT=0x20
   182: v=20 e=0000 i=0 cpl=0 IP=0038:000000001fe94616 pc=000000001fe94616 SP=0030:000000001fe8ec18 env->regs[R_EAX]=0000000000000000
RAX=0000000000000000 RBX=0000000000000000 RCX=0000000000000001 RDX=000000001e8f8818
RSI=000000001fe8ecb8 RDI=000000001e8da418 RBP=000000001fe8ed00 RSP=000000001fe8ec18
R8 =000000001e8f8798 R9 =0000000000000000 R10=000000001fea7110 R11=000000001e8f8808
R12=0000000000000000 R13=000000001e8f8818 R14=0000000000000001 R15=0000000000000000
RIP=000000001fe94616 RFL=00000246 [---Z-P-] CPL=0 II=0 A20=1 SMM=0 HLT=0
ES =0030 0000000000000000 ffffffff 00cf9300 DPL=0 DS   [-WA]
CS =0038 0000000000000000 ffffffff 00af9a00 DPL=0 CS64 [-R-]
SS =0030 0000000000000000 ffffffff 00cf9300 DPL=0 DS   [-WA]
DS =0030 0000000000000000 ffffffff 00cf9300 DPL=0 DS   [-WA]
FS =0030 0000000000000000 ffffffff 00cf9300 DPL=0 DS   [-WA]
GS =0030 0000000000000000 ffffffff 00cf9300 DPL=0 DS   [-WA]
LDT=0000 0000000000000000 0000ffff 00008200 DPL=0 LDT
TR =0048 000000001f5db058 00000067 00008900 DPL=0 TSS64-avl
GDT=     000000001f5db000 00000057
IDT=     000000001f090018 00000fff
CR0=80010033 CR2=0000000000000000 CR3=000000001f801000 CR4=00000668
DR0=0000000000000000 DR1=0000000000000000 DR2=0000000000000000 DR3=0000000000000000 
DR6=00000000ffff0ff0 DR7=0000000000000400
CCS=0000000000000044 CCD=8000000000000003 CCO=EFLAGS
EFER=0000000000000d00
Servicing hardware INT=0x20
   183: v=20 e=0000 i=0 cpl=0 IP=0038:000000001fe92c8e pc=000000001fe92c8e SP=0030:000000001fe8e930 env->regs[R_EAX]=0000000000001000
RAX=0000000000001000 RBX=000000001fea9d20 RCX=0000000000000100 RDX=0000000030646870
RSI=000000001fea9d38 RDI=0000000000001000 RBP=000000001fe8e970 RSP=000000001fe8e930
R8 =00000000000000af R9 =000000001f4ecb18 R10=000000001e8f5f18 R11=000000001e8f5f88
R12=000000001e8f5018 R13=000000001fea7110 R14=000000001e8f5000 R15=0000000030646870
RIP=000000001fe92c8e RFL=00000297 [--S-APC] CPL=0 II=0 A20=1 SMM=0 HLT=0
ES =0030 0000000000000000 ffffffff 00cf9300 DPL=0 DS   [-WA]
CS =0038 0000000000000000 ffffffff 00af9a00 DPL=0 CS64 [-R-]
SS =0030 0000000000000000 ffffffff 00cf9300 DPL=0 DS   [-WA]
DS =0030 0000000000000000 ffffffff 00cf9300 DPL=0 DS   [-WA]
FS =0030 0000000000000000 ffffffff 00cf9300 DPL=0 DS   [-WA]
GS =0030 0000000000000000 ffffffff 00cf9300 DPL=0 DS   [-WA]
LDT=0000 0000000000000000 0000ffff 00008200 DPL=0 LDT
TR =0048 000000001f5db058 00000067 00008900 DPL=0 TSS64-avl
GDT=     000000001f5db000 00000057
IDT=     000000001f090018 00000fff
CR0=80010033 CR2=0000000000000000 CR3=000000001f801000 CR4=00000668
DR0=0000000000000000 DR1=0000000000000000 DR2=0000000000000000 DR3=0000000000000000 
DR6=00000000ffff0ff0 DR7=0000000000000400
CCS=0000000000000095 CCD=ffffffff90000005 CCO=EFLAGS
EFER=0000000000000d00
Servicing hardware INT=0x20
   184: v=20 e=0000 i=0 cpl=0 IP=0038:000000001e8b149c pc=000000001e8b149c SP=0030:000000001fe8ec98 env->regs[R_EAX]=000000001fea88a0
RAX=000000001fea88a0 RBX=000000001f5ec018 RCX=000000001e8b26e0 RDX=000000001e8b28e8
RSI=000000001e8d0798 RDI=000000001e8d0798 RBP=000000001fe8ed00 RSP=000000001fe8ec98
R8 =0000000000000002 R9 =000000001f5ec018 R10=0000000000000007 R11=4dc13f2790003a9a
R12=000000001e8d0c18 R13=0000000000000000 R14=000000001fea9530 R15=000000001fea78e0
RIP=000000001e8b149c RFL=00000206 [-----P-] CPL=0 II=0 A20=1 SMM=0 HLT=0
ES =0030 0000000000000000 ffffffff 00cf9300 DPL=0 DS   [-WA]
CS =0038 0000000000000000 ffffffff 00af9a00 DPL=0 CS64 [-R-]
SS =0030 0000000000000000 ffffffff 00cf9300 DPL=0 DS   [-WA]
DS =0030 0000000000000000 ffffffff 00cf9300 DPL=0 DS   [-WA]
FS =0030 0000000000000000 ffffffff 00cf9300 DPL=0 DS   [-WA]
GS =0030 0000000000000000 ffffffff 00cf9300 DPL=0 DS   [-WA]
LDT=0000 0000000000000000 0000ffff 00008200 DPL=0 LDT
TR =0048 000000001f5db058 00000067 00008900 DPL=0 TSS64-avl
GDT=     000000001f5db000 00000057
IDT=     000000001f090018 00000fff
CR0=80010033 CR2=0000000000000000 CR3=000000001f801000 CR4=00000668
DR0=0000000000000000 DR1=0000000000000000 DR2=0000000000000000 DR3=0000000000000000 
DR6=00000000ffff0ff0 DR7=0000000000000400
CCS=0000000000000004 CCD=000000001fea88a0 CCO=EFLAGS
EFER=0000000000000d00
Servicing hardware INT=0x20
   185: v=20 e=0000 i=0 cpl=0 IP=0038:000000001ec5e266 pc=000000001ec5e266 SP=0030:000000001fe8ea18 env->regs[R_EAX]=000000001ec6dec0
RAX=000000001ec6dec0 RBX=0000000000000004 RCX=000000001ec6dec0 RDX=000000001e8b2800
RSI=000000001e8b2840 RDI=0000000000000001 RBP=000000001fe8ea50 RSP=000000001fe8ea18
R8 =0000000000000000 R9 =000000001e8d0c18 R10=000000001e8b0318 R11=000000000000000e
R12=0000000000000004 R13=000000001e8d0c18 R14=0000000000000000 R15=000000001feb2ac0
RIP=000000001ec5e266 RFL=00000202 [-------] CPL=0 II=0 A20=1 SMM=0 HLT=0
ES =0030 0000000000000000 ffffffff 00cf9300 DPL=0 DS   [-WA]
CS =0038 0000000000000000 ffffffff 00af9a00 DPL=0 CS64 [-R-]
SS =0030 0000000000000000 ffffffff 00cf9300 DPL=0 DS   [-WA]
DS =0030 0000000000000000 ffffffff 00cf9300 DPL=0 DS   [-WA]
FS =0030 0000000000000000 ffffffff 00cf9300 DPL=0 DS   [-WA]
GS =0030 0000000000000000 ffffffff 00cf9300 DPL=0 DS   [-WA]
LDT=0000 0000000000000000 0000ffff 00008200 DPL=0 LDT
TR =0048 000000001f5db058 00000067 00008900 DPL=0 TSS64-avl
GDT=     000000001f5db000 00000057
IDT=     000000001f090018 00000fff
CR0=80010033 CR2=0000000000000000 CR3=000000001f801000 CR4=00000668
DR0=0000000000000000 DR1=0000000000000000 DR2=0000000000000000 DR3=0000000000000000 
DR6=00000000ffff0ff0 DR7=0000000000000400
CCS=0000000000000000 CCD=000000001fe8ea20 CCO=EFLAGS
EFER=0000000000000d00
Servicing hardware INT=0x20
   186: v=20 e=0000 i=0 cpl=0 IP=0038:000000001fe977bf pc=000000001fe977bf SP=0030:000000001fe8ed10 env->regs[R_EAX]=000000001fea8730
RAX=000000001fea8730 RBX=000000001ec17da0 RCX=0000000000000000 RDX=0000000000000001
RSI=000000001e8b0498 RDI=00000000000000bd RBP=000000001fe8ed80 RSP=000000001fe8ed10
R8 =00000000000000af R9 =000000001f4ecb18 R10=0000000000000000 R11=000000001e8af988
R12=0000000000000000 R13=0000000000000000 R14=000000001fea9530 R15=000000001fea78e0
RIP=000000001fe977bf RFL=00000246 [---Z-P-] CPL=0 II=0 A20=1 SMM=0 HLT=0
ES =0030 0000000000000000 ffffffff 00cf9300 DPL=0 DS   [-WA]
CS =0038 0000000000000000 ffffffff 00af9a00 DPL=0 CS64 [-R-]
SS =0030 0000000000000000 ffffffff 00cf9300 DPL=0 DS   [-WA]
DS =0030 0000000000000000 ffffffff 00cf9300 DPL=0 DS   [-WA]
FS =0030 0000000000000000 ffffffff 00cf9300 DPL=0 DS   [-WA]
GS =0030 0000000000000000 ffffffff 00cf9300 DPL=0 DS   [-WA]
LDT=0000 0000000000000000 0000ffff 00008200 DPL=0 LDT
TR =0048 000000001f5db058 00000067 00008900 DPL=0 TSS64-avl
GDT=     000000001f5db000 00000057
IDT=     000000001f090018 00000fff
CR0=80010033 CR2=0000000000000000 CR3=000000001f801000 CR4=00000668
DR0=0000000000000000 DR1=0000000000000000 DR2=0000000000000000 DR3=0000000000000000 
DR6=00000000ffff0ff0 DR7=0000000000000400
CCS=0000000000000044 CCD=0000000000000000 CCO=EFLAGS
EFER=0000000000000d00
Servicing hardware INT=0x20
   187: v=20 e=0000 i=0 cpl=0 IP=0038:000000001e888f8a pc=000000001e888f8a SP=0030:000000001fe8ec00 env->regs[R_EAX]=000000000000000c
RAX=000000000000000c RBX=00000000554d4551 RCX=000000000c000000 RDX=000000001f4e8bf6
RSI=0000000000000000 RDI=000000001e8ae018 RBP=000000001fe8ed00 RSP=000000001fe8ec00
R8 =0000000000000004 R9 =000000001f4e8bf9 R10=000000001f6cdc60 R11=000000001f5ec018
R12=0000000000000000 R13=0000000000000000 R14=000000001fea9530 R15=000000001fea78e0
RIP=000000001e888f8a RFL=00000206 [-----P-] CPL=0 II=0 A20=1 SMM=0 HLT=0
ES =0030 0000000000000000 ffffffff 00cf9300 DPL=0 DS   [-WA]
CS =0038 0000000000000000 ffffffff 00af9a00 DPL=0 CS64 [-R-]
SS =0030 0000000000000000 ffffffff 00cf9300 DPL=0 DS   [-WA]
DS =0030 0000000000000000 ffffffff 00cf9300 DPL=0 DS   [-WA]
FS =0030 0000000000000000 ffffffff 00cf9300 DPL=0 DS   [-WA]
GS =0030 0000000000000000 ffffffff 00cf9300 DPL=0 DS   [-WA]
LDT=0000 0000000000000000 0000ffff 00008200 DPL=0 LDT
TR =0048 000000001f5db058 00000067 00008900 DPL=0 TSS64-avl
GDT=     000000001f5db000 00000057
IDT=     000000001f090018 00000fff
CR0=80010033 CR2=0000000000000000 CR3=000000001f801000 CR4=00000668
DR0=0000000000000000 DR1=0000000000000000 DR2=0000000000000000 DR3=0000000000000000 
DR6=00000000ffff0ff0 DR7=0000000000000400
CCS=0000000000000004 CCD=000000001fe8eb78 CCO=EFLAGS
EFER=0000000000000d00
Servicing hardware INT=0x20
   188: v=20 e=0000 i=0 cpl=0 IP=0038:000000001fea5bcc pc=000000001fea5bcc SP=0030:000000001fe8eb40 env->regs[R_EAX]=00000000000000af
RAX=00000000000000af RBX=0000000000000007 RCX=0000000000000000 RDX=000000001e887000
RSI=000000001fea97e8 RDI=000000001e88a000 RBP=000000001fe8ebe0 RSP=000000001fe8eb40
R8 =00000000000000af R9 =0000000000000003 R10=0000000000000000 R11=000000001fea8360
R12=000000001e889fff R13=000000001fea82d0 R14=000000001e88a000 R15=000000001fea7fa0
RIP=000000001fea5bcc RFL=00000206 [-----P-] CPL=0 II=0 A20=1 SMM=0 HLT=0
ES =0030 0000000000000000 ffffffff 00cf9300 DPL=0 DS   [-WA]
CS =0038 0000000000000000 ffffffff 00af9a00 DPL=0 CS64 [-R-]
SS =0030 0000000000000000 ffffffff 00cf9300 DPL=0 DS   [-WA]
DS =0030 0000000000000000 ffffffff 00cf9300 DPL=0 DS   [-WA]
FS =0030 0000000000000000 ffffffff 00cf9300 DPL=0 DS   [-WA]
GS =0030 0000000000000000 ffffffff 00cf9300 DPL=0 DS   [-WA]
LDT=0000 0000000000000000 0000ffff 00008200 DPL=0 LDT
TR =0048 000000001f5db058 00000067 00008900 DPL=0 TSS64-avl
GDT=     000000001f5db000 00000057
IDT=     000000001f090018 00000fff
CR0=80010033 CR2=0000000000000000 CR3=000000001f801000 CR4=00000668
DR0=0000000000000000 DR1=0000000000000000 DR2=0000000000000000 DR3=0000000000000000 
DR6=00000000ffff0ff0 DR7=0000000000000400
CCS=0000000000000004 CCD=0000000000003000 CCO=EFLAGS
EFER=0000000000000d00
Servicing hardware INT=0x20
   189: v=20 e=0000 i=0 cpl=0 IP=0038:000000001fea570a pc=000000001fea570a SP=0030:000000001fe8e8b0 env->regs[R_EAX]=ffffffffffffffff
RAX=ffffffffffffffff RBX=000000001e8d6818 RCX=000000001e89ef18 RDX=000000001e8b0398
RSI=000000001f4ec018 RDI=000000001e89ef18 RBP=000000001fe8e8f0 RSP=000000001fe8e8b0
R8 =000000001fe8e9e0 R9 =000000001e8aea18 R10=000000001e89ea18 R11=0000000000000012
R12=0000000000000010 R13=000000001e8aea18 R14=000000001fe8e9e0 R15=000000001e8852c0
RIP=000000001fea570a RFL=00000286 [--S--P-] CPL=0 II=0 A20=1 SMM=0 HLT=0
ES =0030 0000000000000000 ffffffff 00cf9300 DPL=0 DS   [-WA]
CS =0038 0000000000000000 ffffffff 00af9a00 DPL=0 CS64 [-R-]
SS =0030 0000000000000000 ffffffff 00cf9300 DPL=0 DS   [-WA]
DS =0030 0000000000000000 ffffffff 00cf9300 DPL=0 DS   [-WA]
FS =0030 0000000000000000 ffffffff 00cf9300 DPL=0 DS   [-WA]
GS =0030 0000000000000000 ffffffff 00cf9300 DPL=0 DS   [-WA]
LDT=0000 0000000000000000 0000ffff 00008200 DPL=0 LDT
TR =0048 000000001f5db058 00000067 00008900 DPL=0 TSS64-avl
GDT=     000000001f5db000 00000057
IDT=     000000001f090018 00000fff
CR0=80010033 CR2=0000000000000000 CR3=000000001f801000 CR4=00000668
DR0=0000000000000000 DR1=0000000000000000 DR2=0000000000000000 DR3=0000000000000000 
DR6=00000000ffff0ff0 DR7=0000000000000400
CCS=0000000000000084 CCD=ffffffffffffffff CCO=EFLAGS
EFER=0000000000000d00
Servicing hardware INT=0x20
   190: v=20 e=0000 i=0 cpl=0 IP=0038:000000001fe922c6 pc=000000001fe922c6 SP=0030:000000001fe8e6b8 env->regs[R_EAX]=000000001fea82d0
RAX=000000001fea82d0 RBX=0000000000000004 RCX=0000000000000001 RDX=000000001fea97e0
RSI=000000001fea97e8 RDI=000000001f7ff808 RBP=000000001fe8e730 RSP=000000001fe8e6b8
R8 =0000000000000000 R9 =000000001e888fff R10=000000001fea7110 R11=000000001fea8360
R12=000000001e889fff R13=000000001fea82d0 R14=000000001e88a000 R15=000000001fea7fa0
RIP=000000001fe922c6 RFL=00000293 [--S-A-C] CPL=0 II=0 A20=1 SMM=0 HLT=0
ES =0030 0000000000000000 ffffffff 00cf9300 DPL=0 DS   [-WA]
CS =0038 0000000000000000 ffffffff 00af9a00 DPL=0 CS64 [-R-]
SS =0030 0000000000000000 ffffffff 00cf9300 DPL=0 DS   [-WA]
DS =0030 0000000000000000 ffffffff 00cf9300 DPL=0 DS   [-WA]
FS =0030 0000000000000000 ffffffff 00cf9300 DPL=0 DS   [-WA]
GS =0030 0000000000000000 ffffffff 00cf9300 DPL=0 DS   [-WA]
LDT=0000 0000000000000000 0000ffff 00008200 DPL=0 LDT
TR =0048 000000001f5db058 00000067 00008900 DPL=0 TSS64-avl
GDT=     000000001f5db000 00000057
IDT=     000000001f090018 00000fff
CR0=80010033 CR2=0000000000000000 CR3=000000001f801000 CR4=00000668
DR0=0000000000000000 DR1=0000000000000000 DR2=0000000000000000 DR3=0000000000000000 
DR6=00000000ffff0ff0 DR7=0000000000000400
CCS=0000000000000091 CCD=fffffffffffffffd CCO=EFLAGS
EFER=0000000000000d00
Servicing hardware INT=0x20
   191: v=20 e=0000 i=0 cpl=0 IP=0038:000000001e86a1d5 pc=000000001e86a1d5 SP=0030:000000001fe8ec60 env->regs[R_EAX]=0000000000000000
RAX=0000000000000000 RBX=0000000000000000 RCX=000000001ec6dec0 RDX=000000001e87fc18
RSI=0000000000000000 RDI=0000000000000287 RBP=000000001fe8ed00 RSP=000000001fe8ec60
R8 =00000000000000af R9 =000000001f4ecb18 R10=4dc13f2790003a9a R11=11d493d77739f24c
R12=000000001e87fc18 R13=000000001f5ec018 R14=000000001fea9530 R15=000000001fea78e0
RIP=000000001e86a1d5 RFL=00000246 [---Z-P-] CPL=0 II=0 A20=1 SMM=0 HLT=0
ES =0030 0000000000000000 ffffffff 00cf9300 DPL=0 DS   [-WA]
CS =0038 0000000000000000 ffffffff 00af9a00 DPL=0 CS64 [-R-]
SS =0030 0000000000000000 ffffffff 00cf9300 DPL=0 DS   [-WA]
DS =0030 0000000000000000 ffffffff 00cf9300 DPL=0 DS   [-WA]
FS =0030 0000000000000000 ffffffff 00cf9300 DPL=0 DS   [-WA]
GS =0030 0000000000000000 ffffffff 00cf9300 DPL=0 DS   [-WA]
LDT=0000 0000000000000000 0000ffff 00008200 DPL=0 LDT
TR =0048 000000001f5db058 00000067 00008900 DPL=0 TSS64-avl
GDT=     000000001f5db000 00000057
IDT=     000000001f090018 00000fff
CR0=80010033 CR2=0000000000000000 CR3=000000001f801000 CR4=00000668
DR0=0000000000000000 DR1=0000000000000000 DR2=0000000000000000 DR3=0000000000000000 
DR6=00000000ffff0ff0 DR7=0000000000000400
CCS=0000000000000044 CCD=0000000000000000 CCO=EFLAGS
EFER=0000000000000d00
Servicing hardware INT=0x20
   192: v=20 e=0000 i=0 cpl=0 IP=0038:000000001ec5e266 pc=000000001ec5e266 SP=0030:000000001fe8e9c8 env->regs[R_EAX]=000000001ec6dec0
RAX=000000001ec6dec0 RBX=0000000000000004 RCX=000000001ec6dec0 RDX=0000000000000000
RSI=0000000000000000 RDI=0000000000000001 RBP=000000001fe8ea00 RSP=000000001fe8e9c8
R8 =0000000000000001 R9 =000000001f4ecb18 R10=0000000000000000 R11=000000001e888f88
R12=0000000000000001 R13=000000001f4ecb18 R14=000000001fe8ec38 R15=000000001feb2ac0
RIP=000000001ec5e266 RFL=00000202 [-------] CPL=0 II=0 A20=1 SMM=0 HLT=0
ES =0030 0000000000000000 ffffffff 00cf9300 DPL=0 DS   [-WA]
CS =0038 0000000000000000 ffffffff 00af9a00 DPL=0 CS64 [-R-]
SS =0030 0000000000000000 ffffffff 00cf9300 DPL=0 DS   [-WA]
DS =0030 0000000000000000 ffffffff 00cf9300 DPL=0 DS   [-WA]
FS =0030 0000000000000000 ffffffff 00cf9300 DPL=0 DS   [-WA]
GS =0030 0000000000000000 ffffffff 00cf9300 DPL=0 DS   [-WA]
LDT=0000 0000000000000000 0000ffff 00008200 DPL=0 LDT
TR =0048 000000001f5db058 00000067 00008900 DPL=0 TSS64-avl
GDT=     000000001f5db000 00000057
IDT=     000000001f090018 00000fff
CR0=80010033 CR2=0000000000000000 CR3=000000001f801000 CR4=00000668
DR0=0000000000000000 DR1=0000000000000000 DR2=0000000000000000 DR3=0000000000000000 
DR6=00000000ffff0ff0 DR7=0000000000000400
CCS=0000000000000000 CCD=000000001fe8e9d0 CCO=EFLAGS
EFER=0000000000000d00
Servicing hardware INT=0x20
   193: v=20 e=0000 i=0 cpl=0 IP=0038:000000001e84d608 pc=000000001e84d608 SP=0030:000000001fe8ec48 env->regs[R_EAX]=000000001e87e018
RAX=000000001e87e018 RBX=0000000000000000 RCX=000000001e8500c0 RDX=000000001f5ec018
RSI=000000001e87e018 RDI=000000001e87e018 RBP=000000001fe8ed00 RSP=000000001fe8ec48
R8 =000000001e850280 R9 =0000000000000002 R10=000000001fea7110 R11=000000001e87ea88
R12=000000001f5ec018 R13=000000001e888798 R14=000000001fea9530 R15=000000001fea78e0
RIP=000000001e84d608 RFL=00000246 [---Z-P-] CPL=0 II=0 A20=1 SMM=0 HLT=0
ES =0030 0000000000000000 ffffffff 00cf9300 DPL=0 DS   [-WA]
CS =0038 0000000000000000 ffffffff 00af9a00 DPL=0 CS64 [-R-]
SS =0030 0000000000000000 ffffffff 00cf9300 DPL=0 DS   [-WA]
DS =0030 0000000000000000 ffffffff 00cf9300 DPL=0 DS   [-WA]
FS =0030 0000000000000000 ffffffff 00cf9300 DPL=0 DS   [-WA]
GS =0030 0000000000000000 ffffffff 00cf9300 DPL=0 DS   [-WA]
LDT=0000 0000000000000000 0000ffff 00008200 DPL=0 LDT
TR =0048 000000001f5db058 00000067 00008900 DPL=0 TSS64-avl
GDT=     000000001f5db000 00000057
IDT=     000000001f090018 00000fff
CR0=80010033 CR2=0000000000000000 CR3=000000001f801000 CR4=00000668
DR0=0000000000000000 DR1=0000000000000000 DR2=0000000000000000 DR3=0000000000000000 
DR6=00000000ffff0ff0 DR7=0000000000000400
CCS=0000000000000044 CCD=0000000000000000 CCO=EFLAGS
EFER=0000000000000d00
Servicing hardware INT=0x20
   194: v=20 e=0000 i=0 cpl=0 IP=0038:000000001fea5bcc pc=000000001fea5bcc SP=0030:000000001fe8ea60 env->regs[R_EAX]=00000000000000af
RAX=00000000000000af RBX=000000001fea9d20 RCX=0000000000000000 RDX=000000001e85e000
RSI=000000001fe8eb4c RDI=000000001e863fa8 RBP=000000001fe8ead0 RSP=000000001fe8ea60
R8 =00000000000000af R9 =0000000000001000 R10=000000001fea7110 R11=000000001fea8360
R12=000000001e85e018 R13=0000000000005fa8 R14=000000001e85e000 R15=0000000030646870
RIP=000000001fea5bcc RFL=00000202 [-------] CPL=0 II=0 A20=1 SMM=0 HLT=0
ES =0030 0000000000000000 ffffffff 00cf9300 DPL=0 DS   [-WA]
CS =0038 0000000000000000 ffffffff 00af9a00 DPL=0 CS64 [-R-]
SS =0030 0000000000000000 ffffffff 00cf9300 DPL=0 DS   [-WA]
DS =0030 0000000000000000 ffffffff 00cf9300 DPL=0 DS   [-WA]
FS =0030 0000000000000000 ffffffff 00cf9300 DPL=0 DS   [-WA]
GS =0030 0000000000000000 ffffffff 00cf9300 DPL=0 DS   [-WA]
LDT=0000 0000000000000000 0000ffff 00008200 DPL=0 LDT
TR =0048 000000001f5db058 00000067 00008900 DPL=0 TSS64-avl
GDT=     000000001f5db000 00000057
IDT=     000000001f090018 00000fff
CR0=80010033 CR2=0000000000000000 CR3=000000001f801000 CR4=00000668
DR0=0000000000000000 DR1=0000000000000000 DR2=0000000000000000 DR3=0000000000000000 
DR6=00000000ffff0ff0 DR7=0000000000000400
CCS=0000000000000000 CCD=0000000000005fa8 CCO=EFLAGS
EFER=0000000000000d00
Servicing hardware INT=0x20
   195: v=20 e=0000 i=0 cpl=0 IP=0038:000000001fea5bcc pc=000000001fea5bcc SP=0030:000000001fe8e920 env->regs[R_EAX]=00000000000000af
RAX=00000000000000af RBX=000000001e861000 RCX=0000000000000000 RDX=000000001e861018
RSI=000000001e864000 RDI=000000001e8633d8 RBP=000000001fe8e990 RSP=000000001fe8e920
R8 =00000000000000af R9 =0000000000003000 R10=0000000000000000 R11=000000001fea8360
R12=000000001e861018 R13=00000000000023e8 R14=0000000000000003 R15=0000000000000000
RIP=000000001fea5bcc RFL=00000206 [-----P-] CPL=0 II=0 A20=1 SMM=0 HLT=0
ES =0030 0000000000000000 ffffffff 00cf9300 DPL=0 DS   [-WA]
CS =0038 0000000000000000 ffffffff 00af9a00 DPL=0 CS64 [-R-]
SS =0030 0000000000000000 ffffffff 00cf9300 DPL=0 DS   [-WA]
DS =0030 0000000000000000 ffffffff 00cf9300 DPL=0 DS   [-WA]
FS =0030 0000000000000000 ffffffff 00cf9300 DPL=0 DS   [-WA]
GS =0030 0000000000000000 ffffffff 00cf9300 DPL=0 DS   [-WA]
LDT=0000 0000000000000000 0000ffff 00008200 DPL=0 LDT
TR =0048 000000001f5db058 00000067 00008900 DPL=0 TSS64-avl
GDT=     000000001f5db000 00000057
IDT=     000000001f090018 00000fff
CR0=80010033 CR2=0000000000000000 CR3=000000001f801000 CR4=00000668
DR0=0000000000000000 DR1=0000000000000000 DR2=0000000000000000 DR3=0000000000000000 
DR6=00000000ffff0ff0 DR7=0000000000000400
CCS=0000000000000004 CCD=00000000000023c0 CCO=EFLAGS
EFER=0000000000000d00
Servicing hardware INT=0x20
   196: v=20 e=0000 i=0 cpl=0 IP=0038:000000001fea5bca pc=000000001fea5bca SP=0030:000000001fe8e920 env->regs[R_EAX]=00000000000000af
RAX=00000000000000af RBX=000000001e6fb000 RCX=00000000000f0001 RDX=000000001e6fb018
RSI=000000001e83d000 RDI=000000001e74c657 RBP=000000001fe8e990 RSP=000000001fe8e920
R8 =00000000000000af R9 =0000000000142000 R10=0000000000000000 R11=000000001fea8360
R12=000000001e6fb018 R13=0000000000141668 R14=0000000000000142 R15=0000000000000000
RIP=000000001fea5bca RFL=00010202 [-------] CPL=0 II=0 A20=1 SMM=0 HLT=0
ES =0030 0000000000000000 ffffffff 00cf9300 DPL=0 DS   [-WA]
CS =0038 0000000000000000 ffffffff 00af9a00 DPL=0 CS64 [-R-]
SS =0030 0000000000000000 ffffffff 00cf9300 DPL=0 DS   [-WA]
DS =0030 0000000000000000 ffffffff 00cf9300 DPL=0 DS   [-WA]
FS =0030 0000000000000000 ffffffff 00cf9300 DPL=0 DS   [-WA]
GS =0030 0000000000000000 ffffffff 00cf9300 DPL=0 DS   [-WA]
LDT=0000 0000000000000000 0000ffff 00008200 DPL=0 LDT
TR =0048 000000001f5db058 00000067 00008900 DPL=0 TSS64-avl
GDT=     000000001f5db000 00000057
IDT=     000000001f090018 00000fff
CR0=80010033 CR2=0000000000000000 CR3=000000001f801000 CR4=00000668
DR0=0000000000000000 DR1=0000000000000000 DR2=0000000000000000 DR3=0000000000000000 
DR6=00000000ffff0ff0 DR7=0000000000000400
CCS=0000000000000000 CCD=0000000000141640 CCO=EFLAGS
EFER=0000000000000d00
Servicing hardware INT=0x20
   197: v=20 e=0000 i=0 cpl=0 IP=0038:000000001fea5c05 pc=000000001fea5c05 SP=0030:000000001fe8ea88 env->regs[R_EAX]=000000001e6fb018
RAX=000000001e6fb018 RBX=000000001f4e1b30 RCX=0000000000020001 RDX=000000001f1a4034
RSI=000000001f1e566c RDI=000000001e73c650 RBP=000000001fe8eb70 RSP=000000001fe8ea88
R8 =0000000000000000 R9 =000000001f2e5673 R10=0000000000000000 R11=000000001fea8360
R12=000000001f1a4034 R13=000000001fe8ec28 R14=000000001fe8ec58 R15=000000001fe8ec00
RIP=000000001fea5c05 RFL=00010202 [-------] CPL=0 II=0 A20=1 SMM=0 HLT=0
ES =0030 0000000000000000 ffffffff 00cf9300 DPL=0 DS   [-WA]
CS =0038 0000000000000000 ffffffff 00af9a00 DPL=0 CS64 [-R-]
SS =0030 0000000000000000 ffffffff 00cf9300 DPL=0 DS   [-WA]
DS =0030 0000000000000000 ffffffff 00cf9300 DPL=0 DS   [-WA]
FS =0030 0000000000000000 ffffffff 00cf9300 DPL=0 DS   [-WA]
GS =0030 0000000000000000 ffffffff 00cf9300 DPL=0 DS   [-WA]
LDT=0000 0000000000000000 0000ffff 00008200 DPL=0 LDT
TR =0048 000000001f5db058 00000067 00008900 DPL=0 TSS64-avl
GDT=     000000001f5db000 00000057
IDT=     000000001f090018 00000fff
CR0=80010033 CR2=0000000000000000 CR3=000000001f801000 CR4=00000668
DR0=0000000000000000 DR1=0000000000000000 DR2=0000000000000000 DR3=0000000000000000 
DR6=00000000ffff0ff0 DR7=0000000000000400
CCS=0000000000000000 CCD=00000000000282c8 CCO=EFLAGS
EFER=0000000000000d00
Servicing hardware INT=0x20
   198: v=20 e=0000 i=0 cpl=0 IP=0038:000000001fe9e3a2 pc=000000001fe9e3a2 SP=0030:000000001fe8e208 env->regs[R_EAX]=000000001fe9e3a2
RAX=000000001fe9e3a2 RBX=000000001f4e7c10 RCX=0000000000000010 RDX=000000001f0b2398
RSI=000000001f4e7aa8 RDI=0000000000000000 RBP=000000001fe8e290 RSP=000000001fe8e208
R8 =0000000000000021 R9 =000000001ec74807 R10=000000001e5ff000 R11=0000000000000c06
R12=0000000000000168 R13=0000000000000007 R14=000fffffc0000000 R15=000000001ea06e38
RIP=000000001fe9e3a2 RFL=00000202 [-------] CPL=0 II=0 A20=1 SMM=0 HLT=0
ES =0030 0000000000000000 ffffffff 00cf9300 DPL=0 DS   [-WA]
CS =0038 0000000000000000 ffffffff 00af9a00 DPL=0 CS64 [-R-]
SS =0030 0000000000000000 ffffffff 00cf9300 DPL=0 DS   [-WA]
DS =0030 0000000000000000 ffffffff 00cf9300 DPL=0 DS   [-WA]
FS =0030 0000000000000000 ffffffff 00cf9300 DPL=0 DS   [-WA]
GS =0030 0000000000000000 ffffffff 00cf9300 DPL=0 DS   [-WA]
LDT=0000 0000000000000000 0000ffff 00008200 DPL=0 LDT
TR =0048 000000001f5db058 00000067 00008900 DPL=0 TSS64-avl
GDT=     000000001f5db000 00000057
IDT=     000000001f090018 00000fff
CR0=80000033 CR2=0000000000000000 CR3=000000001f801000 CR4=00000668
DR0=0000000000000000 DR1=0000000000000000 DR2=0000000000000000 DR3=0000000000000000 
DR6=00000000ffff0ff0 DR7=0000000000000400
CCS=0000000000000000 CCD=000000001fe8e210 CCO=EFLAGS
EFER=0000000000000d00
Servicing hardware INT=0x20
   199: v=20 e=0000 i=0 cpl=0 IP=0038:000000001fea5bca pc=000000001fea5bca SP=0030:000000001fe8ea60 env->regs[R_EAX]=00000000000000af
RAX=00000000000000af RBX=000000001fea9d20 RCX=00000000000d0001 RDX=000000001e6fb000
RSI=000000001fe8eb4c RDI=000000001e76c667 RBP=000000001fe8ead0 RSP=000000001fe8ea60
R8 =00000000000000af R9 =0000000000001000 R10=000000001fea7110 R11=000000001fea8360
R12=000000001e6fb018 R13=0000000000141668 R14=000000001e6fb000 R15=0000000030646870
RIP=000000001fea5bca RFL=00010202 [-------] CPL=0 II=0 A20=1 SMM=0 HLT=0
ES =0030 0000000000000000 ffffffff 00cf9300 DPL=0 DS   [-WA]
CS =0038 0000000000000000 ffffffff 00af9a00 DPL=0 CS64 [-R-]
SS =0030 0000000000000000 ffffffff 00cf9300 DPL=0 DS   [-WA]
DS =0030 0000000000000000 ffffffff 00cf9300 DPL=0 DS   [-WA]
FS =0030 0000000000000000 ffffffff 00cf9300 DPL=0 DS   [-WA]
GS =0030 0000000000000000 ffffffff 00cf9300 DPL=0 DS   [-WA]
LDT=0000 0000000000000000 0000ffff 00008200 DPL=0 LDT
TR =0048 000000001f5db058 00000067 00008900 DPL=0 TSS64-avl
GDT=     000000001f5db000 00000057
IDT=     000000001f090018 00000fff
CR0=80010033 CR2=0000000000000000 CR3=000000001f801000 CR4=00000668
DR0=0000000000000000 DR1=0000000000000000 DR2=0000000000000000 DR3=0000000000000000 
DR6=00000000ffff0ff0 DR7=0000000000000400
CCS=0000000000000000 CCD=0000000000141668 CCO=EFLAGS
EFER=0000000000000d00
Servicing hardware INT=0x20
   200: v=20 e=0000 i=0 cpl=0 IP=0038:000000001fea5bca pc=000000001fea5bca SP=0030:000000001fe8e9b0 env->regs[R_EAX]=00000000000000af
RAX=00000000000000af RBX=0000000000000007 RCX=0000000000110001 RDX=000000001e6fb000
RSI=000000001fea97e8 RDI=000000001e72cfff RBP=000000001fe8ea50 RSP=000000001fe8e9b0
R8 =00000000000000af R9 =0000000000000142 R10=000000001fea7110 R11=000000001fea8360
R12=000000001e83cfff R13=000000001fea82d0 R14=000000001e83d000 R15=000000001fea7fa0
RIP=000000001fea5bca RFL=00010206 [-----P-] CPL=0 II=0 A20=1 SMM=0 HLT=0
ES =0030 0000000000000000 ffffffff 00cf9300 DPL=0 DS   [-WA]
CS =0038 0000000000000000 ffffffff 00af9a00 DPL=0 CS64 [-R-]
SS =0030 0000000000000000 ffffffff 00cf9300 DPL=0 DS   [-WA]
DS =0030 0000000000000000 ffffffff 00cf9300 DPL=0 DS   [-WA]
FS =0030 0000000000000000 ffffffff 00cf9300 DPL=0 DS   [-WA]
GS =0030 0000000000000000 ffffffff 00cf9300 DPL=0 DS   [-WA]
LDT=0000 0000000000000000 0000ffff 00008200 DPL=0 LDT
TR =0048 000000001f5db058 00000067 00008900 DPL=0 TSS64-avl
GDT=     000000001f5db000 00000057
IDT=     000000001f090018 00000fff
CR0=80010033 CR2=0000000000000000 CR3=000000001f801000 CR4=00000668
DR0=0000000000000000 DR1=0000000000000000 DR2=0000000000000000 DR3=0000000000000000 
DR6=00000000ffff0ff0 DR7=0000000000000400
CCS=0000000000000004 CCD=0000000000142000 CCO=EFLAGS
EFER=0000000000000d00
Servicing hardware INT=0x20
   201: v=20 e=0000 i=0 cpl=0 IP=0038:000000001fea5bca pc=000000001fea5bca SP=0030:000000001fe8e9b0 env->regs[R_EAX]=00000000000000af
RAX=00000000000000af RBX=0000000000000007 RCX=0000000000020001 RDX=000000001e6fb000
RSI=000000001fea97e8 RDI=000000001e81cfff RBP=000000001fe8ea50 RSP=000000001fe8e9b0
R8 =00000000000000af R9 =0000000000000142 R10=000000001fea7110 R11=000000001fea8360
R12=000000001e83cfff R13=000000001fea82d0 R14=000000001e83d000 R15=000000001fea7fa0
RIP=000000001fea5bca RFL=00010206 [-----P-] CPL=0 II=0 A20=1 SMM=0 HLT=0
ES =0030 0000000000000000 ffffffff 00cf9300 DPL=0 DS   [-WA]
CS =0038 0000000000000000 ffffffff 00af9a00 DPL=0 CS64 [-R-]
SS =0030 0000000000000000 ffffffff 00cf9300 DPL=0 DS   [-WA]
DS =0030 0000000000000000 ffffffff 00cf9300 DPL=0 DS   [-WA]
FS =0030 0000000000000000 ffffffff 00cf9300 DPL=0 DS   [-WA]
GS =0030 0000000000000000 ffffffff 00cf9300 DPL=0 DS   [-WA]
LDT=0000 0000000000000000 0000ffff 00008200 DPL=0 LDT
TR =0048 000000001f5db058 00000067 00008900 DPL=0 TSS64-avl
GDT=     000000001f5db000 00000057
IDT=     000000001f090018 00000fff
CR0=80010033 CR2=0000000000000000 CR3=000000001f801000 CR4=00000668
DR0=0000000000000000 DR1=0000000000000000 DR2=0000000000000000 DR3=0000000000000000 
DR6=00000000ffff0ff0 DR7=0000000000000400
CCS=0000000000000004 CCD=0000000000000000 CCO=EFLAGS
EFER=0000000000000d00
Servicing hardware INT=0x20
   202: v=20 e=0000 i=0 cpl=0 IP=0038:000000001e609124 pc=000000001e609124 SP=0030:000000001fe8eb70 env->regs[R_EAX]=0000000000000001
RAX=0000000000000001 RBX=000000001e6f3c1c RCX=000000001ec6dec0 RDX=0000000000000000
RSI=000000001e68f5f9 RDI=0000000000000028 RBP=000000001fe8eb70 RSP=000000001fe8eb70
R8 =00000000000000af R9 =000000002e689064 R10=000000001fea7110 R11=000000001e86b988
R12=000000001e86c198 R13=8000000000000009 R14=000000001fea9530 R15=000000001fea78e0
RIP=000000001e609124 RFL=00000246 [---Z-P-] CPL=0 II=0 A20=1 SMM=0 HLT=0
ES =0030 0000000000000000 ffffffff 00cf9300 DPL=0 DS   [-WA]
CS =0038 0000000000000000 ffffffff 00af9a00 DPL=0 CS64 [-R-]
SS =0030 0000000000000000 ffffffff 00cf9300 DPL=0 DS   [-WA]
DS =0030 0000000000000000 ffffffff 00cf9300 DPL=0 DS   [-WA]
FS =0030 0000000000000000 ffffffff 00cf9300 DPL=0 DS   [-WA]
GS =0030 0000000000000000 ffffffff 00cf9300 DPL=0 DS   [-WA]
LDT=0000 0000000000000000 0000ffff 00008200 DPL=0 LDT
TR =0048 000000001f5db058 00000067 00008900 DPL=0 TSS64-avl
GDT=     000000001f5db000 00000057
IDT=     000000001f090018 00000fff
CR0=80010033 CR2=0000000000000000 CR3=000000001f801000 CR4=00000668
DR0=0000000000000000 DR1=0000000000000000 DR2=0000000000000000 DR3=0000000000000000 
DR6=00000000ffff0ff0 DR7=0000000000000400
CCS=0000000000000044 CCD=0000000000000000 CCO=EFLAGS
EFER=0000000000000d00
Servicing hardware INT=0x20
   203: v=20 e=0000 i=0 cpl=0 IP=0038:000000001ec5e266 pc=000000001ec5e266 SP=0030:000000001fe8e758 env->regs[R_EAX]=000000001ec6dec0
RAX=000000001ec6dec0 RBX=0000000000000010 RCX=000000001ec6dec0 RDX=000000001fea8200
RSI=000000001fea9580 RDI=0000000000000001 RBP=000000001fe8e790 RSP=000000001fe8e758
R8 =000000001fea9580 R9 =000000001e830fff R10=000000001fea7110 R11=000000001fea8360
R12=000000001e831000 R13=0000000000000004 R14=000000000002600f R15=000000001feb2ac0
RIP=000000001ec5e266 RFL=00000206 [-----P-] CPL=0 II=0 A20=1 SMM=0 HLT=0
ES =0030 0000000000000000 ffffffff 00cf9300 DPL=0 DS   [-WA]
CS =0038 0000000000000000 ffffffff 00af9a00 DPL=0 CS64 [-R-]
SS =0030 0000000000000000 ffffffff 00cf9300 DPL=0 DS   [-WA]
DS =0030 0000000000000000 ffffffff 00cf9300 DPL=0 DS   [-WA]
FS =0030 0000000000000000 ffffffff 00cf9300 DPL=0 DS   [-WA]
GS =0030 0000000000000000 ffffffff 00cf9300 DPL=0 DS   [-WA]
LDT=0000 0000000000000000 0000ffff 00008200 DPL=0 LDT
TR =0048 000000001f5db058 00000067 00008900 DPL=0 TSS64-avl
GDT=     000000001f5db000 00000057
IDT=     000000001f090018 00000fff
CR0=80010033 CR2=0000000000000000 CR3=000000001f801000 CR4=00000668
DR0=0000000000000000 DR1=0000000000000000 DR2=0000000000000000 DR3=0000000000000000 
DR6=00000000ffff0ff0 DR7=0000000000000400
CCS=0000000000000020 CCD=000000001fe8e760 CCO=SUBQ
EFER=0000000000000d00
Servicing hardware INT=0x20
   204: v=20 e=0000 i=0 cpl=0 IP=0038:000000001e5ba48f pc=000000001e5ba48f SP=0030:000000001fe8ead0 env->regs[R_EAX]=000000001e5ba48f
RAX=000000001e5ba48f RBX=0000000000000010 RCX=0000000000000064 RDX=000000001e696610
RSI=0000000000000001 RDI=0000000000000044 RBP=000000001fe8eb90 RSP=000000001fe8ead0
R8 =0000000000000000 R9 =0000000000000001 R10=000000001fe8eb2a R11=0000000000000002
R12=000000001fe8ec62 R13=000000001fe8ebe8 R14=000000001e683cc6 R15=000000000000ffff
RIP=000000001e5ba48f RFL=00000203 [------C] CPL=0 II=0 A20=1 SMM=0 HLT=0
ES =0030 0000000000000000 ffffffff 00cf9300 DPL=0 DS   [-WA]
CS =0038 0000000000000000 ffffffff 00af9a00 DPL=0 CS64 [-R-]
SS =0030 0000000000000000 ffffffff 00cf9300 DPL=0 DS   [-WA]
DS =0030 0000000000000000 ffffffff 00cf9300 DPL=0 DS   [-WA]
FS =0030 0000000000000000 ffffffff 00cf9300 DPL=0 DS   [-WA]
GS =0030 0000000000000000 ffffffff 00cf9300 DPL=0 DS   [-WA]
LDT=0000 0000000000000000 0000ffff 00008200 DPL=0 LDT
TR =0048 000000001f5db058 00000067 00008900 DPL=0 TSS64-avl
GDT=     000000001f5db000 00000057
IDT=     000000001f090018 00000fff
CR0=80010033 CR2=0000000000000000 CR3=000000001f801000 CR4=00000668
DR0=0000000000000000 DR1=0000000000000000 DR2=0000000000000000 DR3=0000000000000000 
DR6=00000000ffff0ff0 DR7=0000000000000400
CCS=0000000000000001 CCD=000000001e5ba48f CCO=EFLAGS
EFER=0000000000000d00
Servicing hardware INT=0x20
   205: v=20 e=0000 i=0 cpl=0 IP=0038:000000001e5c9b5c pc=000000001e5c9b5c SP=0030:000000001fe8e808 env->regs[R_EAX]=0000000000000000
RAX=0000000000000000 RBX=000000001fe8e8af RCX=0000000000000010 RDX=000000001e68f5e7
RSI=0000000000000025 RDI=000000001fe8e83b RBP=000000001fe8e890 RSP=000000001fe8e808
R8 =0000000000000000 R9 =000000001e82fba8 R10=0000000000000001 R11=0000000000000040
R12=0000000000000031 R13=0000000000000000 R14=0000000000000001 R15=0000000000000010
RIP=000000001e5c9b5c RFL=00000246 [---Z-P-] CPL=0 II=0 A20=1 SMM=0 HLT=0
ES =0030 0000000000000000 ffffffff 00cf9300 DPL=0 DS   [-WA]
CS =0038 0000000000000000 ffffffff 00af9a00 DPL=0 CS64 [-R-]
SS =0030 0000000000000000 ffffffff 00cf9300 DPL=0 DS   [-WA]
DS =0030 0000000000000000 ffffffff 00cf9300 DPL=0 DS   [-WA]
FS =0030 0000000000000000 ffffffff 00cf9300 DPL=0 DS   [-WA]
GS =0030 0000000000000000 ffffffff 00cf9300 DPL=0 DS   [-WA]
LDT=0000 0000000000000000 0000ffff 00008200 DPL=0 LDT
TR =0048 000000001f5db058 00000067 00008900 DPL=0 TSS64-avl
GDT=     000000001f5db000 00000057
IDT=     000000001f090018 00000fff
CR0=80010033 CR2=0000000000000000 CR3=000000001f801000 CR4=00000668
DR0=0000000000000000 DR1=0000000000000000 DR2=0000000000000000 DR3=0000000000000000 
DR6=00000000ffff0ff0 DR7=0000000000000400
CCS=0000000000000044 CCD=0000000000000000 CCO=EFLAGS
EFER=0000000000000d00
Servicing hardware INT=0x20
   206: v=20 e=0000 i=0 cpl=0 IP=0038:000000001fe92716 pc=000000001fe92716 SP=0030:000000001fe8e640 env->regs[R_EAX]=0000000000000000
RAX=0000000000000000 RBX=0000000000000023 RCX=0000000000000080 RDX=000000001fea7110
RSI=0000000000000028 RDI=0000000000000050 RBP=000000001fe8e680 RSP=000000001fe8e640
R8 =000000001fe8e758 R9 =0000000000000000 R10=0000000000000000 R11=000000001e684225
R12=000000001fea9d20 R13=0000000000000050 R14=0000000000000004 R15=0000000000000000
RIP=000000001fe92716 RFL=00000206 [-----P-] CPL=0 II=0 A20=1 SMM=0 HLT=0
ES =0030 0000000000000000 ffffffff 00cf9300 DPL=0 DS   [-WA]
CS =0038 0000000000000000 ffffffff 00af9a00 DPL=0 CS64 [-R-]
SS =0030 0000000000000000 ffffffff 00cf9300 DPL=0 DS   [-WA]
DS =0030 0000000000000000 ffffffff 00cf9300 DPL=0 DS   [-WA]
FS =0030 0000000000000000 ffffffff 00cf9300 DPL=0 DS   [-WA]
GS =0030 0000000000000000 ffffffff 00cf9300 DPL=0 DS   [-WA]
LDT=0000 0000000000000000 0000ffff 00008200 DPL=0 LDT
TR =0048 000000001f5db058 00000067 00008900 DPL=0 TSS64-avl
GDT=     000000001f5db000 00000057
IDT=     000000001f090018 00000fff
CR0=80010033 CR2=0000000000000000 CR3=000000001f801000 CR4=00000668
DR0=0000000000000000 DR1=0000000000000000 DR2=0000000000000000 DR3=0000000000000000 
DR6=00000000ffff0ff0 DR7=0000000000000400
CCS=0000000000000004 CCD=0000000000000030 CCO=EFLAGS
EFER=0000000000000d00
Servicing hardware INT=0x20
   207: v=20 e=0000 i=0 cpl=0 IP=0038:000000001e612bd1 pc=000000001e612bd1 SP=0030:000000001fe8e860 env->regs[R_EAX]=000000001e6f3130
RAX=000000001e6f3130 RBX=000000001e821ca8 RCX=000000001e6b2b20 RDX=0000000000000000
RSI=000000001e6f30d8 RDI=000000001e6f5180 RBP=000000001fe8e8c0 RSP=000000001fe8e860
R8 =0000000000000012 R9 =ffffffffffffffff R10=000000001fea7110 R11=000000001e821988
R12=000000001e83b328 R13=0000000000000000 R14=0000000000000000 R15=000000001e695f33
RIP=000000001e612bd1 RFL=00000246 [---Z-P-] CPL=0 II=0 A20=1 SMM=0 HLT=0
ES =0030 0000000000000000 ffffffff 00cf9300 DPL=0 DS   [-WA]
CS =0038 0000000000000000 ffffffff 00af9a00 DPL=0 CS64 [-R-]
SS =0030 0000000000000000 ffffffff 00cf9300 DPL=0 DS   [-WA]
DS =0030 0000000000000000 ffffffff 00cf9300 DPL=0 DS   [-WA]
FS =0030 0000000000000000 ffffffff 00cf9300 DPL=0 DS   [-WA]
GS =0030 0000000000000000 ffffffff 00cf9300 DPL=0 DS   [-WA]
LDT=0000 0000000000000000 0000ffff 00008200 DPL=0 LDT
TR =0048 000000001f5db058 00000067 00008900 DPL=0 TSS64-avl
GDT=     000000001f5db000 00000057
IDT=     000000001f090018 00000fff
CR0=80010033 CR2=0000000000000000 CR3=000000001f801000 CR4=00000668
DR0=0000000000000000 DR1=0000000000000000 DR2=0000000000000000 DR3=0000000000000000 
DR6=00000000ffff0ff0 DR7=0000000000000400
CCS=0000000000000044 CCD=0000000000000000 CCO=EFLAGS
EFER=0000000000000d00
Servicing hardware INT=0x20
   208: v=20 e=0000 i=0 cpl=0 IP=0038:000000001e61b630 pc=000000001e61b630 SP=0030:000000001fe8e620 env->regs[R_EAX]=0000000000000070
RAX=0000000000000070 RBX=000000001fe8e6f8 RCX=0000000000000000 RDX=000000001e695f2b
RSI=0000000000000003 RDI=0000000000000070 RBP=000000001fe8e6e0 RSP=000000001fe8e620
R8 =0000000000000000 R9 =ffffffffffffffff R10=000000001fea7172 R11=000000001e821488
R12=0000000000000000 R13=0000000000000001 R14=000000001e695f2a R15=0000000000000001
RIP=000000001e61b630 RFL=00000212 [----A--] CPL=0 II=0 A20=1 SMM=0 HLT=0
ES =0030 0000000000000000 ffffffff 00cf9300 DPL=0 DS   [-WA]
CS =0038 0000000000000000 ffffffff 00af9a00 DPL=0 CS64 [-R-]
SS =0030 0000000000000000 ffffffff 00cf9300 DPL=0 DS   [-WA]
DS =0030 0000000000000000 ffffffff 00cf9300 DPL=0 DS   [-WA]
FS =0030 0000000000000000 ffffffff 00cf9300 DPL=0 DS   [-WA]
GS =0030 0000000000000000 ffffffff 00cf9300 DPL=0 DS   [-WA]
LDT=0000 0000000000000000 0000ffff 00008200 DPL=0 LDT
TR =0048 000000001f5db058 00000067 00008900 DPL=0 TSS64-avl
GDT=     000000001f5db000 00000057
IDT=     000000001f090018 00000fff
CR0=80010033 CR2=0000000000000000 CR3=000000001f801000 CR4=00000668
DR0=0000000000000000 DR1=0000000000000000 DR2=0000000000000000 DR3=0000000000000000 
DR6=00000000ffff0ff0 DR7=0000000000000400
CCS=0000000000000010 CCD=000000001fea7113 CCO=EFLAGS
EFER=0000000000000d00
Servicing hardware INT=0x20
   209: v=20 e=0000 i=0 cpl=0 IP=0038:000000001e5c5325 pc=000000001e5c5325 SP=0030:000000001fe8e840 env->regs[R_EAX]=0000000000000064
RAX=0000000000000064 RBX=000000001fe8e988 RCX=000000001e5c52da RDX=000000001e5c5325
RSI=000000001e699434 RDI=000000001e69941c RBP=000000001fe8e8d0 RSP=000000001fe8e840
R8 =0000000000000020 R9 =0000000000000000 R10=000000001e68f9ac R11=0000000000000008
R12=000000001e68ed04 R13=00000000ffffffff R14=0000000000000000 R15=0000000000000000
RIP=000000001e5c5325 RFL=00000203 [------C] CPL=0 II=0 A20=1 SMM=0 HLT=0
ES =0030 0000000000000000 ffffffff 00cf9300 DPL=0 DS   [-WA]
CS =0038 0000000000000000 ffffffff 00af9a00 DPL=0 CS64 [-R-]
SS =0030 0000000000000000 ffffffff 00cf9300 DPL=0 DS   [-WA]
DS =0030 0000000000000000 ffffffff 00cf9300 DPL=0 DS   [-WA]
FS =0030 0000000000000000 ffffffff 00cf9300 DPL=0 DS   [-WA]
GS =0030 0000000000000000 ffffffff 00cf9300 DPL=0 DS   [-WA]
LDT=0000 0000000000000000 0000ffff 00008200 DPL=0 LDT
TR =0048 000000001f5db058 00000067 00008900 DPL=0 TSS64-avl
GDT=     000000001f5db000 00000057
IDT=     000000001f090018 00000fff
CR0=80010033 CR2=0000000000000000 CR3=000000001f801000 CR4=00000668
DR0=0000000000000000 DR1=0000000000000000 DR2=0000000000000000 DR3=0000000000000000 
DR6=00000000ffff0ff0 DR7=0000000000000400
CCS=0000000000000001 CCD=000000001e5c5325 CCO=EFLAGS
EFER=0000000000000d00
Servicing hardware INT=0x20
   210: v=20 e=0000 i=0 cpl=0 IP=0038:000000001e6518e6 pc=000000001e6518e6 SP=0030:000000001fe8e880 env->regs[R_EAX]=000000001e821ca8
RAX=000000001e821ca8 RBX=000000001fe8e9c0 RCX=000000001e821aa8 RDX=fffffffffffffff8
RSI=0000000000000000 RDI=000000001e821ca8 RBP=000000001fe8e8f0 RSP=000000001fe8e880
R8 =0000000000000000 R9 =0000000000000002 R10=0000000000000001 R11=000000001e81f708
R12=000000001e81f228 R13=0000000000000000 R14=000000001e81f9a8 R15=0000000000000001
RIP=000000001e6518e6 RFL=00000206 [-----P-] CPL=0 II=0 A20=1 SMM=0 HLT=0
ES =0030 0000000000000000 ffffffff 00cf9300 DPL=0 DS   [-WA]
CS =0038 0000000000000000 ffffffff 00af9a00 DPL=0 CS64 [-R-]
SS =0030 0000000000000000 ffffffff 00cf9300 DPL=0 DS   [-WA]
DS =0030 0000000000000000 ffffffff 00cf9300 DPL=0 DS   [-WA]
FS =0030 0000000000000000 ffffffff 00cf9300 DPL=0 DS   [-WA]
GS =0030 0000000000000000 ffffffff 00cf9300 DPL=0 DS   [-WA]
LDT=0000 0000000000000000 0000ffff 00008200 DPL=0 LDT
TR =0048 000000001f5db058 00000067 00008900 DPL=0 TSS64-avl
GDT=     000000001f5db000 00000057
IDT=     000000001f090018 00000fff
CR0=80010033 CR2=0000000000000000 CR3=000000001f801000 CR4=00000668
DR0=0000000000000000 DR1=0000000000000000 DR2=0000000000000000 DR3=0000000000000000 
DR6=00000000ffff0ff0 DR7=0000000000000400
CCS=0000000000000004 CCD=000000001fe8e860 CCO=EFLAGS
EFER=0000000000000d00
Servicing hardware INT=0x20
   211: v=20 e=0000 i=0 cpl=0 IP=0038:000000001e641807 pc=000000001e641807 SP=0030:000000001fe8e358 env->regs[R_EAX]=000000001e641807
RAX=000000001e641807 RBX=000000001e826128 RCX=0000000000000000 RDX=0000000000000000
RSI=0000000000000002 RDI=000000001fe8e390 RBP=000000001fe8e530 RSP=000000001fe8e358
R8 =0000000000000001 R9 =0000000000000001 R10=000000001e6b18d4 R11=000000001e826308
R12=000000001e6f0040 R13=000000001e821ca8 R14=000000001e6f50e0 R15=0000000000000039
RIP=000000001e641807 RFL=00000202 [-------] CPL=0 II=0 A20=1 SMM=0 HLT=0
ES =0030 0000000000000000 ffffffff 00cf9300 DPL=0 DS   [-WA]
CS =0038 0000000000000000 ffffffff 00af9a00 DPL=0 CS64 [-R-]
SS =0030 0000000000000000 ffffffff 00cf9300 DPL=0 DS   [-WA]
DS =0030 0000000000000000 ffffffff 00cf9300 DPL=0 DS   [-WA]
FS =0030 0000000000000000 ffffffff 00cf9300 DPL=0 DS   [-WA]
GS =0030 0000000000000000 ffffffff 00cf9300 DPL=0 DS   [-WA]
LDT=0000 0000000000000000 0000ffff 00008200 DPL=0 LDT
TR =0048 000000001f5db058 00000067 00008900 DPL=0 TSS64-avl
GDT=     000000001f5db000 00000057
IDT=     000000001f090018 00000fff
CR0=80010033 CR2=0000000000000000 CR3=000000001f801000 CR4=00000668
DR0=0000000000000000 DR1=0000000000000000 DR2=0000000000000000 DR3=0000000000000000 
DR6=00000000ffff0ff0 DR7=0000000000000400
CCS=0000000000000000 CCD=000000001e641807 CCO=EFLAGS
EFER=0000000000000d00
Servicing hardware INT=0x20
   212: v=20 e=0000 i=0 cpl=0 IP=0038:000000001e617f0d pc=000000001e617f0d SP=0030:000000001fe8e838 env->regs[R_EAX]=6d645a51473e3401
RAX=6d645a51473e3401 RBX=000000001e816fa8 RCX=000000000000b008 RDX=0000000000000010
RSI=000000001fe8e848 RDI=000000001e816fa8 RBP=000000001fe8e890 RSP=000000001fe8e838
R8 =0000000000000000 R9 =000000000000b008 R10=0000000000000000 R11=000000001e697f18
R12=000000001fe8e8f0 R13=000000007fffffff R14=000000001fe8e8e8 R15=0000000000000010
RIP=000000001e617f0d RFL=00000202 [-------] CPL=0 II=0 A20=1 SMM=0 HLT=0
ES =0030 0000000000000000 ffffffff 00cf9300 DPL=0 DS   [-WA]
CS =0038 0000000000000000 ffffffff 00af9a00 DPL=0 CS64 [-R-]
SS =0030 0000000000000000 ffffffff 00cf9300 DPL=0 DS   [-WA]
DS =0030 0000000000000000 ffffffff 00cf9300 DPL=0 DS   [-WA]
FS =0030 0000000000000000 ffffffff 00cf9300 DPL=0 DS   [-WA]
GS =0030 0000000000000000 ffffffff 00cf9300 DPL=0 DS   [-WA]
LDT=0000 0000000000000000 0000ffff 00008200 DPL=0 LDT
TR =0048 000000001f5db058 00000067 00008900 DPL=0 TSS64-avl
GDT=     000000001f5db000 00000057
IDT=     000000001f090018 00000fff
CR0=80010033 CR2=0000000000000000 CR3=000000001f801000 CR4=00000668
DR0=0000000000000000 DR1=0000000000000000 DR2=0000000000000000 DR3=0000000000000000 
DR6=00000000ffff0ff0 DR7=0000000000000400
CCS=0000000000000000 CCD=000000001fe8e840 CCO=EFLAGS
EFER=0000000000000d00
Servicing hardware INT=0x20
   213: v=20 e=0000 i=0 cpl=0 IP=0038:000000001e609ccf pc=000000001e609ccf SP=0030:000000001fe8e870 env->regs[R_EAX]=000000001e81f728
RAX=000000001e81f728 RBX=000000001e81f728 RCX=0000000000000000 RDX=000000001e81f748
RSI=0000000000000000 RDI=000000001e81f728 RBP=000000001fe8e890 RSP=000000001fe8e870
R8 =000000001e698740 R9 =000000001e698340 R10=000000001e698740 R11=000000001e697f18
R12=000000001e68f5f9 R13=0000000000000000 R14=000000001fe8e8f0 R15=000000001e83a328
RIP=000000001e609ccf RFL=00000246 [---Z-P-] CPL=0 II=0 A20=1 SMM=0 HLT=0
ES =0030 0000000000000000 ffffffff 00cf9300 DPL=0 DS   [-WA]
CS =0038 0000000000000000 ffffffff 00af9a00 DPL=0 CS64 [-R-]
SS =0030 0000000000000000 ffffffff 00cf9300 DPL=0 DS   [-WA]
DS =0030 0000000000000000 ffffffff 00cf9300 DPL=0 DS   [-WA]
FS =0030 0000000000000000 ffffffff 00cf9300 DPL=0 DS   [-WA]
GS =0030 0000000000000000 ffffffff 00cf9300 DPL=0 DS   [-WA]
LDT=0000 0000000000000000 0000ffff 00008200 DPL=0 LDT
TR =0048 000000001f5db058 00000067 00008900 DPL=0 TSS64-avl
GDT=     000000001f5db000 00000057
IDT=     000000001f090018 00000fff
CR0=80010033 CR2=0000000000000000 CR3=000000001f801000 CR4=00000668
DR0=0000000000000000 DR1=0000000000000000 DR2=0000000000000000 DR3=0000000000000000 
DR6=00000000ffff0ff0 DR7=0000000000000400
CCS=0000000000000044 CCD=0000000000000000 CCO=EFLAGS
EFER=0000000000000d00
Servicing hardware INT=0x20
   214: v=20 e=0000 i=0 cpl=0 IP=0038:000000001e65d106 pc=000000001e65d106 SP=0030:000000001fe8eaf0 env->regs[R_EAX]=0000000000000000
RAX=0000000000000000 RBX=000000001fe8eb50 RCX=000000001e68ec37 RDX=0000000000000000
RSI=000000001e68ec37 RDI=000000001fe8eb50 RBP=000000001fe8eb30 RSP=000000001fe8eaf0
R8 =0000000000000064 R9 =0000000000000001 R10=0000000000000000 R11=000000001fea8360
R12=0000000000000000 R13=0000000000000080 R14=0000000000000080 R15=0000000000000080
RIP=000000001e65d106 RFL=00000246 [---Z-P-] CPL=0 II=0 A20=1 SMM=0 HLT=0
ES =0030 0000000000000000 ffffffff 00cf9300 DPL=0 DS   [-WA]
CS =0038 0000000000000000 ffffffff 00af9a00 DPL=0 CS64 [-R-]
SS =0030 0000000000000000 ffffffff 00cf9300 DPL=0 DS   [-WA]
DS =0030 0000000000000000 ffffffff 00cf9300 DPL=0 DS   [-WA]
FS =0030 0000000000000000 ffffffff 00cf9300 DPL=0 DS   [-WA]
GS =0030 0000000000000000 ffffffff 00cf9300 DPL=0 DS   [-WA]
LDT=0000 0000000000000000 0000ffff 00008200 DPL=0 LDT
TR =0048 000000001f5db058 00000067 00008900 DPL=0 TSS64-avl
GDT=     000000001f5db000 00000057
IDT=     000000001f090018 00000fff
CR0=80010033 CR2=0000000000000000 CR3=000000001f801000 CR4=00000668
DR0=0000000000000000 DR1=0000000000000000 DR2=0000000000000000 DR3=0000000000000000 
DR6=00000000ffff0ff0 DR7=0000000000000400
CCS=0000000000000044 CCD=0000000000000000 CCO=EFLAGS
EFER=0000000000000d00
Servicing hardware INT=0x20
   215: v=20 e=0000 i=0 cpl=0 IP=0038:000000001fea5bcc pc=000000001fea5bcc SP=0030:000000001fe8e7b0 env->regs[R_EAX]=00000000000000af
RAX=00000000000000af RBX=000000001fea9d20 RCX=0000000000000000 RDX=000000001e810880
RSI=000000001fe8e89c RDI=000000001e8108d8 RBP=000000001fe8e820 RSP=000000001fe8e7b0
R8 =00000000000000af R9 =000000001e821a2f R10=000000001e68e9bb R11=0000000000000006
R12=000000001e810898 R13=0000000000000058 R14=000000001e810880 R15=0000000030646870
RIP=000000001fea5bcc RFL=00000202 [-------] CPL=0 II=0 A20=1 SMM=0 HLT=0
ES =0030 0000000000000000 ffffffff 00cf9300 DPL=0 DS   [-WA]
CS =0038 0000000000000000 ffffffff 00af9a00 DPL=0 CS64 [-R-]
SS =0030 0000000000000000 ffffffff 00cf9300 DPL=0 DS   [-WA]
DS =0030 0000000000000000 ffffffff 00cf9300 DPL=0 DS   [-WA]
FS =0030 0000000000000000 ffffffff 00cf9300 DPL=0 DS   [-WA]
GS =0030 0000000000000000 ffffffff 00cf9300 DPL=0 DS   [-WA]
LDT=0000 0000000000000000 0000ffff 00008200 DPL=0 LDT
TR =0048 000000001f5db058 00000067 00008900 DPL=0 TSS64-avl
GDT=     000000001f5db000 00000057
IDT=     000000001f090018 00000fff
CR0=80010033 CR2=0000000000000000 CR3=000000001f801000 CR4=00000668
DR0=0000000000000000 DR1=0000000000000000 DR2=0000000000000000 DR3=0000000000000000 
DR6=00000000ffff0ff0 DR7=0000000000000400
CCS=0000000000000000 CCD=0000000000000058 CCO=EFLAGS
EFER=0000000000000d00
Servicing hardware INT=0x20
   216: v=20 e=0000 i=0 cpl=0 IP=0038:000000001e680482 pc=000000001e680482 SP=0030:000000001fe8e6c0 env->regs[R_EAX]=000000001e80bf18
RAX=000000001e80bf18 RBX=0000000000000003 RCX=000000001ec6dec0 RDX=000000001e80bf18
RSI=000000001e68f5f9 RDI=0000000000000013 RBP=000000001fe8e6d0 RSP=000000001fe8e6c0
R8 =00000000000000af R9 =000000001e8245a8 R10=000000001fea7110 R11=000000001e80bf08
R12=0000000000000000 R13=0000000000000002 R14=000000001e6f36a0 R15=000000000000002c
RIP=000000001e680482 RFL=00000246 [---Z-P-] CPL=0 II=0 A20=1 SMM=0 HLT=0
ES =0030 0000000000000000 ffffffff 00cf9300 DPL=0 DS   [-WA]
CS =0038 0000000000000000 ffffffff 00af9a00 DPL=0 CS64 [-R-]
SS =0030 0000000000000000 ffffffff 00cf9300 DPL=0 DS   [-WA]
DS =0030 0000000000000000 ffffffff 00cf9300 DPL=0 DS   [-WA]
FS =0030 0000000000000000 ffffffff 00cf9300 DPL=0 DS   [-WA]
GS =0030 0000000000000000 ffffffff 00cf9300 DPL=0 DS   [-WA]
LDT=0000 0000000000000000 0000ffff 00008200 DPL=0 LDT
TR =0048 000000001f5db058 00000067 00008900 DPL=0 TSS64-avl
GDT=     000000001f5db000 00000057
IDT=     000000001f090018 00000fff
CR0=80010033 CR2=0000000000000000 CR3=000000001f801000 CR4=00000668
DR0=0000000000000000 DR1=0000000000000000 DR2=0000000000000000 DR3=0000000000000000 
DR6=00000000ffff0ff0 DR7=0000000000000400
CCS=0000000000000044 CCD=0000000000000000 CCO=EFLAGS
EFER=0000000000000d00
Servicing hardware INT=0x20
   217: v=20 e=0000 i=0 cpl=0 IP=0038:000000001e668a03 pc=000000001e668a03 SP=0030:000000001fe8eaa0 env->regs[R_EAX]=000000001e8067a8
RAX=000000001e8067a8 RBX=000000001e695c21 RCX=000000001ec6dec0 RDX=000000001ec6dec0
RSI=000000001e68f5f9 RDI=0000000000000110 RBP=000000001fe8eb50 RSP=000000001fe8eaa0
R8 =00000000000000af R9 =0000000000000000 R10=000000001fea7110 R11=000000001e806908
R12=000000001e816540 R13=000000001e816530 R14=000000001e816520 R15=000000001e816528
RIP=000000001e668a03 RFL=00000202 [-------] CPL=0 II=0 A20=1 SMM=0 HLT=0
ES =0030 0000000000000000 ffffffff 00cf9300 DPL=0 DS   [-WA]
CS =0038 0000000000000000 ffffffff 00af9a00 DPL=0 CS64 [-R-]
SS =0030 0000000000000000 ffffffff 00cf9300 DPL=0 DS   [-WA]
DS =0030 0000000000000000 ffffffff 00cf9300 DPL=0 DS   [-WA]
FS =0030 0000000000000000 ffffffff 00cf9300 DPL=0 DS   [-WA]
GS =0030 0000000000000000 ffffffff 00cf9300 DPL=0 DS   [-WA]
LDT=0000 0000000000000000 0000ffff 00008200 DPL=0 LDT
TR =0048 000000001f5db058 00000067 00008900 DPL=0 TSS64-avl
GDT=     000000001f5db000 00000057
IDT=     000000001f090018 00000fff
CR0=80010033 CR2=0000000000000000 CR3=000000001f801000 CR4=00000668
DR0=0000000000000000 DR1=0000000000000000 DR2=0000000000000000 DR3=0000000000000000 
DR6=00000000ffff0ff0 DR7=0000000000000400
CCS=0000000000000000 CCD=000000001e8067a8 CCO=EFLAGS
EFER=0000000000000d00
Servicing hardware INT=0x20
   218: v=20 e=0000 i=0 cpl=0 IP=0038:000000001e6812db pc=000000001e6812db SP=0030:000000001fe8ebd0 env->regs[R_EAX]=0000000000000000
RAX=0000000000000000 RBX=000000001e86c398 RCX=000000008000009c RDX=0000000000000007
RSI=0000000000000007 RDI=000000001e8302a8 RBP=000000001fe8ed00 RSP=000000001fe8ebd0
R8 =000000000000000d R9 =000000001e6eee70 R10=000000001fea7110 R11=0000000000000000
R12=000000001e805028 R13=000000001e805778 R14=000000001e8162a8 R15=000000001e805778
RIP=000000001e6812db RFL=00000246 [---Z-P-] CPL=0 II=0 A20=1 SMM=0 HLT=0
ES =0030 0000000000000000 ffffffff 00cf9300 DPL=0 DS   [-WA]
CS =0038 0000000000000000 ffffffff 00af9a00 DPL=0 CS64 [-R-]
SS =0030 0000000000000000 ffffffff 00cf9300 DPL=0 DS   [-WA]
DS =0030 0000000000000000 ffffffff 00cf9300 DPL=0 DS   [-WA]
FS =0030 0000000000000000 ffffffff 00cf9300 DPL=0 DS   [-WA]
GS =0030 0000000000000000 ffffffff 00cf9300 DPL=0 DS   [-WA]
LDT=0000 0000000000000000 0000ffff 00008200 DPL=0 LDT
TR =0048 000000001f5db058 00000067 00008900 DPL=0 TSS64-avl
GDT=     000000001f5db000 00000057
IDT=     000000001f090018 00000fff
CR0=80010033 CR2=0000000000000000 CR3=000000001f801000 CR4=00000668
DR0=0000000000000000 DR1=0000000000000000 DR2=0000000000000000 DR3=0000000000000000 
DR6=00000000ffff0ff0 DR7=0000000000000400
CCS=0000000000000044 CCD=0000000000000000 CCO=EFLAGS
EFER=0000000000000d00
Servicing hardware INT=0x20
   219: v=20 e=0000 i=0 cpl=0 IP=0038:000000001e6609b8 pc=000000001e6609b8 SP=0030:000000001fe8eaa0 env->regs[R_EAX]=0000000000000000
RAX=0000000000000000 RBX=000000001e695268 RCX=000000000000004c RDX=0000000000000000
RSI=0000000000000000 RDI=0000000000000000 RBP=000000001fe8eb30 RSP=000000001fe8eaa0
R8 =0000000000000003 R9 =0000000000000001 R10=00000000ffffffdf R11=0000000000000000
R12=000000001e69526b R13=000000001e6ecb80 R14=0000000000000000 R15=0000000000000001
RIP=000000001e6609b8 RFL=00000246 [---Z-P-] CPL=0 II=0 A20=1 SMM=0 HLT=0
ES =0030 0000000000000000 ffffffff 00cf9300 DPL=0 DS   [-WA]
CS =0038 0000000000000000 ffffffff 00af9a00 DPL=0 CS64 [-R-]
SS =0030 0000000000000000 ffffffff 00cf9300 DPL=0 DS   [-WA]
DS =0030 0000000000000000 ffffffff 00cf9300 DPL=0 DS   [-WA]
FS =0030 0000000000000000 ffffffff 00cf9300 DPL=0 DS   [-WA]
GS =0030 0000000000000000 ffffffff 00cf9300 DPL=0 DS   [-WA]
LDT=0000 0000000000000000 0000ffff 00008200 DPL=0 LDT
TR =0048 000000001f5db058 00000067 00008900 DPL=0 TSS64-avl
GDT=     000000001f5db000 00000057
IDT=     000000001f090018 00000fff
CR0=80010033 CR2=0000000000000000 CR3=000000001f801000 CR4=00000668
DR0=0000000000000000 DR1=0000000000000000 DR2=0000000000000000 DR3=0000000000000000 
DR6=00000000ffff0ff0 DR7=0000000000000400
CCS=0000000000000044 CCD=0000000000000000 CCO=EFLAGS
EFER=0000000000000d00
Servicing hardware INT=0x20
   220: v=20 e=0000 i=0 cpl=0 IP=0038:000000001e64e104 pc=000000001e64e104 SP=0030:000000001fe8e8a0 env->regs[R_EAX]=0000000000000001
RAX=0000000000000001 RBX=000000001e802128 RCX=0000000000000030 RDX=0000000000000030
RSI=000000001e804fa8 RDI=000000001e81f9a8 RBP=000000001fe8e8c0 RSP=000000001fe8e8a0
R8 =000000001e698b40 R9 =000000001e698340 R10=000000001e698740 R11=000000001e697f18
R12=000000001e804fa8 R13=0000000000000030 R14=000000001e81ff28 R15=000000001fe8ea40
RIP=000000001e64e104 RFL=00000202 [-------] CPL=0 II=0 A20=1 SMM=0 HLT=0
ES =0030 0000000000000000 ffffffff 00cf9300 DPL=0 DS   [-WA]
CS =0038 0000000000000000 ffffffff 00af9a00 DPL=0 CS64 [-R-]
SS =0030 0000000000000000 ffffffff 00cf9300 DPL=0 DS   [-WA]
DS =0030 0000000000000000 ffffffff 00cf9300 DPL=0 DS   [-WA]
FS =0030 0000000000000000 ffffffff 00cf9300 DPL=0 DS   [-WA]
GS =0030 0000000000000000 ffffffff 00cf9300 DPL=0 DS   [-WA]
LDT=0000 0000000000000000 0000ffff 00008200 DPL=0 LDT
TR =0048 000000001f5db058 00000067 00008900 DPL=0 TSS64-avl
GDT=     000000001f5db000 00000057
IDT=     000000001f090018 00000fff
CR0=80010033 CR2=0000000000000000 CR3=000000001f801000 CR4=00000668
DR0=0000000000000000 DR1=0000000000000000 DR2=0000000000000000 DR3=0000000000000000 
DR6=00000000ffff0ff0 DR7=0000000000000400
CCS=0000000000000000 CCD=0000000000000001 CCO=EFLAGS
EFER=0000000000000d00
Servicing hardware INT=0x20
   221: v=20 e=0000 i=0 cpl=0 IP=0038:000000001fe9272b pc=000000001fe9272b SP=0030:000000001fe8e770 env->regs[R_EAX]=0000000000000007
RAX=0000000000000007 RBX=00000000000009a0 RCX=0000000000001100 RDX=000000001fea7110
RSI=00000000000009a0 RDI=0000000000000007 RBP=000000001fe8e7b0 RSP=000000001fe8e770
R8 =000000001fe8e888 R9 =000000001e803398 R10=0000000000000008 R11=0000000000000c06
R12=000000001fea9d20 R13=00000000000009c8 R14=0000000000000006 R15=0000000000000000
RIP=000000001fe9272b RFL=00000297 [--S-APC] CPL=0 II=0 A20=1 SMM=0 HLT=0
ES =0030 0000000000000000 ffffffff 00cf9300 DPL=0 DS   [-WA]
CS =0038 0000000000000000 ffffffff 00af9a00 DPL=0 CS64 [-R-]
SS =0030 0000000000000000 ffffffff 00cf9300 DPL=0 DS   [-WA]
DS =0030 0000000000000000 ffffffff 00cf9300 DPL=0 DS   [-WA]
FS =0030 0000000000000000 ffffffff 00cf9300 DPL=0 DS   [-WA]
GS =0030 0000000000000000 ffffffff 00cf9300 DPL=0 DS   [-WA]
LDT=0000 0000000000000000 0000ffff 00008200 DPL=0 LDT
TR =0048 000000001f5db058 00000067 00008900 DPL=0 TSS64-avl
GDT=     000000001f5db000 00000057
IDT=     000000001f090018 00000fff
CR0=80010033 CR2=0000000000000000 CR3=000000001f801000 CR4=00000668
DR0=0000000000000000 DR1=0000000000000000 DR2=0000000000000000 DR3=0000000000000000 
DR6=00000000ffff0ff0 DR7=0000000000000400
CCS=0000000000000095 CCD=ffffffffffffffff CCO=EFLAGS
EFER=0000000000000d00
Servicing hardware INT=0x20
   222: v=20 e=0000 i=0 cpl=0 IP=0038:000000001fea5bcc pc=000000001fea5bcc SP=0030:000000001fe8e920 env->regs[R_EAX]=00000000000000af
RAX=00000000000000af RBX=000000001e7f1000 RCX=0000000000000000 RDX=000000001e7f1018
RSI=000000001e7f6000 RDI=000000001e7f54d8 RBP=000000001fe8e990 RSP=000000001fe8e920
R8 =00000000000000af R9 =0000000000005000 R10=0000000000000000 R11=000000001fea8360
R12=000000001e7f1018 R13=00000000000044e8 R14=0000000000000005 R15=0000000000000000
RIP=000000001fea5bcc RFL=00000206 [-----P-] CPL=0 II=0 A20=1 SMM=0 HLT=0
ES =0030 0000000000000000 ffffffff 00cf9300 DPL=0 DS   [-WA]
CS =0038 0000000000000000 ffffffff 00af9a00 DPL=0 CS64 [-R-]
SS =0030 0000000000000000 ffffffff 00cf9300 DPL=0 DS   [-WA]
DS =0030 0000000000000000 ffffffff 00cf9300 DPL=0 DS   [-WA]
FS =0030 0000000000000000 ffffffff 00cf9300 DPL=0 DS   [-WA]
GS =0030 0000000000000000 ffffffff 00cf9300 DPL=0 DS   [-WA]
LDT=0000 0000000000000000 0000ffff 00008200 DPL=0 LDT
TR =0048 000000001f5db058 00000067 00008900 DPL=0 TSS64-avl
GDT=     000000001f5db000 00000057
IDT=     000000001f090018 00000fff
CR0=80010033 CR2=0000000000000000 CR3=000000001f801000 CR4=00000668
DR0=0000000000000000 DR1=0000000000000000 DR2=0000000000000000 DR3=0000000000000000 
DR6=00000000ffff0ff0 DR7=0000000000000400
CCS=0000000000000004 CCD=00000000000044c0 CCO=EFLAGS
EFER=0000000000000d00
Servicing hardware INT=0x20
   223: v=20 e=0000 i=0 cpl=0 IP=0038:000000001e7e2940 pc=000000001e7e2940 SP=0030:000000001fe8ec50 env->regs[R_EAX]=0000000000000000
RAX=0000000000000000 RBX=000000000000b008 RCX=0000000000000cf8 RDX=0000000000000cf8
RSI=0000000000000000 RDI=0000000000000246 RBP=000000001fe8ed00 RSP=000000001fe8ec50
R8 =47c71f16dec9b486 R9 =0000000000000cfc R10=4dc13f2790003a9a R11=11d493d77739f24c
R12=000000001e801a98 R13=000000001f5ec018 R14=000000001fea9530 R15=000000001fea78e0
RIP=000000001e7e2940 RFL=00000202 [-------] CPL=0 II=0 A20=1 SMM=0 HLT=0
ES =0030 0000000000000000 ffffffff 00cf9300 DPL=0 DS   [-WA]
CS =0038 0000000000000000 ffffffff 00af9a00 DPL=0 CS64 [-R-]
SS =0030 0000000000000000 ffffffff 00cf9300 DPL=0 DS   [-WA]
DS =0030 0000000000000000 ffffffff 00cf9300 DPL=0 DS   [-WA]
FS =0030 0000000000000000 ffffffff 00cf9300 DPL=0 DS   [-WA]
GS =0030 0000000000000000 ffffffff 00cf9300 DPL=0 DS   [-WA]
LDT=0000 0000000000000000 0000ffff 00008200 DPL=0 LDT
TR =0048 000000001f5db058 00000067 00008900 DPL=0 TSS64-avl
GDT=     000000001f5db000 00000057
IDT=     000000001f090018 00000fff
CR0=80010033 CR2=0000000000000000 CR3=000000001f801000 CR4=00000668
DR0=0000000000000000 DR1=0000000000000000 DR2=0000000000000000 DR3=0000000000000000 
DR6=00000000ffff0ff0 DR7=0000000000000400
CCS=0000000000000000 CCD=000000000000b008 CCO=EFLAGS
EFER=0000000000000d00
Servicing hardware INT=0x20
   224: v=20 e=0000 i=0 cpl=0 IP=0038:000000001fe9020f pc=000000001fe9020f SP=0030:000000001fe8e240 env->regs[R_EAX]=0000000000000000
RAX=0000000000000000 RBX=0000000000000000 RCX=0000000000000c4f RDX=0000000000000000
RSI=000000001ec74808 RDI=000000001fe8e260 RBP=000000001fe8e2b0 RSP=000000001fe8e240
R8 =000000001ec74808 R9 =000000001ec74807 R10=0000000000000008 R11=0000000000000c06
R12=000000001ec74808 R13=800000000000000e R14=0000000000000000 R15=000000001ea07ed8
RIP=000000001fe9020f RFL=00000246 [---Z-P-] CPL=0 II=0 A20=1 SMM=0 HLT=0
ES =0030 0000000000000000 ffffffff 00cf9300 DPL=0 DS   [-WA]
CS =0038 0000000000000000 ffffffff 00af9a00 DPL=0 CS64 [-R-]
SS =0030 0000000000000000 ffffffff 00cf9300 DPL=0 DS   [-WA]
DS =0030 0000000000000000 ffffffff 00cf9300 DPL=0 DS   [-WA]
FS =0030 0000000000000000 ffffffff 00cf9300 DPL=0 DS   [-WA]
GS =0030 0000000000000000 ffffffff 00cf9300 DPL=0 DS   [-WA]
LDT=0000 0000000000000000 0000ffff 00008200 DPL=0 LDT
TR =0048 000000001f5db058 00000067 00008900 DPL=0 TSS64-avl
GDT=     000000001f5db000 00000057
IDT=     000000001f090018 00000fff
CR0=80000033 CR2=0000000000000000 CR3=000000001f801000 CR4=00000668
DR0=0000000000000000 DR1=0000000000000000 DR2=0000000000000000 DR3=0000000000000000 
DR6=00000000ffff0ff0 DR7=0000000000000400
CCS=0000000000000044 CCD=0000000000000000 CCO=EFLAGS
EFER=0000000000000d00
Servicing hardware INT=0x20
   225: v=20 e=0000 i=0 cpl=0 IP=0038:000000001e7d4adf pc=000000001e7d4adf SP=0030:000000001fe8eb30 env->regs[R_EAX]=000000001f4e8bd8
RAX=000000001f4e8bd8 RBX=0000000000000019 RCX=51af92d74973db9e RDX=0000000003280004
RSI=0000000000000000 RDI=0000000000000019 RBP=000000001fe8eb40 RSP=000000001fe8eb30
R8 =11eedc09a291ce0e R9 =000000001f4e8bd1 R10=4dc13f2790003a9a R11=11d493d77739f24c
R12=0000000000000004 R13=0000000000000000 R14=000000001fea9530 R15=000000001fea78e0
RIP=000000001e7d4adf RFL=00000246 [---Z-P-] CPL=0 II=0 A20=1 SMM=0 HLT=0
ES =0030 0000000000000000 ffffffff 00cf9300 DPL=0 DS   [-WA]
CS =0038 0000000000000000 ffffffff 00af9a00 DPL=0 CS64 [-R-]
SS =0030 0000000000000000 ffffffff 00cf9300 DPL=0 DS   [-WA]
DS =0030 0000000000000000 ffffffff 00cf9300 DPL=0 DS   [-WA]
FS =0030 0000000000000000 ffffffff 00cf9300 DPL=0 DS   [-WA]
GS =0030 0000000000000000 ffffffff 00cf9300 DPL=0 DS   [-WA]
LDT=0000 0000000000000000 0000ffff 00008200 DPL=0 LDT
TR =0048 000000001f5db058 00000067 00008900 DPL=0 TSS64-avl
GDT=     000000001f5db000 00000057
IDT=     000000001f090018 00000fff
CR0=80010033 CR2=0000000000000000 CR3=000000001f801000 CR4=00000668
DR0=0000000000000000 DR1=0000000000000000 DR2=0000000000000000 DR3=0000000000000000 
DR6=00000000ffff0ff0 DR7=0000000000000400
CCS=0000000000000044 CCD=0000000000000000 CCO=EFLAGS
EFER=0000000000000d00
Servicing hardware INT=0x20
   226: v=20 e=0000 i=0 cpl=0 IP=0038:000000001e7d2ce8 pc=000000001e7d2ce8 SP=0030:000000001fe8ecc0 env->regs[R_EAX]=000000001e7fe198
RAX=000000001e7fe198 RBX=000000001e7ff298 RCX=000000001e7ff298 RDX=000000001f5ec018
RSI=000000001e7fe198 RDI=000000001e7fe198 RBP=000000001fe8ed00 RSP=000000001fe8ecc0
R8 =00000000000000af R9 =000000001f4ecb18 R10=000000000000002b R11=000000001fea8360
R12=0000000000000000 R13=0000000000000000 R14=000000001fea9530 R15=000000001fea78e0
RIP=000000001e7d2ce8 RFL=00000246 [---Z-P-] CPL=0 II=0 A20=1 SMM=0 HLT=0
ES =0030 0000000000000000 ffffffff 00cf9300 DPL=0 DS   [-WA]
CS =0038 0000000000000000 ffffffff 00af9a00 DPL=0 CS64 [-R-]
SS =0030 0000000000000000 ffffffff 00cf9300 DPL=0 DS   [-WA]
DS =0030 0000000000000000 ffffffff 00cf9300 DPL=0 DS   [-WA]
FS =0030 0000000000000000 ffffffff 00cf9300 DPL=0 DS   [-WA]
GS =0030 0000000000000000 ffffffff 00cf9300 DPL=0 DS   [-WA]
LDT=0000 0000000000000000 0000ffff 00008200 DPL=0 LDT
TR =0048 000000001f5db058 00000067 00008900 DPL=0 TSS64-avl
GDT=     000000001f5db000 00000057
IDT=     000000001f090018 00000fff
CR0=80010033 CR2=0000000000000000 CR3=000000001f801000 CR4=00000668
DR0=0000000000000000 DR1=0000000000000000 DR2=0000000000000000 DR3=0000000000000000 
DR6=00000000ffff0ff0 DR7=0000000000000400
CCS=0000000000000044 CCD=0000000000000000 CCO=EFLAGS
EFER=0000000000000d00
Servicing hardware INT=0x20
   227: v=20 e=0000 i=0 cpl=0 IP=0038:000000001e7c7a0d pc=000000001e7c7a0d SP=0030:000000001fe8ec50 env->regs[R_EAX]=0000000000000003
RAX=0000000000000003 RBX=00000000554d4551 RCX=0000000000000000 RDX=000000001f4e8bce
RSI=000000001e7f1098 RDI=000000001e7f1098 RBP=000000001fe8ed00 RSP=000000001fe8ec50
R8 =0000000000000004 R9 =000000001f4e8bd1 R10=4dc13f2790003a9a R11=11d493d77739f24c
R12=000000001e7f1998 R13=0000000000000000 R14=000000001fea9530 R15=000000001fea78e0
RIP=000000001e7c7a0d RFL=00000206 [-----P-] CPL=0 II=0 A20=1 SMM=0 HLT=0
ES =0030 0000000000000000 ffffffff 00cf9300 DPL=0 DS   [-WA]
CS =0038 0000000000000000 ffffffff 00af9a00 DPL=0 CS64 [-R-]
SS =0030 0000000000000000 ffffffff 00cf9300 DPL=0 DS   [-WA]
DS =0030 0000000000000000 ffffffff 00cf9300 DPL=0 DS   [-WA]
FS =0030 0000000000000000 ffffffff 00cf9300 DPL=0 DS   [-WA]
GS =0030 0000000000000000 ffffffff 00cf9300 DPL=0 DS   [-WA]
LDT=0000 0000000000000000 0000ffff 00008200 DPL=0 LDT
TR =0048 000000001f5db058 00000067 00008900 DPL=0 TSS64-avl
GDT=     000000001f5db000 00000057
IDT=     000000001f090018 00000fff
CR0=80010033 CR2=0000000000000000 CR3=000000001f801000 CR4=00000668
DR0=0000000000000000 DR1=0000000000000000 DR2=0000000000000000 DR3=0000000000000000 
DR6=00000000ffff0ff0 DR7=0000000000000400
CCS=0000000000000004 CCD=0000000000000003 CCO=EFLAGS
EFER=0000000000000d00
Servicing hardware INT=0x20
   228: v=20 e=0000 i=0 cpl=0 IP=0038:000000001fe8f7b4 pc=000000001fe8f7b4 SP=0030:000000001fe8ecb0 env->regs[R_EAX]=000000001ea88c00
RAX=000000001ea88c00 RBX=000000001ec55218 RCX=81c8b7fc4b8d8697 RDX=000000001fe8ed00
RSI=0000000000000000 RDI=000000001fe8edf8 RBP=000000001fe8ed00 RSP=000000001fe8ecb0
R8 =000000001fe8edf0 R9 =000000001f19b174 R10=0000000000000034 R11=000000001e7f5808
R12=000000001ec55220 R13=000000001fe8edf8 R14=000000001fea85f0 R15=0000000000000000
RIP=000000001fe8f7b4 RFL=00000206 [-----P-] CPL=0 II=0 A20=1 SMM=0 HLT=0
ES =0030 0000000000000000 ffffffff 00cf9300 DPL=0 DS   [-WA]
CS =0038 0000000000000000 ffffffff 00af9a00 DPL=0 CS64 [-R-]
SS =0030 0000000000000000 ffffffff 00cf9300 DPL=0 DS   [-WA]
DS =0030 0000000000000000 ffffffff 00cf9300 DPL=0 DS   [-WA]
FS =0030 0000000000000000 ffffffff 00cf9300 DPL=0 DS   [-WA]
GS =0030 0000000000000000 ffffffff 00cf9300 DPL=0 DS   [-WA]
LDT=0000 0000000000000000 0000ffff 00008200 DPL=0 LDT
TR =0048 000000001f5db058 00000067 00008900 DPL=0 TSS64-avl
GDT=     000000001f5db000 00000057
IDT=     000000001f090018 00000fff
CR0=80010033 CR2=0000000000000000 CR3=000000001f801000 CR4=00000668
DR0=0000000000000000 DR1=0000000000000000 DR2=0000000000000000 DR3=0000000000000000 
DR6=00000000ffff0ff0 DR7=0000000000000400
CCS=0000000000000004 CCD=000000001ea88c00 CCO=EFLAGS
EFER=0000000000000d00
Servicing hardware INT=0x20
   229: v=20 e=0000 i=0 cpl=0 IP=0038:000000001e8f0fe0 pc=000000001e8f0fe0 SP=0030:000000001fe8e5b8 env->regs[R_EAX]=000000001e7f4f00
RAX=000000001e7f4f00 RBX=000000001e7f4018 RCX=000000001e7f4018 RDX=0000000000000058
RSI=0000000000000002 RDI=0000000000000000 RBP=000000001fe8e620 RSP=000000001fe8e5b8
R8 =0000000000000002 R9 =0000000000000109 R10=0000000000000001 R11=000000001fe8e740
R12=0000000000000000 R13=000000001e7f4f9e R14=0000000000000109 R15=0000000000000000
RIP=000000001e8f0fe0 RFL=00000202 [-------] CPL=0 II=0 A20=1 SMM=0 HLT=0
ES =0030 0000000000000000 ffffffff 00cf9300 DPL=0 DS   [-WA]
CS =0038 0000000000000000 ffffffff 00af9a00 DPL=0 CS64 [-R-]
SS =0030 0000000000000000 ffffffff 00cf9300 DPL=0 DS   [-WA]
DS =0030 0000000000000000 ffffffff 00cf9300 DPL=0 DS   [-WA]
FS =0030 0000000000000000 ffffffff 00cf9300 DPL=0 DS   [-WA]
GS =0030 0000000000000000 ffffffff 00cf9300 DPL=0 DS   [-WA]
LDT=0000 0000000000000000 0000ffff 00008200 DPL=0 LDT
TR =0048 000000001f5db058 00000067 00008900 DPL=0 TSS64-avl
GDT=     000000001f5db000 00000057
IDT=     000000001f090018 00000fff
CR0=80010033 CR2=0000000000000000 CR3=000000001f801000 CR4=00000668
DR0=0000000000000000 DR1=0000000000000000 DR2=0000000000000000 DR3=0000000000000000 
DR6=00000000ffff0ff0 DR7=0000000000000400
CCS=0000000000000000 CCD=0000000000000058 CCO=EFLAGS
EFER=0000000000000d00
Servicing hardware INT=0x20
   230: v=20 e=0000 i=0 cpl=0 IP=0038:000000001f6d995a pc=000000001f6d995a SP=0030:000000001fe8e6f0 env->regs[R_EAX]=00000000000000ff
RAX=00000000000000ff RBX=0000000000000007 RCX=0000000000020001 RDX=000000001e9bf018
RSI=000000001f58807c RDI=000000001e9df017 RBP=000000001fe8e7c0 RSP=000000001fe8e6f0
R8 =00000000000000ff R9 =0000000000000000 R10=000000001fe8ea1e R11=000000001fea8360
R12=000000001fe8e810 R13=000000001e9bf018 R14=0000000000000000 R15=000000001fe8e768
RIP=000000001f6d995a RFL=00010206 [-----P-] CPL=0 II=0 A20=1 SMM=0 HLT=0
ES =0030 0000000000000000 ffffffff 00cf9300 DPL=0 DS   [-WA]
CS =0038 0000000000000000 ffffffff 00af9a00 DPL=0 CS64 [-R-]
SS =0030 0000000000000000 ffffffff 00cf9300 DPL=0 DS   [-WA]
DS =0030 0000000000000000 ffffffff 00cf9300 DPL=0 DS   [-WA]
FS =0030 0000000000000000 ffffffff 00cf9300 DPL=0 DS   [-WA]
GS =0030 0000000000000000 ffffffff 00cf9300 DPL=0 DS   [-WA]
LDT=0000 0000000000000000 0000ffff 00008200 DPL=0 LDT
TR =0048 000000001f5db058 00000067 00008900 DPL=0 TSS64-avl
GDT=     000000001f5db000 00000057
IDT=     000000001f090018 00000fff
CR0=80010033 CR2=0000000000000000 CR3=000000001f801000 CR4=00000668
DR0=0000000000000000 DR1=0000000000000000 DR2=0000000000000000 DR3=0000000000000000 
DR6=00000000ffff0ff0 DR7=0000000000000400
CCS=0000000000000004 CCD=0000000000040000 CCO=EFLAGS
EFER=0000000000000d00
Servicing hardware INT=0x20
   231: v=20 e=0000 i=0 cpl=0 IP=0038:000000001f6d51a7 pc=000000001f6d51a7 SP=0030:000000001fe8e850 env->regs[R_EAX]=000000001f5c9290
RAX=000000001f5c9290 RBX=0000000000000006 RCX=0000000000000000 RDX=000000001f587c18
RSI=0000000000000000 RDI=000000001f587c18 RBP=000000001fe8e850 RSP=000000001fe8e850
R8 =0000000000000002 R9 =0000000000000002 R10=0000000000000001 R11=000000001f587798
R12=000000001e8f1ce8 R13=0000000000000012 R14=000000001f5c9101 R15=000000001f5c9198
RIP=000000001f6d51a7 RFL=00000287 [--S--PC] CPL=0 II=0 A20=1 SMM=0 HLT=0
ES =0030 0000000000000000 ffffffff 00cf9300 DPL=0 DS   [-WA]
CS =0038 0000000000000000 ffffffff 00af9a00 DPL=0 CS64 [-R-]
SS =0030 0000000000000000 ffffffff 00cf9300 DPL=0 DS   [-WA]
DS =0030 0000000000000000 ffffffff 00cf9300 DPL=0 DS   [-WA]
FS =0030 0000000000000000 ffffffff 00cf9300 DPL=0 DS   [-WA]
GS =0030 0000000000000000 ffffffff 00cf9300 DPL=0 DS   [-WA]
LDT=0000 0000000000000000 0000ffff 00008200 DPL=0 LDT
TR =0048 000000001f5db058 00000067 00008900 DPL=0 TSS64-avl
GDT=     000000001f5db000 00000057
IDT=     000000001f090018 00000fff
CR0=80010033 CR2=0000000000000000 CR3=000000001f801000 CR4=00000668
DR0=0000000000000000 DR1=0000000000000000 DR2=0000000000000000 DR3=0000000000000000 
DR6=00000000ffff0ff0 DR7=0000000000000400
CCS=0000000000000085 CCD=fffffffffffbe988 CCO=EFLAGS
EFER=0000000000000d00
Servicing hardware INT=0x20
   232: v=20 e=0000 i=0 cpl=0 IP=0038:000000001f6d657a pc=000000001f6d657a SP=0030:000000001fe8e670 env->regs[R_EAX]=0000000000000000
RAX=0000000000000000 RBX=000000001fe8e7a0 RCX=000000001e9bf018 RDX=000000001e93f034
RSI=000000001e9bf018 RDI=0000000000000000 RBP=000000001fe8e760 RSP=000000001fe8e670
R8 =0000000000000001 R9 =000000001e93f034 R10=0000000000000030 R11=000000001e7f5818
R12=0000000000000001 R13=000000000000003c R14=0000000000000000 R15=0000000000000001
RIP=000000001f6d657a RFL=00000246 [---Z-P-] CPL=0 II=0 A20=1 SMM=0 HLT=0
ES =0030 0000000000000000 ffffffff 00cf9300 DPL=0 DS   [-WA]
CS =0038 0000000000000000 ffffffff 00af9a00 DPL=0 CS64 [-R-]
SS =0030 0000000000000000 ffffffff 00cf9300 DPL=0 DS   [-WA]
DS =0030 0000000000000000 ffffffff 00cf9300 DPL=0 DS   [-WA]
FS =0030 0000000000000000 ffffffff 00cf9300 DPL=0 DS   [-WA]
GS =0030 0000000000000000 ffffffff 00cf9300 DPL=0 DS   [-WA]
LDT=0000 0000000000000000 0000ffff 00008200 DPL=0 LDT
TR =0048 000000001f5db058 00000067 00008900 DPL=0 TSS64-avl
GDT=     000000001f5db000 00000057
IDT=     000000001f090018 00000fff
CR0=80010033 CR2=0000000000000000 CR3=000000001f801000 CR4=00000668
DR0=0000000000000000 DR1=0000000000000000 DR2=0000000000000000 DR3=0000000000000000 
DR6=00000000ffff0ff0 DR7=0000000000000400
CCS=0000000000000044 CCD=0000000000000000 CCO=EFLAGS
EFER=0000000000000d00
Servicing hardware INT=0x20
   233: v=20 e=0000 i=0 cpl=0 IP=0038:000000001fea570a pc=000000001fea570a SP=0030:000000001fe8e680 env->regs[R_EAX]=ffffffffffffffff
RAX=ffffffffffffffff RBX=000000001ec4c718 RCX=000000001ec2bd98 RDX=000000001ec4c698
RSI=000000001f4ec018 RDI=000000001ec2bd98 RBP=000000001fe8e6c0 RSP=000000001fe8e680
R8 =000000001fe8e7c0 R9 =000000001e87f918 R10=0000000000000000 R11=000000000000002b
R12=0000000000000010 R13=000000001e87f918 R14=000000001fe8e7c0 R15=000000001e8710b0
RIP=000000001fea570a RFL=00000286 [--S--P-] CPL=0 II=0 A20=1 SMM=0 HLT=0
ES =0030 0000000000000000 ffffffff 00cf9300 DPL=0 DS   [-WA]
CS =0038 0000000000000000 ffffffff 00af9a00 DPL=0 CS64 [-R-]
SS =0030 0000000000000000 ffffffff 00cf9300 DPL=0 DS   [-WA]
DS =0030 0000000000000000 ffffffff 00cf9300 DPL=0 DS   [-WA]
FS =0030 0000000000000000 ffffffff 00cf9300 DPL=0 DS   [-WA]
GS =0030 0000000000000000 ffffffff 00cf9300 DPL=0 DS   [-WA]
LDT=0000 0000000000000000 0000ffff 00008200 DPL=0 LDT
TR =0048 000000001f5db058 00000067 00008900 DPL=0 TSS64-avl
GDT=     000000001f5db000 00000057
IDT=     000000001f090018 00000fff
CR0=80010033 CR2=0000000000000000 CR3=000000001f801000 CR4=00000668
DR0=0000000000000000 DR1=0000000000000000 DR2=0000000000000000 DR3=0000000000000000 
DR6=00000000ffff0ff0 DR7=0000000000000400
CCS=0000000000000084 CCD=ffffffffffffffff CCO=EFLAGS
EFER=0000000000000d00
Servicing hardware INT=0x20
   234: v=20 e=0000 i=0 cpl=0 IP=0038:000000001e8a8a54 pc=000000001e8a8a54 SP=0030:000000001fe8e6c8 env->regs[R_EAX]=800000000000000e
RAX=800000000000000e RBX=000000001e7f4118 RCX=000000001fe8e6d6 RDX=000000001fe8e6d7
RSI=0000000000000000 RDI=000000001e7f4118 RBP=000000001fe8e710 RSP=000000001fe8e6c8
R8 =0000000000000000 R9 =0000000000000cf8 R10=000000001ec4b3f0 R11=0000000000000001
R12=000000001ec4b640 R13=000000001ec2bd98 R14=0000000000000000 R15=0000000000000000
RIP=000000001e8a8a54 RFL=00000246 [---Z-P-] CPL=0 II=0 A20=1 SMM=0 HLT=0
ES =0030 0000000000000000 ffffffff 00cf9300 DPL=0 DS   [-WA]
CS =0038 0000000000000000 ffffffff 00af9a00 DPL=0 CS64 [-R-]
SS =0030 0000000000000000 ffffffff 00cf9300 DPL=0 DS   [-WA]
DS =0030 0000000000000000 ffffffff 00cf9300 DPL=0 DS   [-WA]
FS =0030 0000000000000000 ffffffff 00cf9300 DPL=0 DS   [-WA]
GS =0030 0000000000000000 ffffffff 00cf9300 DPL=0 DS   [-WA]
LDT=0000 0000000000000000 0000ffff 00008200 DPL=0 LDT
TR =0048 000000001f5db058 00000067 00008900 DPL=0 TSS64-avl
GDT=     000000001f5db000 00000057
IDT=     000000001f090018 00000fff
CR0=80010033 CR2=0000000000000000 CR3=000000001f801000 CR4=00000668
DR0=0000000000000000 DR1=0000000000000000 DR2=0000000000000000 DR3=0000000000000000 
DR6=00000000ffff0ff0 DR7=0000000000000400
CCS=0000000000000044 CCD=0000000000000000 CCO=EFLAGS
EFER=0000000000000d00
Servicing hardware INT=0x20
   235: v=20 e=0000 i=0 cpl=0 IP=0038:000000001e8a5b25 pc=000000001e8a5b25 SP=0030:000000001fe8e510 env->regs[R_EAX]=0000000000000000
RAX=0000000000000000 RBX=0000000000000005 RCX=000000001fe8e528 RDX=000000001fe8e52c
RSI=000000001e8a4be5 RDI=000000001fe8e4cc RBP=000000001fe8e560 RSP=000000001fe8e510
R8 =0000000000000000 R9 =0000000000000cf8 R10=000000001ec4b3f0 R11=0000000000000001
R12=000000001e7cf418 R13=0000000000000004 R14=0000000000000020 R15=0000000000000024
RIP=000000001e8a5b25 RFL=00000246 [---Z-P-] CPL=0 II=0 A20=1 SMM=0 HLT=0
ES =0030 0000000000000000 ffffffff 00cf9300 DPL=0 DS   [-WA]
CS =0038 0000000000000000 ffffffff 00af9a00 DPL=0 CS64 [-R-]
SS =0030 0000000000000000 ffffffff 00cf9300 DPL=0 DS   [-WA]
DS =0030 0000000000000000 ffffffff 00cf9300 DPL=0 DS   [-WA]
FS =0030 0000000000000000 ffffffff 00cf9300 DPL=0 DS   [-WA]
GS =0030 0000000000000000 ffffffff 00cf9300 DPL=0 DS   [-WA]
LDT=0000 0000000000000000 0000ffff 00008200 DPL=0 LDT
TR =0048 000000001f5db058 00000067 00008900 DPL=0 TSS64-avl
GDT=     000000001f5db000 00000057
IDT=     000000001f090018 00000fff
CR0=80010033 CR2=0000000000000000 CR3=000000001f801000 CR4=00000668
DR0=0000000000000000 DR1=0000000000000000 DR2=0000000000000000 DR3=0000000000000000 
DR6=00000000ffff0ff0 DR7=0000000000000400
CCS=0000000000000044 CCD=0000000000000000 CCO=EFLAGS
EFER=0000000000000d00
Servicing hardware INT=0x20
   236: v=20 e=0000 i=0 cpl=0 IP=0038:000000001ec24690 pc=000000001ec24690 SP=0030:000000001fe8e4b0 env->regs[R_EAX]=0000000000000001
RAX=0000000000000001 RBX=0000000000000000 RCX=0000000000000001 RDX=0000000000000cf8
RSI=0000000000000001 RDI=0000000000000000 RBP=000000001fe8e510 RSP=000000001fe8e4b0
R8 =0000000000000000 R9 =0000000000000cf8 R10=000000001ec4b3f0 R11=0000000000000001
R12=0000000012378086 R13=0000000000000000 R14=0000000000000004 R15=0000000000000000
RIP=000000001ec24690 RFL=00000202 [-------] CPL=0 II=0 A20=1 SMM=0 HLT=0
ES =0030 0000000000000000 ffffffff 00cf9300 DPL=0 DS   [-WA]
CS =0038 0000000000000000 ffffffff 00af9a00 DPL=0 CS64 [-R-]
SS =0030 0000000000000000 ffffffff 00cf9300 DPL=0 DS   [-WA]
DS =0030 0000000000000000 ffffffff 00cf9300 DPL=0 DS   [-WA]
FS =0030 0000000000000000 ffffffff 00cf9300 DPL=0 DS   [-WA]
GS =0030 0000000000000000 ffffffff 00cf9300 DPL=0 DS   [-WA]
LDT=0000 0000000000000000 0000ffff 00008200 DPL=0 LDT
TR =0048 000000001f5db058 00000067 00008900 DPL=0 TSS64-avl
GDT=     000000001f5db000 00000057
IDT=     000000001f090018 00000fff
CR0=80010033 CR2=0000000000000000 CR3=000000001f801000 CR4=00000668
DR0=0000000000000000 DR1=0000000000000000 DR2=0000000000000000 DR3=0000000000000000 
DR6=00000000ffff0ff0 DR7=0000000000000400
CCS=0000000000000038 CCD=0000000000000001 CCO=LOGICB
EFER=0000000000000d00
Servicing hardware INT=0x20
   237: v=20 e=0000 i=0 cpl=0 IP=0038:000000001ec22765 pc=000000001ec22765 SP=0030:000000001fe8e378 env->regs[R_EAX]=000000001ec4b220
RAX=000000001ec4b220 RBX=000000000000c000 RCX=0000000000000028 RDX=0000000000000001
RSI=000000001fe8e518 RDI=000000001e7ce818 RBP=000000001fe8e380 RSP=000000001fe8e378
R8 =000000001e7cdcf4 R9 =0000000000ffffff R10=0000000001000000 R11=00000000ffffffff
R12=000000001e7cfd18 R13=000000001e7cfc18 R14=000000001e7f4998 R15=000000001e7cef18
RIP=000000001ec22765 RFL=00000a93 [-OS-A-C] CPL=0 II=0 A20=1 SMM=0 HLT=0
ES =0030 0000000000000000 ffffffff 00cf9300 DPL=0 DS   [-WA]
CS =0038 0000000000000000 ffffffff 00af9a00 DPL=0 CS64 [-R-]
SS =0030 0000000000000000 ffffffff 00cf9300 DPL=0 DS   [-WA]
DS =0030 0000000000000000 ffffffff 00cf9300 DPL=0 DS   [-WA]
FS =0030 0000000000000000 ffffffff 00cf9300 DPL=0 DS   [-WA]
GS =0030 0000000000000000 ffffffff 00cf9300 DPL=0 DS   [-WA]
LDT=0000 0000000000000000 0000ffff 00008200 DPL=0 LDT
TR =0048 000000001f5db058 00000067 00008900 DPL=0 TSS64-avl
GDT=     000000001f5db000 00000057
IDT=     000000001f090018 00000fff
CR0=80010033 CR2=0000000000000000 CR3=000000001f801000 CR4=00000668
DR0=0000000000000000 DR1=0000000000000000 DR2=0000000000000000 DR3=0000000000000000 
DR6=00000000ffff0ff0 DR7=0000000000000400
CCS=0000000000000891 CCD=00000000000000ef CCO=EFLAGS
EFER=0000000000000d00
Servicing hardware INT=0x20
   238: v=20 e=0000 i=0 cpl=0 IP=0038:000000001fe920c8 pc=000000001fe920c8 SP=0030:000000001fe8e120 env->regs[R_EAX]=000000001fea82d0
RAX=000000001fea82d0 RBX=0000000000000000 RCX=000000001bb6c000 RDX=0000000000009000
RSI=0000000000000000 RDI=000000001bb63000 RBP=000000001fe8e170 RSP=000000001fe8e120
R8 =000000001a3ec000 R9 =0000000001780000 R10=0000000000000017 R11=0000000000000000
R12=000000001bb6bfff R13=000000001ec54ac8 R14=0000000000009000 R15=000000001f4ecfff
RIP=000000001fe920c8 RFL=00000246 [---Z-P-] CPL=0 II=0 A20=1 SMM=0 HLT=0
ES =0030 0000000000000000 ffffffff 00cf9300 DPL=0 DS   [-WA]
CS =0038 0000000000000000 ffffffff 00af9a00 DPL=0 CS64 [-R-]
SS =0030 0000000000000000 ffffffff 00cf9300 DPL=0 DS   [-WA]
DS =0030 0000000000000000 ffffffff 00cf9300 DPL=0 DS   [-WA]
FS =0030 0000000000000000 ffffffff 00cf9300 DPL=0 DS   [-WA]
GS =0030 0000000000000000 ffffffff 00cf9300 DPL=0 DS   [-WA]
LDT=0000 0000000000000000 0000ffff 00008200 DPL=0 LDT
TR =0048 000000001f5db058 00000067 00008900 DPL=0 TSS64-avl
GDT=     000000001f5db000 00000057
IDT=     000000001f090018 00000fff
CR0=80010033 CR2=0000000000000000 CR3=000000001f801000 CR4=00000668
DR0=0000000000000000 DR1=0000000000000000 DR2=0000000000000000 DR3=0000000000000000 
DR6=00000000ffff0ff0 DR7=0000000000000400
CCS=0000000000000044 CCD=0000000000000000 CCO=EFLAGS
EFER=0000000000000d00
Servicing hardware INT=0x20
   239: v=20 e=0000 i=0 cpl=0 IP=0038:000000001f092364 pc=000000001f092364 SP=0030:000000001fe8e250 env->regs[R_EAX]=0000000000000000
RAX=0000000000000000 RBX=00000000810090e8 RCX=0000000000000002 RDX=000000001f092f28
RSI=0000000000000002 RDI=0000000000000000 RBP=000000001fe8e260 RSP=000000001fe8e250
R8 =000000001e78a018 R9 =0000000081000000 R10=0000000000009b7f R11=0000000000000002
R12=000000001e793100 R13=0000000000007746 R14=000000001e78a004 R15=0000000000000004
RIP=000000001f092364 RFL=00000202 [-------] CPL=0 II=0 A20=1 SMM=0 HLT=0
ES =0030 0000000000000000 ffffffff 00cf9300 DPL=0 DS   [-WA]
CS =0038 0000000000000000 ffffffff 00af9a00 DPL=0 CS64 [-R-]
SS =0030 0000000000000000 ffffffff 00cf9300 DPL=0 DS   [-WA]
DS =0030 0000000000000000 ffffffff 00cf9300 DPL=0 DS   [-WA]
FS =0030 0000000000000000 ffffffff 00cf9300 DPL=0 DS   [-WA]
GS =0030 0000000000000000 ffffffff 00cf9300 DPL=0 DS   [-WA]
LDT=0000 0000000000000000 0000ffff 00008200 DPL=0 LDT
TR =0048 000000001f5db058 00000067 00008900 DPL=0 TSS64-avl
GDT=     000000001f5db000 00000057
IDT=     000000001f090018 00000fff
CR0=80010033 CR2=0000000000000000 CR3=000000001f801000 CR4=00000668
DR0=0000000000000000 DR1=0000000000000000 DR2=0000000000000000 DR3=0000000000000000 
DR6=00000000ffff0ff0 DR7=0000000000000400
CCS=0000000000000000 CCD=0000000000000001 CCO=EFLAGS
EFER=0000000000000d00
Servicing hardware INT=0x20
   240: v=20 e=0000 i=0 cpl=0 IP=0038:000000001f0a30bf pc=000000001f0a30bf SP=0030:000000001fe8e110 env->regs[R_EAX]=0000000000000000
RAX=0000000000000000 RBX=0000000000002140 RCX=000000001f0a5ea4 RDX=00000000000f4241
RSI=0000000000000000 RDI=0000000000000000 RBP=000000001fe8e1f0 RSP=000000001fe8e110
R8 =00000000000f4240 R9 =000000001ec4b723 R10=0000000000000000 R11=ffffffffffffffff
R12=000000001fe8e260 R13=000000001f0a4133 R14=000000001fe8e260 R15=000000001f0a5ea4
RIP=000000001f0a30bf RFL=00000246 [---Z-P-] CPL=0 II=0 A20=1 SMM=0 HLT=0
ES =0030 0000000000000000 ffffffff 00cf9300 DPL=0 DS   [-WA]
CS =0038 0000000000000000 ffffffff 00af9a00 DPL=0 CS64 [-R-]
SS =0030 0000000000000000 ffffffff 00cf9300 DPL=0 DS   [-WA]
DS =0030 0000000000000000 ffffffff 00cf9300 DPL=0 DS   [-WA]
FS =0030 0000000000000000 ffffffff 00cf9300 DPL=0 DS   [-WA]
GS =0030 0000000000000000 ffffffff 00cf9300 DPL=0 DS   [-WA]
LDT=0000 0000000000000000 0000ffff 00008200 DPL=0 LDT
TR =0048 000000001f5db058 00000067 00008900 DPL=0 TSS64-avl
GDT=     000000001f5db000 00000057
IDT=     000000001f090018 00000fff
CR0=80010033 CR2=0000000000000000 CR3=000000001f801000 CR4=00000668
DR0=0000000000000000 DR1=0000000000000000 DR2=0000000000000000 DR3=0000000000000000 
DR6=00000000ffff0ff0 DR7=0000000000000400
CCS=0000000000000044 CCD=0000000000000000 CCO=EFLAGS
EFER=0000000000000d00
Servicing hardware INT=0x20
   241: v=20 e=0000 i=0 cpl=0 IP=0038:000000001ec5e266 pc=000000001ec5e266 SP=0030:000000001fe8e598 env->regs[R_EAX]=000000001ec6dec0
RAX=000000001ec6dec0 RBX=0000000000000004 RCX=000000001ec6dec0 RDX=0000000000000cf8
RSI=0000000000000000 RDI=0000000000000001 RBP=000000001fe8e5d0 RSP=000000001fe8e598
R8 =0000000000000000 R9 =0000000000000cf8 R10=000000001ec4b3f0 R11=0000000000000001
R12=0000000000000000 R13=0000000000000007 R14=0000000000000004 R15=000000001feb2ac0
RIP=000000001ec5e266 RFL=00000206 [-----P-] CPL=0 II=0 A20=1 SMM=0 HLT=0
ES =0030 0000000000000000 ffffffff 00cf9300 DPL=0 DS   [-WA]
CS =0038 0000000000000000 ffffffff 00af9a00 DPL=0 CS64 [-R-]
SS =0030 0000000000000000 ffffffff 00cf9300 DPL=0 DS   [-WA]
DS =0030 0000000000000000 ffffffff 00cf9300 DPL=0 DS   [-WA]
FS =0030 0000000000000000 ffffffff 00cf9300 DPL=0 DS   [-WA]
GS =0030 0000000000000000 ffffffff 00cf9300 DPL=0 DS   [-WA]
LDT=0000 0000000000000000 0000ffff 00008200 DPL=0 LDT
TR =0048 000000001f5db058 00000067 00008900 DPL=0 TSS64-avl
GDT=     000000001f5db000 00000057
IDT=     000000001f090018 00000fff
CR0=80010033 CR2=0000000000000000 CR3=000000001f801000 CR4=00000668
DR0=0000000000000000 DR1=0000000000000000 DR2=0000000000000000 DR3=0000000000000000 
DR6=00000000ffff0ff0 DR7=0000000000000400
CCS=0000000000000020 CCD=000000001fe8e5a0 CCO=SUBQ
EFER=0000000000000d00
Servicing hardware INT=0x20
   242: v=20 e=0000 i=0 cpl=0 IP=0038:000000001e8ac8e3 pc=000000001e8ac8e3 SP=0030:000000001fe8e720 env->regs[R_EAX]=0000000000000000
RAX=0000000000000000 RBX=000000001ec4b640 RCX=0000000000000001 RDX=0000000000000cf8
RSI=0000000000000200 RDI=000000001e7ce418 RBP=000000001fe8e7f0 RSP=000000001fe8e720
R8 =0000000000000000 R9 =0000000000000cf8 R10=000000001ec4b3f0 R11=0000000000000001
R12=000000001ec2bd98 R13=000000001fe8e7a0 R14=000000001e8ad1e0 R15=000000001e7f4118
RIP=000000001e8ac8e3 RFL=00000246 [---Z-P-] CPL=0 II=0 A20=1 SMM=0 HLT=0
ES =0030 0000000000000000 ffffffff 00cf9300 DPL=0 DS   [-WA]
CS =0038 0000000000000000 ffffffff 00af9a00 DPL=0 CS64 [-R-]
SS =0030 0000000000000000 ffffffff 00cf9300 DPL=0 DS   [-WA]
DS =0030 0000000000000000 ffffffff 00cf9300 DPL=0 DS   [-WA]
FS =0030 0000000000000000 ffffffff 00cf9300 DPL=0 DS   [-WA]
GS =0030 0000000000000000 ffffffff 00cf9300 DPL=0 DS   [-WA]
LDT=0000 0000000000000000 0000ffff 00008200 DPL=0 LDT
TR =0048 000000001f5db058 00000067 00008900 DPL=0 TSS64-avl
GDT=     000000001f5db000 00000057
IDT=     000000001f090018 00000fff
CR0=80010033 CR2=0000000000000000 CR3=000000001f801000 CR4=00000668
DR0=0000000000000000 DR1=0000000000000000 DR2=0000000000000000 DR3=0000000000000000 
DR6=00000000ffff0ff0 DR7=0000000000000400
CCS=0000000000000044 CCD=0000000000000000 CCO=EFLAGS
EFER=0000000000000d00
Servicing hardware INT=0x20
   243: v=20 e=0000 i=0 cpl=0 IP=0038:000000001fe9a27d pc=000000001fe9a27d SP=0030:000000001fe8e1e0 env->regs[R_EAX]=0000000000000000
RAX=0000000000000000 RBX=000000001e7be018 RCX=0000000000000008 RDX=0000000000000013
RSI=0000000000000013 RDI=000000001e7be018 RBP=000000001fe8e2a0 RSP=000000001fe8e1e0
R8 =000000001e7c1254 R9 =0000000000000008 R10=000000001e7bf234 R11=000000001fe8e22a
R12=0000000000000000 R13=0000000000000013 R14=000000001e79ac18 R15=000000001e7ce418
RIP=000000001fe9a27d RFL=00000246 [---Z-P-] CPL=0 II=0 A20=1 SMM=0 HLT=0
ES =0030 0000000000000000 ffffffff 00cf9300 DPL=0 DS   [-WA]
CS =0038 0000000000000000 ffffffff 00af9a00 DPL=0 CS64 [-R-]
SS =0030 0000000000000000 ffffffff 00cf9300 DPL=0 DS   [-WA]
DS =0030 0000000000000000 ffffffff 00cf9300 DPL=0 DS   [-WA]
FS =0030 0000000000000000 ffffffff 00cf9300 DPL=0 DS   [-WA]
GS =0030 0000000000000000 ffffffff 00cf9300 DPL=0 DS   [-WA]
LDT=0000 0000000000000000 0000ffff 00008200 DPL=0 LDT
TR =0048 000000001f5db058 00000067 00008900 DPL=0 TSS64-avl
GDT=     000000001f5db000 00000057
IDT=     000000001f090018 00000fff
CR0=80010033 CR2=0000000000000000 CR3=000000001f801000 CR4=00000668
DR0=0000000000000000 DR1=0000000000000000 DR2=0000000000000000 DR3=0000000000000000 
DR6=00000000ffff0ff0 DR7=0000000000000400
CCS=0000000000000044 CCD=0000000000000000 CCO=EFLAGS
EFER=0000000000000d00
Servicing hardware INT=0x20
   244: v=20 e=0000 i=0 cpl=0 IP=0038:000000001fe9b8df pc=000000001fe9b8df SP=0030:000000001fe8e2b0 env->regs[R_EAX]=00000000000057af
RAX=00000000000057af RBX=000000001e7be018 RCX=0000000000004748 RDX=000000001e763018
RSI=000000001cbe24c0 RDI=000000001e7be018 RBP=000000001fe8e300 RSP=000000001fe8e2b0
R8 =0000000000000042 R9 =000000000000476d R10=000000000000000d R11=000000000000000d
R12=0000000000000000 R13=00000000000160fd R14=000000001e79ac18 R15=000000001e7ce418
RIP=000000001fe9b8df RFL=00000203 [------C] CPL=0 II=0 A20=1 SMM=0 HLT=0
ES =0030 0000000000000000 ffffffff 00cf9300 DPL=0 DS   [-WA]
CS =0038 0000000000000000 ffffffff 00af9a00 DPL=0 CS64 [-R-]
SS =0030 0000000000000000 ffffffff 00cf9300 DPL=0 DS   [-WA]
DS =0030 0000000000000000 ffffffff 00cf9300 DPL=0 DS   [-WA]
FS =0030 0000000000000000 ffffffff 00cf9300 DPL=0 DS   [-WA]
GS =0030 0000000000000000 ffffffff 00cf9300 DPL=0 DS   [-WA]
LDT=0000 0000000000000000 0000ffff 00008200 DPL=0 LDT
TR =0048 000000001f5db058 00000067 00008900 DPL=0 TSS64-avl
GDT=     000000001f5db000 00000057
IDT=     000000001f090018 00000fff
CR0=80010033 CR2=0000000000000000 CR3=000000001f801000 CR4=00000668
DR0=0000000000000000 DR1=0000000000000000 DR2=0000000000000000 DR3=0000000000000000 
DR6=00000000ffff0ff0 DR7=0000000000000400
CCS=0000000000000001 CCD=000000000000476d CCO=EFLAGS
EFER=0000000000000d00
Servicing hardware INT=0x20
   245: v=20 e=0000 i=0 cpl=0 IP=0038:000000001fe9b80e pc=000000001fe9b80e SP=0030:000000001fe8e2b0 env->regs[R_EAX]=00000000000002d1
RAX=00000000000002d1 RBX=000000001e7be018 RCX=0000000000000006 RDX=000000002d10844e
RSI=000000002d10844c RDI=000000001e7be018 RBP=000000001fe8e300 RSP=000000001fe8e2b0
R8 =00000000000004ad R9 =000000000000e4f4 R10=000000000000000c R11=000000000000000d
R12=0000000000000101 R13=00000000000160fd R14=000000001e79ac18 R15=000000001e7ce418
RIP=000000001fe9b80e RFL=00000293 [--S-A-C] CPL=0 II=0 A20=1 SMM=0 HLT=0
ES =0030 0000000000000000 ffffffff 00cf9300 DPL=0 DS   [-WA]
CS =0038 0000000000000000 ffffffff 00af9a00 DPL=0 CS64 [-R-]
SS =0030 0000000000000000 ffffffff 00cf9300 DPL=0 DS   [-WA]
DS =0030 0000000000000000 ffffffff 00cf9300 DPL=0 DS   [-WA]
FS =0030 0000000000000000 ffffffff 00cf9300 DPL=0 DS   [-WA]
GS =0030 0000000000000000 ffffffff 00cf9300 DPL=0 DS   [-WA]
LDT=0000 0000000000000000 0000ffff 00008200 DPL=0 LDT
TR =0048 000000001f5db058 00000067 00008900 DPL=0 TSS64-avl
GDT=     000000001f5db000 00000057
IDT=     000000001f090018 00000fff
CR0=80010033 CR2=0000000000000000 CR3=000000001f801000 CR4=00000668
DR0=0000000000000000 DR1=0000000000000000 DR2=0000000000000000 DR3=0000000000000000 
DR6=00000000ffff0ff0 DR7=0000000000000400
CCS=0000000000000091 CCD=ffffffffffffff04 CCO=EFLAGS
EFER=0000000000000d00
Servicing hardware INT=0x20
   246: v=20 e=0000 i=0 cpl=0 IP=0038:000000001fe9a0b6 pc=000000001fe9a0b6 SP=0030:000000001fe8e2a8 env->regs[R_EAX]=00000000000000a5
RAX=00000000000000a5 RBX=000000001e7be018 RCX=000000001e79ac58 RDX=0000000000000003
RSI=000000000000ebb4 RDI=000000001e7be018 RBP=000000001fe8e300 RSP=000000001fe8e2a8
R8 =0000000000000020 R9 =000000000001757d R10=000000000000000a R11=000000000000000d
R12=000000000000009a R13=00000000000160fd R14=000000001e79ac18 R15=000000001e7ce418
RIP=000000001fe9a0b6 RFL=00000202 [-------] CPL=0 II=0 A20=1 SMM=0 HLT=0
ES =0030 0000000000000000 ffffffff 00cf9300 DPL=0 DS   [-WA]
CS =0038 0000000000000000 ffffffff 00af9a00 DPL=0 CS64 [-R-]
SS =0030 0000000000000000 ffffffff 00cf9300 DPL=0 DS   [-WA]
DS =0030 0000000000000000 ffffffff 00cf9300 DPL=0 DS   [-WA]
FS =0030 0000000000000000 ffffffff 00cf9300 DPL=0 DS   [-WA]
GS =0030 0000000000000000 ffffffff 00cf9300 DPL=0 DS   [-WA]
LDT=0000 0000000000000000 0000ffff 00008200 DPL=0 LDT
TR =0048 000000001f5db058 00000067 00008900 DPL=0 TSS64-avl
GDT=     000000001f5db000 00000057
IDT=     000000001f090018 00000fff
CR0=80010033 CR2=0000000000000000 CR3=000000001f801000 CR4=00000668
DR0=0000000000000000 DR1=0000000000000000 DR2=0000000000000000 DR3=0000000000000000 
DR6=00000000ffff0ff0 DR7=0000000000000400
CCS=0000000000000000 CCD=0000000000007549 CCO=EFLAGS
EFER=0000000000000d00
Servicing hardware INT=0x20
   247: v=20 e=0000 i=0 cpl=0 IP=0038:000000001fe9b8e9 pc=000000001fe9b8e9 SP=0030:000000001fe8e2b0 env->regs[R_EAX]=0000000000021a56
RAX=0000000000021a56 RBX=000000001e7be018 RCX=0000000000021700 RDX=00000000000260e0
RSI=000000004cbc5284 RDI=000000001e7be018 RBP=000000001fe8e300 RSP=000000001fe8e2b0
R8 =00000000000000ff R9 =0000000000021756 R10=000000000000000a R11=000000000000000d
R12=000000000000000a R13=00000000000160fd R14=000000001e79ac18 R15=000000001e7ce418
RIP=000000001fe9b8e9 RFL=00000283 [--S---C] CPL=0 II=0 A20=1 SMM=0 HLT=0
ES =0030 0000000000000000 ffffffff 00cf9300 DPL=0 DS   [-WA]
CS =0038 0000000000000000 ffffffff 00af9a00 DPL=0 CS64 [-R-]
SS =0030 0000000000000000 ffffffff 00cf9300 DPL=0 DS   [-WA]
DS =0030 0000000000000000 ffffffff 00cf9300 DPL=0 DS   [-WA]
FS =0030 0000000000000000 ffffffff 00cf9300 DPL=0 DS   [-WA]
GS =0030 0000000000000000 ffffffff 00cf9300 DPL=0 DS   [-WA]
LDT=0000 0000000000000000 0000ffff 00008200 DPL=0 LDT
TR =0048 000000001f5db058 00000067 00008900 DPL=0 TSS64-avl
GDT=     000000001f5db000 00000057
IDT=     000000001f090018 00000fff
CR0=80010033 CR2=0000000000000000 CR3=000000001f801000 CR4=00000668
DR0=0000000000000000 DR1=0000000000000000 DR2=0000000000000000 DR3=0000000000000000 
DR6=00000000ffff0ff0 DR7=0000000000000400
CCS=0000000000000081 CCD=ffffffffffffb976 CCO=EFLAGS
EFER=0000000000000d00
Servicing hardware INT=0x20
   248: v=20 e=0000 i=0 cpl=0 IP=0038:000000001e8a9e9e pc=000000001e8a9e9e SP=0030:000000001fe8e650 env->regs[R_EAX]=800000000000000e
RAX=800000000000000e RBX=000000001e7ce418 RCX=000000001ec6dec0 RDX=0000000000010c00
RSI=0000000000000000 RDI=000000001e7ce480 RBP=000000001fe8e6a0 RSP=000000001fe8e650
R8 =00000000000000af R9 =000000001e7c9d45 R10=000000001fea7110 R11=000000001e7c9808
R12=000000001e7ce428 R13=0000000000000000 R14=000000001ec2bd98 R15=0000000000000001
RIP=000000001e8a9e9e RFL=00000202 [-------] CPL=0 II=0 A20=1 SMM=0 HLT=0
ES =0030 0000000000000000 ffffffff 00cf9300 DPL=0 DS   [-WA]
CS =0038 0000000000000000 ffffffff 00af9a00 DPL=0 CS64 [-R-]
SS =0030 0000000000000000 ffffffff 00cf9300 DPL=0 DS   [-WA]
DS =0030 0000000000000000 ffffffff 00cf9300 DPL=0 DS   [-WA]
FS =0030 0000000000000000 ffffffff 00cf9300 DPL=0 DS   [-WA]
GS =0030 0000000000000000 ffffffff 00cf9300 DPL=0 DS   [-WA]
LDT=0000 0000000000000000 0000ffff 00008200 DPL=0 LDT
TR =0048 000000001f5db058 00000067 00008900 DPL=0 TSS64-avl
GDT=     000000001f5db000 00000057
IDT=     000000001f090018 00000fff
CR0=80010033 CR2=0000000000000000 CR3=000000001f801000 CR4=00000668
DR0=0000000000000000 DR1=0000000000000000 DR2=0000000000000000 DR3=0000000000000000 
DR6=00000000ffff0ff0 DR7=0000000000000400
CCS=0000000000000000 CCD=0000000000000001 CCO=EFLAGS
EFER=0000000000000d00
Servicing hardware INT=0x20
   249: v=20 e=0000 i=0 cpl=0 IP=0038:000000001ec1c4ce pc=000000001ec1c4ce SP=0030:000000001fe8e690 env->regs[R_EAX]=0000000000001000
RAX=0000000000001000 RBX=0000000000001000 RCX=0000000000001000 RDX=000000001e7c0018
RSI=000000001e7c9598 RDI=000000001e7c9600 RBP=000000001fe8e6d0 RSP=000000001fe8e690
R8 =0000000000000000 R9 =000000001fe8e608 R10=000000001ec4b3f0 R11=0000000000000001
R12=000000001e7c0018 R13=000000001fe8e770 R14=0000000000000006 R15=000000001feb2ac0
RIP=000000001ec1c4ce RFL=00000246 [---Z-P-] CPL=0 II=0 A20=1 SMM=0 HLT=0
ES =0030 0000000000000000 ffffffff 00cf9300 DPL=0 DS   [-WA]
CS =0038 0000000000000000 ffffffff 00af9a00 DPL=0 CS64 [-R-]
SS =0030 0000000000000000 ffffffff 00cf9300 DPL=0 DS   [-WA]
DS =0030 0000000000000000 ffffffff 00cf9300 DPL=0 DS   [-WA]
FS =0030 0000000000000000 ffffffff 00cf9300 DPL=0 DS   [-WA]
GS =0030 0000000000000000 ffffffff 00cf9300 DPL=0 DS   [-WA]
LDT=0000 0000000000000000 0000ffff 00008200 DPL=0 LDT
TR =0048 000000001f5db058 00000067 00008900 DPL=0 TSS64-avl
GDT=     000000001f5db000 00000057
IDT=     000000001f090018 00000fff
CR0=80010033 CR2=0000000000000000 CR3=000000001f801000 CR4=00000668
DR0=0000000000000000 DR1=0000000000000000 DR2=0000000000000000 DR3=0000000000000000 
DR6=00000000ffff0ff0 DR7=0000000000000400
CCS=0000000000000044 CCD=0000000000000000 CCO=EFLAGS
EFER=0000000000000d00
Servicing hardware INT=0x20
   250: v=20 e=0000 i=0 cpl=0 IP=0038:000000001fe8f4f0 pc=000000001fe8f4f0 SP=0030:000000001fe8e5e8 env->regs[R_EAX]=0000000000000000
RAX=0000000000000000 RBX=000000001fea9d20 RCX=0000000000000080 RDX=000000001fea7110
RSI=000000001fe8e6ac RDI=0000000000000088 RBP=000000001fe8e630 RSP=000000001fe8e5e8
R8 =0000000000000000 R9 =0000000000000cf8 R10=000000001ec4b3f0 R11=0000000000000001
R12=000000001e7c9598 R13=0000000000000088 R14=000000001e7c9580 R15=0000000030646870
RIP=000000001fe8f4f0 RFL=00000293 [--S-A-C] CPL=0 II=0 A20=1 SMM=0 HLT=0
ES =0030 0000000000000000 ffffffff 00cf9300 DPL=0 DS   [-WA]
CS =0038 0000000000000000 ffffffff 00af9a00 DPL=0 CS64 [-R-]
SS =0030 0000000000000000 ffffffff 00cf9300 DPL=0 DS   [-WA]
DS =0030 0000000000000000 ffffffff 00cf9300 DPL=0 DS   [-WA]
FS =0030 0000000000000000 ffffffff 00cf9300 DPL=0 DS   [-WA]
GS =0030 0000000000000000 ffffffff 00cf9300 DPL=0 DS   [-WA]
LDT=0000 0000000000000000 0000ffff 00008200 DPL=0 LDT
TR =0048 000000001f5db058 00000067 00008900 DPL=0 TSS64-avl
GDT=     000000001f5db000 00000057
IDT=     000000001f090018 00000fff
CR0=80010033 CR2=0000000000000000 CR3=000000001f801000 CR4=00000668
DR0=0000000000000000 DR1=0000000000000000 DR2=0000000000000000 DR3=0000000000000000 
DR6=00000000ffff0ff0 DR7=0000000000000400
CCS=0000000000000091 CCD=fffffffffffffff8 CCO=EFLAGS
EFER=0000000000000d00
Servicing hardware INT=0x20
   251: v=20 e=0000 i=0 cpl=0 IP=0038:000000001ec477e5 pc=000000001ec477e5 SP=0030:000000001fe8e600 env->regs[R_EAX]=0000000000000002
RAX=0000000000000002 RBX=000000001e7bfe98 RCX=0000000000000000 RDX=0000000000000003
RSI=000000001e7bf2a0 RDI=0000000000000040 RBP=000000001fe8e660 RSP=000000001fe8e600
R8 =0000000000000004 R9 =000000001e7891b3 R10=000000001fe8e688 R11=000000001fea8360
R12=000000000000003e R13=0000000054445344 R14=000000000000219c R15=000000001ec5ba98
RIP=000000001ec477e5 RFL=00000246 [---Z-P-] CPL=0 II=0 A20=1 SMM=0 HLT=0
ES =0030 0000000000000000 ffffffff 00cf9300 DPL=0 DS   [-WA]
CS =0038 0000000000000000 ffffffff 00af9a00 DPL=0 CS64 [-R-]
SS =0030 0000000000000000 ffffffff 00cf9300 DPL=0 DS   [-WA]
DS =0030 0000000000000000 ffffffff 00cf9300 DPL=0 DS   [-WA]
FS =0030 0000000000000000 ffffffff 00cf9300 DPL=0 DS   [-WA]
GS =0030 0000000000000000 ffffffff 00cf9300 DPL=0 DS   [-WA]
LDT=0000 0000000000000000 0000ffff 00008200 DPL=0 LDT
TR =0048 000000001f5db058 00000067 00008900 DPL=0 TSS64-avl
GDT=     000000001f5db000 00000057
IDT=     000000001f090018 00000fff
CR0=80010033 CR2=0000000000000000 CR3=000000001f801000 CR4=00000668
DR0=0000000000000000 DR1=0000000000000000 DR2=0000000000000000 DR3=0000000000000000 
DR6=00000000ffff0ff0 DR7=0000000000000400
CCS=0000000000000044 CCD=0000000000000000 CCO=EFLAGS
EFER=0000000000000d00
Servicing hardware INT=0x20
   252: v=20 e=0000 i=0 cpl=0 IP=0038:000000001e8e738c pc=000000001e8e738c SP=0030:000000001fe8e970 env->regs[R_EAX]=0000000000000000
RAX=0000000000000000 RBX=000000001fe8eaa8 RCX=000000001ec6dec0 RDX=0000000000000000
RSI=000000001e8e9c8b RDI=000000001e8f3110 RBP=000000001fe8ee50 RSP=000000001fe8e970
R8 =00000000000000af R9 =000000001f77d113 R10=0000000000000009 R11=81883cc7800022bc
R12=0000000000000000 R13=0000000000000000 R14=00000000ffff003f R15=000000000000b000
RIP=000000001e8e738c RFL=00000202 [-------] CPL=0 II=0 A20=1 SMM=0 HLT=0
ES =0030 0000000000000000 ffffffff 00cf9300 DPL=0 DS   [-WA]
CS =0038 0000000000000000 ffffffff 00af9a00 DPL=0 CS64 [-R-]
SS =0030 0000000000000000 ffffffff 00cf9300 DPL=0 DS   [-WA]
DS =0030 0000000000000000 ffffffff 00cf9300 DPL=0 DS   [-WA]
FS =0030 0000000000000000 ffffffff 00cf9300 DPL=0 DS   [-WA]
GS =0030 0000000000000000 ffffffff 00cf9300 DPL=0 DS   [-WA]
LDT=0000 0000000000000000 0000ffff 00008200 DPL=0 LDT
TR =0048 000000001f5db058 00000067 00008900 DPL=0 TSS64-avl
GDT=     000000001f5db000 00000057
IDT=     000000001f090018 00000fff
CR0=80010033 CR2=0000000000000000 CR3=000000001f801000 CR4=00000668
DR0=0000000000000000 DR1=0000000000000000 DR2=0000000000000000 DR3=0000000000000000 
DR6=00000000ffff0ff0 DR7=0000000000000400
CCS=0000000000000000 CCD=000000001fe8e958 CCO=EFLAGS
EFER=0000000000000d00
Servicing hardware INT=0x20
   253: v=20 e=0000 i=0 cpl=0 IP=0038:000000001fe93c21 pc=000000001fe93c21 SP=0030:000000001fe8e660 env->regs[R_EAX]=000000001e7bf2a8
RAX=000000001e7bf2a8 RBX=000000001e787018 RCX=0000000000000000 RDX=000000001e787198
RSI=0000000000000008 RDI=0000000000000000 RBP=000000001fe8e6e0 RSP=000000001fe8e660
R8 =0000000000000000 R9 =000000001e7871c7 R10=0000000000000000 R11=0000000000000000
R12=000000001e7bf298 R13=0000000000000030 R14=000000001e7bf2a8 R15=0000000000000086
RIP=000000001fe93c21 RFL=00000206 [-----P-] CPL=0 II=0 A20=1 SMM=0 HLT=0
ES =0030 0000000000000000 ffffffff 00cf9300 DPL=0 DS   [-WA]
CS =0038 0000000000000000 ffffffff 00af9a00 DPL=0 CS64 [-R-]
SS =0030 0000000000000000 ffffffff 00cf9300 DPL=0 DS   [-WA]
DS =0030 0000000000000000 ffffffff 00cf9300 DPL=0 DS   [-WA]
FS =0030 0000000000000000 ffffffff 00cf9300 DPL=0 DS   [-WA]
GS =0030 0000000000000000 ffffffff 00cf9300 DPL=0 DS   [-WA]
LDT=0000 0000000000000000 0000ffff 00008200 DPL=0 LDT
TR =0048 000000001f5db058 00000067 00008900 DPL=0 TSS64-avl
GDT=     000000001f5db000 00000057
IDT=     000000001f090018 00000fff
CR0=80010033 CR2=0000000000000000 CR3=000000001f801000 CR4=00000668
DR0=0000000000000000 DR1=0000000000000000 DR2=0000000000000000 DR3=0000000000000000 
DR6=00000000ffff0ff0 DR7=0000000000000400
CCS=0000000000000004 CCD=0000000000000006 CCO=EFLAGS
EFER=0000000000000d00
Servicing hardware INT=0x20
   254: v=20 e=0000 i=0 cpl=0 IP=0038:000000001ec51bb6 pc=000000001ec51bb6 SP=0030:000000001fe8e968 env->regs[R_EAX]=000000001ec52ce0
RAX=000000001ec52ce0 RBX=000000001fe8eaa8 RCX=000000001ec52ce0 RDX=000000000000000a
RSI=000000001e8e9c8b RDI=000000001e8f3110 RBP=000000001fe8ee50 RSP=000000001fe8e968
R8 =0000000000000004 R9 =000000001e8f2815 R10=000000000000000a R11=000000001fea8360
R12=0000000000000000 R13=0000000000000000 R14=00000000ffff003f R15=000000000000b000
RIP=000000001ec51bb6 RFL=00000202 [-------] CPL=0 II=0 A20=1 SMM=0 HLT=0
ES =0030 0000000000000000 ffffffff 00cf9300 DPL=0 DS   [-WA]
CS =0038 0000000000000000 ffffffff 00af9a00 DPL=0 CS64 [-R-]
SS =0030 0000000000000000 ffffffff 00cf9300 DPL=0 DS   [-WA]
DS =0030 0000000000000000 ffffffff 00cf9300 DPL=0 DS   [-WA]
FS =0030 0000000000000000 ffffffff 00cf9300 DPL=0 DS   [-WA]
GS =0030 0000000000000000 ffffffff 00cf9300 DPL=0 DS   [-WA]
LDT=0000 0000000000000000 0000ffff 00008200 DPL=0 LDT
TR =0048 000000001f5db058 00000067 00008900 DPL=0 TSS64-avl
GDT=     000000001f5db000 00000057
IDT=     000000001f090018 00000fff
CR0=80010033 CR2=0000000000000000 CR3=000000001f801000 CR4=00000668
DR0=0000000000000000 DR1=0000000000000000 DR2=0000000000000000 DR3=0000000000000000 
DR6=00000000ffff0ff0 DR7=0000000000000400
CCS=0000000000000000 CCD=000000001fe8e938 CCO=EFLAGS
EFER=0000000000000d00
Servicing hardware INT=0x20
   255: v=20 e=0000 i=0 cpl=0 IP=0038:000000001f6d995a pc=000000001f6d995a SP=0030:000000001fe8e520 env->regs[R_EAX]=00000000000000ff
RAX=00000000000000ff RBX=0000000000000007 RCX=0000000000010001 RDX=000000001e9bf018
RSI=000000001f58807c RDI=000000001e9ef017 RBP=000000001fe8e5f0 RSP=000000001fe8e520
R8 =00000000000000ff R9 =0000000000000000 R10=000000001e7f4d18 R11=0000000000000008
R12=000000001fe8e640 R13=000000001e9bf018 R14=0000000000000000 R15=000000001fe8e598
RIP=000000001f6d995a RFL=00010206 [-----P-] CPL=0 II=0 A20=1 SMM=0 HLT=0
ES =0030 0000000000000000 ffffffff 00cf9300 DPL=0 DS   [-WA]
CS =0038 0000000000000000 ffffffff 00af9a00 DPL=0 CS64 [-R-]
SS =0030 0000000000000000 ffffffff 00cf9300 DPL=0 DS   [-WA]
DS =0030 0000000000000000 ffffffff 00cf9300 DPL=0 DS   [-WA]
FS =0030 0000000000000000 ffffffff 00cf9300 DPL=0 DS   [-WA]
GS =0030 0000000000000000 ffffffff 00cf9300 DPL=0 DS   [-WA]
LDT=0000 0000000000000000 0000ffff 00008200 DPL=0 LDT
TR =0048 000000001f5db058 00000067 00008900 DPL=0 TSS64-avl
GDT=     000000001f5db000 00000057
IDT=     000000001f090018 00000fff
CR0=80010033 CR2=0000000000000000 CR3=000000001f801000 CR4=00000668
DR0=0000000000000000 DR1=0000000000000000 DR2=0000000000000000 DR3=0000000000000000 
DR6=00000000ffff0ff0 DR7=0000000000000400
CCS=0000000000000004 CCD=0000000000040000 CCO=EFLAGS
EFER=0000000000000d00
Servicing hardware INT=0x20
   256: v=20 e=0000 i=0 cpl=0 IP=0038:000000001f6d995c pc=000000001f6d995c SP=0030:000000001fe8e520 env->regs[R_EAX]=00000000000000ff
RAX=00000000000000ff RBX=0000000000000007 RCX=0000000000000000 RDX=000000001e9bf018
RSI=000000001f58807c RDI=000000001e9ff018 RBP=000000001fe8e5f0 RSP=000000001fe8e520
R8 =00000000000000ff R9 =0000000000000000 R10=000000001ec5c698 R11=0000000000000008
R12=000000001fe8e640 R13=000000001e9bf018 R14=0000000000000000 R15=000000001fe8e598
RIP=000000001f6d995c RFL=00000206 [-----P-] CPL=0 II=0 A20=1 SMM=0 HLT=0
ES =0030 0000000000000000 ffffffff 00cf9300 DPL=0 DS   [-WA]
CS =0038 0000000000000000 ffffffff 00af9a00 DPL=0 CS64 [-R-]
SS =0030 0000000000000000 ffffffff 00cf9300 DPL=0 DS   [-WA]
DS =0030 0000000000000000 ffffffff 00cf9300 DPL=0 DS   [-WA]
FS =0030 0000000000000000 ffffffff 00cf9300 DPL=0 DS   [-WA]
GS =0030 0000000000000000 ffffffff 00cf9300 DPL=0 DS   [-WA]
LDT=0000 0000000000000000 0000ffff 00008200 DPL=0 LDT
TR =0048 000000001f5db058 00000067 00008900 DPL=0 TSS64-avl
GDT=     000000001f5db000 00000057
IDT=     000000001f090018 00000fff
CR0=80010033 CR2=0000000000000000 CR3=000000001f801000 CR4=00000668
DR0=0000000000000000 DR1=0000000000000000 DR2=0000000000000000 DR3=0000000000000000 
DR6=00000000ffff0ff0 DR7=0000000000000400
CCS=0000000000000004 CCD=0000000000040000 CCO=EFLAGS
EFER=0000000000000d00
Servicing hardware INT=0x20
   257: v=20 e=0000 i=0 cpl=0 IP=0038:000000001f6d466d pc=000000001f6d466d SP=0030:000000001fe8e548 env->regs[R_EAX]=0000000000000001
RAX=0000000000000001 RBX=00000000000000fa RCX=0000000000000000 RDX=000000001e8f32b0
RSI=0000000000000000 RDI=000000001e9bf018 RBP=000000001fe8e5f0 RSP=000000001fe8e548
R8 =0000000000000000 R9 =000000001e8f32bf R10=000000001e7f4d18 R11=000000001f6e9834
R12=000000001fe8e640 R13=000000001e9bf018 R14=000000000000000e R15=000000001fe8e598
RIP=000000001f6d466d RFL=00000202 [-------] CPL=0 II=0 A20=1 SMM=0 HLT=0
ES =0030 0000000000000000 ffffffff 00cf9300 DPL=0 DS   [-WA]
CS =0038 0000000000000000 ffffffff 00af9a00 DPL=0 CS64 [-R-]
SS =0030 0000000000000000 ffffffff 00cf9300 DPL=0 DS   [-WA]
DS =0030 0000000000000000 ffffffff 00cf9300 DPL=0 DS   [-WA]
FS =0030 0000000000000000 ffffffff 00cf9300 DPL=0 DS   [-WA]
GS =0030 0000000000000000 ffffffff 00cf9300 DPL=0 DS   [-WA]
LDT=0000 0000000000000000 0000ffff 00008200 DPL=0 LDT
TR =0048 000000001f5db058 00000067 00008900 DPL=0 TSS64-avl
GDT=     000000001f5db000 00000057
IDT=     000000001f090018 00000fff
CR0=80010033 CR2=0000000000000000 CR3=000000001f801000 CR4=00000668
DR0=0000000000000000 DR1=0000000000000000 DR2=0000000000000000 DR3=0000000000000000 
DR6=00000000ffff0ff0 DR7=0000000000000400
CCS=0000000000000000 CCD=0000000000000001 CCO=EFLAGS
EFER=0000000000000d00
Servicing hardware INT=0x20
   258: v=20 e=0000 i=0 cpl=0 IP=0038:000000001f6e979e pc=000000001f6e979e SP=0030:000000001fe8e400 env->regs[R_EAX]=0000000000000000
RAX=0000000000000000 RBX=00000000ffc027dc RCX=0000000000000101 RDX=0000000000000000
RSI=0000000000000010 RDI=00000000ffc027dc RBP=000000001fe8e430 RSP=000000001fe8e400
R8 =0000000000000790 R9 =000000001fe8e4f8 R10=000000001e7f4d18 R11=000000001f6e9834
R12=000000001e9bf018 R13=0000000000000010 R14=000000000000004c R15=000000001fe8e4f8
RIP=000000001f6e979e RFL=00000246 [---Z-P-] CPL=0 II=0 A20=1 SMM=0 HLT=0
ES =0030 0000000000000000 ffffffff 00cf9300 DPL=0 DS   [-WA]
CS =0038 0000000000000000 ffffffff 00af9a00 DPL=0 CS64 [-R-]
SS =0030 0000000000000000 ffffffff 00cf9300 DPL=0 DS   [-WA]
DS =0030 0000000000000000 ffffffff 00cf9300 DPL=0 DS   [-WA]
FS =0030 0000000000000000 ffffffff 00cf9300 DPL=0 DS   [-WA]
GS =0030 0000000000000000 ffffffff 00cf9300 DPL=0 DS   [-WA]
LDT=0000 0000000000000000 0000ffff 00008200 DPL=0 LDT
TR =0048 000000001f5db058 00000067 00008900 DPL=0 TSS64-avl
GDT=     000000001f5db000 00000057
IDT=     000000001f090018 00000fff
CR0=80010033 CR2=0000000000000000 CR3=000000001f801000 CR4=00000668
DR0=0000000000000000 DR1=0000000000000000 DR2=0000000000000000 DR3=0000000000000000 
DR6=00000000ffff0ff0 DR7=0000000000000400
CCS=0000000000000044 CCD=0000000000000000 CCO=EFLAGS
EFER=0000000000000d00
Servicing hardware INT=0x20
   259: v=20 e=0000 i=0 cpl=0 IP=0038:000000001f6e979e pc=000000001f6e979e SP=0030:000000001fe8e400 env->regs[R_EAX]=0000000000000000
RAX=0000000000000000 RBX=00000000ffc0280a RCX=0000000000000101 RDX=0000000000000000
RSI=0000000000000001 RDI=00000000ffc0280a RBP=000000001fe8e430 RSP=000000001fe8e400
R8 =0000000000000790 R9 =000000001fe8e4f8 R10=000000001e7f4d18 R11=000000001f6e9834
R12=000000001e9bf018 R13=0000000000000001 R14=000000000000007b R15=000000001fe8e4f8
RIP=000000001f6e979e RFL=00000246 [---Z-P-] CPL=0 II=0 A20=1 SMM=0 HLT=0
ES =0030 0000000000000000 ffffffff 00cf9300 DPL=0 DS   [-WA]
CS =0038 0000000000000000 ffffffff 00af9a00 DPL=0 CS64 [-R-]
SS =0030 0000000000000000 ffffffff 00cf9300 DPL=0 DS   [-WA]
DS =0030 0000000000000000 ffffffff 00cf9300 DPL=0 DS   [-WA]
FS =0030 0000000000000000 ffffffff 00cf9300 DPL=0 DS   [-WA]
GS =0030 0000000000000000 ffffffff 00cf9300 DPL=0 DS   [-WA]
LDT=0000 0000000000000000 0000ffff 00008200 DPL=0 LDT
TR =0048 000000001f5db058 00000067 00008900 DPL=0 TSS64-avl
GDT=     000000001f5db000 00000057
IDT=     000000001f090018 00000fff
CR0=80010033 CR2=0000000000000000 CR3=000000001f801000 CR4=00000668
DR0=0000000000000000 DR1=0000000000000000 DR2=0000000000000000 DR3=0000000000000000 
DR6=00000000ffff0ff0 DR7=0000000000000400
CCS=0000000000000044 CCD=0000000000000000 CCO=EFLAGS
EFER=0000000000000d00
Servicing hardware INT=0x20
   260: v=20 e=0000 i=0 cpl=0 IP=0038:000000001f6e979e pc=000000001f6e979e SP=0030:000000001fe8e400 env->regs[R_EAX]=0000000000000000
RAX=0000000000000000 RBX=00000000ffc02840 RCX=0000000000000101 RDX=0000000000000000
RSI=0000000000000000 RDI=00000000ffc02840 RBP=000000001fe8e430 RSP=000000001fe8e400
R8 =0000000000000790 R9 =000000001fe8e4f8 R10=000000001e7f4d18 R11=000000001f6e9834
R12=000000001e9bf018 R13=0000000000000000 R14=00000000000000b1 R15=000000001fe8e4f8
RIP=000000001f6e979e RFL=00000246 [---Z-P-] CPL=0 II=0 A20=1 SMM=0 HLT=0
ES =0030 0000000000000000 ffffffff 00cf9300 DPL=0 DS   [-WA]
CS =0038 0000000000000000 ffffffff 00af9a00 DPL=0 CS64 [-R-]
SS =0030 0000000000000000 ffffffff 00cf9300 DPL=0 DS   [-WA]
DS =0030 0000000000000000 ffffffff 00cf9300 DPL=0 DS   [-WA]
FS =0030 0000000000000000 ffffffff 00cf9300 DPL=0 DS   [-WA]
GS =0030 0000000000000000 ffffffff 00cf9300 DPL=0 DS   [-WA]
LDT=0000 0000000000000000 0000ffff 00008200 DPL=0 LDT
TR =0048 000000001f5db058 00000067 00008900 DPL=0 TSS64-avl
GDT=     000000001f5db000 00000057
IDT=     000000001f090018 00000fff
CR0=80010033 CR2=0000000000000000 CR3=000000001f801000 CR4=00000668
DR0=0000000000000000 DR1=0000000000000000 DR2=0000000000000000 DR3=0000000000000000 
DR6=00000000ffff0ff0 DR7=0000000000000400
CCS=0000000000000044 CCD=0000000000000000 CCO=EFLAGS
EFER=0000000000000d00
Servicing hardware INT=0x20
   261: v=20 e=0000 i=0 cpl=0 IP=0038:000000001f6e979e pc=000000001f6e979e SP=0030:000000001fe8e400 env->regs[R_EAX]=0000000000000000
RAX=0000000000000000 RBX=00000000ffc0287c RCX=0000000000000101 RDX=0000000000000000
RSI=00000000000000cf RDI=00000000ffc0287c RBP=000000001fe8e430 RSP=000000001fe8e400
R8 =0000000000000790 R9 =000000001fe8e4f8 R10=000000001e7f4d18 R11=000000001f6e9834
R12=000000001e9bf018 R13=00000000000000cf R14=00000000000000ed R15=000000001fe8e4f8
RIP=000000001f6e979e RFL=00000246 [---Z-P-] CPL=0 II=0 A20=1 SMM=0 HLT=0
ES =0030 0000000000000000 ffffffff 00cf9300 DPL=0 DS   [-WA]
CS =0038 0000000000000000 ffffffff 00af9a00 DPL=0 CS64 [-R-]
SS =0030 0000000000000000 ffffffff 00cf9300 DPL=0 DS   [-WA]
DS =0030 0000000000000000 ffffffff 00cf9300 DPL=0 DS   [-WA]
FS =0030 0000000000000000 ffffffff 00cf9300 DPL=0 DS   [-WA]
GS =0030 0000000000000000 ffffffff 00cf9300 DPL=0 DS   [-WA]
LDT=0000 0000000000000000 0000ffff 00008200 DPL=0 LDT
TR =0048 000000001f5db058 00000067 00008900 DPL=0 TSS64-avl
GDT=     000000001f5db000 00000057
IDT=     000000001f090018 00000fff
CR0=80010033 CR2=0000000000000000 CR3=000000001f801000 CR4=00000668
DR0=0000000000000000 DR1=0000000000000000 DR2=0000000000000000 DR3=0000000000000000 
DR6=00000000ffff0ff0 DR7=0000000000000400
CCS=0000000000000044 CCD=0000000000000000 CCO=EFLAGS
EFER=0000000000000d00
Servicing hardware INT=0x20
   262: v=20 e=0000 i=0 cpl=0 IP=0038:000000001f6e979e pc=000000001f6e979e SP=0030:000000001fe8e400 env->regs[R_EAX]=0000000000000000
RAX=0000000000000000 RBX=00000000ffc02366 RCX=0000000000000101 RDX=0000000000000000
RSI=000000000000003c RDI=00000000ffc02366 RBP=000000001fe8e430 RSP=000000001fe8e400
R8 =0000000000000366 R9 =000000001fe8e4f8 R10=000000001e7f4d18 R11=000000001f6e9834
R12=000000001fe8e597 R13=000000000000003c R14=0000000000000001 R15=000000001fe8e4f8
RIP=000000001f6e979e RFL=00000246 [---Z-P-] CPL=0 II=0 A20=1 SMM=0 HLT=0
ES =0030 0000000000000000 ffffffff 00cf9300 DPL=0 DS   [-WA]
CS =0038 0000000000000000 ffffffff 00af9a00 DPL=0 CS64 [-R-]
SS =0030 0000000000000000 ffffffff 00cf9300 DPL=0 DS   [-WA]
DS =0030 0000000000000000 ffffffff 00cf9300 DPL=0 DS   [-WA]
FS =0030 0000000000000000 ffffffff 00cf9300 DPL=0 DS   [-WA]
GS =0030 0000000000000000 ffffffff 00cf9300 DPL=0 DS   [-WA]
LDT=0000 0000000000000000 0000ffff 00008200 DPL=0 LDT
TR =0048 000000001f5db058 00000067 00008900 DPL=0 TSS64-avl
GDT=     000000001f5db000 00000057
IDT=     000000001f090018 00000fff
CR0=80010033 CR2=0000000000000000 CR3=000000001f801000 CR4=00000668
DR0=0000000000000000 DR1=0000000000000000 DR2=0000000000000000 DR3=0000000000000000 
DR6=00000000ffff0ff0 DR7=0000000000000400
CCS=0000000000000044 CCD=0000000000000000 CCO=EFLAGS
EFER=0000000000000d00
Servicing hardware INT=0x20
   263: v=20 e=0000 i=0 cpl=0 IP=0038:000000001f6e979e pc=000000001f6e979e SP=0030:000000001fe8e400 env->regs[R_EAX]=0000000000000000
RAX=0000000000000000 RBX=00000000ffc02894 RCX=0000000000000101 RDX=0000000000000000
RSI=0000000000000000 RDI=00000000ffc02894 RBP=000000001fe8e430 RSP=000000001fe8e400
R8 =000000000000088c R9 =000000001fe8e4f8 R10=000000001e7bf198 R11=000000001f6e9834
R12=000000001e9bf018 R13=0000000000000000 R14=0000000000000009 R15=000000001fe8e4f8
RIP=000000001f6e979e RFL=00000246 [---Z-P-] CPL=0 II=0 A20=1 SMM=0 HLT=0
ES =0030 0000000000000000 ffffffff 00cf9300 DPL=0 DS   [-WA]
CS =0038 0000000000000000 ffffffff 00af9a00 DPL=0 CS64 [-R-]
SS =0030 0000000000000000 ffffffff 00cf9300 DPL=0 DS   [-WA]
DS =0030 0000000000000000 ffffffff 00cf9300 DPL=0 DS   [-WA]
FS =0030 0000000000000000 ffffffff 00cf9300 DPL=0 DS   [-WA]
GS =0030 0000000000000000 ffffffff 00cf9300 DPL=0 DS   [-WA]
LDT=0000 0000000000000000 0000ffff 00008200 DPL=0 LDT
TR =0048 000000001f5db058 00000067 00008900 DPL=0 TSS64-avl
GDT=     000000001f5db000 00000057
IDT=     000000001f090018 00000fff
CR0=80010033 CR2=0000000000000000 CR3=000000001f801000 CR4=00000668
DR0=0000000000000000 DR1=0000000000000000 DR2=0000000000000000 DR3=0000000000000000 
DR6=00000000ffff0ff0 DR7=0000000000000400
CCS=0000000000000044 CCD=0000000000000000 CCO=EFLAGS
EFER=0000000000000d00
Servicing hardware INT=0x20
   264: v=20 e=0000 i=0 cpl=0 IP=0038:000000001f6e979e pc=000000001f6e979e SP=0030:000000001fe8e400 env->regs[R_EAX]=0000000000000000
RAX=0000000000000000 RBX=00000000ffc028c7 RCX=0000000000000101 RDX=0000000000000000
RSI=0000000000000010 RDI=00000000ffc028c7 RBP=000000001fe8e430 RSP=000000001fe8e400
R8 =000000000000088c R9 =000000001fe8e4f8 R10=000000001e7bf198 R11=000000001f6e9834
R12=000000001e9bf018 R13=0000000000000010 R14=000000000000003b R15=000000001fe8e4f8
RIP=000000001f6e979e RFL=00000246 [---Z-P-] CPL=0 II=0 A20=1 SMM=0 HLT=0
ES =0030 0000000000000000 ffffffff 00cf9300 DPL=0 DS   [-WA]
CS =0038 0000000000000000 ffffffff 00af9a00 DPL=0 CS64 [-R-]
SS =0030 0000000000000000 ffffffff 00cf9300 DPL=0 DS   [-WA]
DS =0030 0000000000000000 ffffffff 00cf9300 DPL=0 DS   [-WA]
FS =0030 0000000000000000 ffffffff 00cf9300 DPL=0 DS   [-WA]
GS =0030 0000000000000000 ffffffff 00cf9300 DPL=0 DS   [-WA]
LDT=0000 0000000000000000 0000ffff 00008200 DPL=0 LDT
TR =0048 000000001f5db058 00000067 00008900 DPL=0 TSS64-avl
GDT=     000000001f5db000 00000057
IDT=     000000001f090018 00000fff
CR0=80010033 CR2=0000000000000000 CR3=000000001f801000 CR4=00000668
DR0=0000000000000000 DR1=0000000000000000 DR2=0000000000000000 DR3=0000000000000000 
DR6=00000000ffff0ff0 DR7=0000000000000400
CCS=0000000000000044 CCD=0000000000000000 CCO=EFLAGS
EFER=0000000000000d00
Servicing hardware INT=0x20
   265: v=20 e=0000 i=0 cpl=0 IP=0038:000000001f6e979e pc=000000001f6e979e SP=0030:000000001fe8e400 env->regs[R_EAX]=0000000000000000
RAX=0000000000000000 RBX=00000000ffc0292a RCX=0000000000000101 RDX=0000000000000000
RSI=0000000000000010 RDI=00000000ffc0292a RBP=000000001fe8e430 RSP=000000001fe8e400
R8 =000000000000088c R9 =000000001fe8e4f8 R10=000000001e7bf198 R11=000000001f6e9834
R12=000000001e9bf018 R13=0000000000000010 R14=000000000000009e R15=000000001fe8e4f8
RIP=000000001f6e979e RFL=00000246 [---Z-P-] CPL=0 II=0 A20=1 SMM=0 HLT=0
ES =0030 0000000000000000 ffffffff 00cf9300 DPL=0 DS   [-WA]
CS =0038 0000000000000000 ffffffff 00af9a00 DPL=0 CS64 [-R-]
SS =0030 0000000000000000 ffffffff 00cf9300 DPL=0 DS   [-WA]
DS =0030 0000000000000000 ffffffff 00cf9300 DPL=0 DS   [-WA]
FS =0030 0000000000000000 ffffffff 00cf9300 DPL=0 DS   [-WA]
GS =0030 0000000000000000 ffffffff 00cf9300 DPL=0 DS   [-WA]
LDT=0000 0000000000000000 0000ffff 00008200 DPL=0 LDT
TR =0048 000000001f5db058 00000067 00008900 DPL=0 TSS64-avl
GDT=     000000001f5db000 00000057
IDT=     000000001f090018 00000fff
CR0=80010033 CR2=0000000000000000 CR3=000000001f801000 CR4=00000668
DR0=0000000000000000 DR1=0000000000000000 DR2=0000000000000000 DR3=0000000000000000 
DR6=00000000ffff0ff0 DR7=0000000000000400
CCS=0000000000000044 CCD=0000000000000000 CCO=EFLAGS
EFER=0000000000000d00
Servicing hardware INT=0x20
   266: v=20 e=0000 i=0 cpl=0 IP=0038:000000001f6e979e pc=000000001f6e979e SP=0030:000000001fe8e400 env->regs[R_EAX]=0000000000000000
RAX=0000000000000000 RBX=00000000ffc02936 RCX=0000000000000101 RDX=0000000000000000
RSI=000000000000001d RDI=00000000ffc02936 RBP=000000001fe8e430 RSP=000000001fe8e400
R8 =000000000000088c R9 =000000001fe8e4f8 R10=000000001e7bf198 R11=000000001f6e9834
R12=000000001e9bf018 R13=000000000000001d R14=00000000000000ab R15=000000001fe8e4f8
RIP=000000001f6e979e RFL=00000246 [---Z-P-] CPL=0 II=0 A20=1 SMM=0 HLT=0
ES =0030 0000000000000000 ffffffff 00cf9300 DPL=0 DS   [-WA]
CS =0038 0000000000000000 ffffffff 00af9a00 DPL=0 CS64 [-R-]
SS =0030 0000000000000000 ffffffff 00cf9300 DPL=0 DS   [-WA]
DS =0030 0000000000000000 ffffffff 00cf9300 DPL=0 DS   [-WA]
FS =0030 0000000000000000 ffffffff 00cf9300 DPL=0 DS   [-WA]
GS =0030 0000000000000000 ffffffff 00cf9300 DPL=0 DS   [-WA]
LDT=0000 0000000000000000 0000ffff 00008200 DPL=0 LDT
TR =0048 000000001f5db058 00000067 00008900 DPL=0 TSS64-avl
GDT=     000000001f5db000 00000057
IDT=     000000001f090018 00000fff
CR0=80010033 CR2=0000000000000000 CR3=000000001f801000 CR4=00000668
DR0=0000000000000000 DR1=0000000000000000 DR2=0000000000000000 DR3=0000000000000000 
DR6=00000000ffff0ff0 DR7=0000000000000400
CCS=0000000000000044 CCD=0000000000000000 CCO=EFLAGS
EFER=0000000000000d00
Servicing hardware INT=0x20
   267: v=20 e=0000 i=0 cpl=0 IP=0038:000000001f6e979e pc=000000001f6e979e SP=0030:000000001fe8e400 env->regs[R_EAX]=0000000000000000
RAX=0000000000000000 RBX=00000000ffc02971 RCX=0000000000000101 RDX=0000000000000000
RSI=0000000000000000 RDI=00000000ffc02971 RBP=000000001fe8e430 RSP=000000001fe8e400
R8 =000000000000088c R9 =000000001fe8e4f8 R10=000000001e7bf198 R11=000000001f6e9834
R12=000000001e9bf018 R13=0000000000000000 R14=00000000000000e6 R15=000000001fe8e4f8
RIP=000000001f6e979e RFL=00000246 [---Z-P-] CPL=0 II=0 A20=1 SMM=0 HLT=0
ES =0030 0000000000000000 ffffffff 00cf9300 DPL=0 DS   [-WA]
CS =0038 0000000000000000 ffffffff 00af9a00 DPL=0 CS64 [-R-]
SS =0030 0000000000000000 ffffffff 00cf9300 DPL=0 DS   [-WA]
DS =0030 0000000000000000 ffffffff 00cf9300 DPL=0 DS   [-WA]
FS =0030 0000000000000000 ffffffff 00cf9300 DPL=0 DS   [-WA]
GS =0030 0000000000000000 ffffffff 00cf9300 DPL=0 DS   [-WA]
LDT=0000 0000000000000000 0000ffff 00008200 DPL=0 LDT
TR =0048 000000001f5db058 00000067 00008900 DPL=0 TSS64-avl
GDT=     000000001f5db000 00000057
IDT=     000000001f090018 00000fff
CR0=80010033 CR2=0000000000000000 CR3=000000001f801000 CR4=00000668
DR0=0000000000000000 DR1=0000000000000000 DR2=0000000000000000 DR3=0000000000000000 
DR6=00000000ffff0ff0 DR7=0000000000000400
CCS=0000000000000044 CCD=0000000000000000 CCO=EFLAGS
EFER=0000000000000d00
Servicing hardware INT=0x20
   268: v=20 e=0000 i=0 cpl=0 IP=0038:000000001f6e979e pc=000000001f6e979e SP=0030:000000001fe8e400 env->regs[R_EAX]=0000000000000000
RAX=0000000000000000 RBX=00000000ffc02981 RCX=0000000000000101 RDX=0000000000000000
RSI=0000000000000014 RDI=00000000ffc02981 RBP=000000001fe8e430 RSP=000000001fe8e400
R8 =000000000000088c R9 =000000001fe8e4f8 R10=000000001e7bf198 R11=000000001f6e9834
R12=000000001e9bf018 R13=0000000000000014 R14=00000000000000f6 R15=000000001fe8e4f8
RIP=000000001f6e979e RFL=00000246 [---Z-P-] CPL=0 II=0 A20=1 SMM=0 HLT=0
ES =0030 0000000000000000 ffffffff 00cf9300 DPL=0 DS   [-WA]
CS =0038 0000000000000000 ffffffff 00af9a00 DPL=0 CS64 [-R-]
SS =0030 0000000000000000 ffffffff 00cf9300 DPL=0 DS   [-WA]
DS =0030 0000000000000000 ffffffff 00cf9300 DPL=0 DS   [-WA]
FS =0030 0000000000000000 ffffffff 00cf9300 DPL=0 DS   [-WA]
GS =0030 0000000000000000 ffffffff 00cf9300 DPL=0 DS   [-WA]
LDT=0000 0000000000000000 0000ffff 00008200 DPL=0 LDT
TR =0048 000000001f5db058 00000067 00008900 DPL=0 TSS64-avl
GDT=     000000001f5db000 00000057
IDT=     000000001f090018 00000fff
CR0=80010033 CR2=0000000000000000 CR3=000000001f801000 CR4=00000668
DR0=0000000000000000 DR1=0000000000000000 DR2=0000000000000000 DR3=0000000000000000 
DR6=00000000ffff0ff0 DR7=0000000000000400
CCS=0000000000000044 CCD=0000000000000000 CCO=EFLAGS
EFER=0000000000000d00
Servicing hardware INT=0x20
   269: v=20 e=0000 i=0 cpl=0 IP=0038:000000001f6d995a pc=000000001f6d995a SP=0030:000000001fe8e520 env->regs[R_EAX]=00000000000000ff
RAX=00000000000000ff RBX=0000000000000007 RCX=0000000000020001 RDX=000000001e9bf018
RSI=000000001f58807c RDI=000000001e9df017 RBP=000000001fe8e5f0 RSP=000000001fe8e520
R8 =00000000000000ff R9 =0000000000000000 R10=000000001e7bf198 R11=0000000000000008
R12=000000001fe8e640 R13=000000001e9bf018 R14=0000000000000000 R15=000000001fe8e598
RIP=000000001f6d995a RFL=00010206 [-----P-] CPL=0 II=0 A20=1 SMM=0 HLT=0
ES =0030 0000000000000000 ffffffff 00cf9300 DPL=0 DS   [-WA]
CS =0038 0000000000000000 ffffffff 00af9a00 DPL=0 CS64 [-R-]
SS =0030 0000000000000000 ffffffff 00cf9300 DPL=0 DS   [-WA]
DS =0030 0000000000000000 ffffffff 00cf9300 DPL=0 DS   [-WA]
FS =0030 0000000000000000 ffffffff 00cf9300 DPL=0 DS   [-WA]
GS =0030 0000000000000000 ffffffff 00cf9300 DPL=0 DS   [-WA]
LDT=0000 0000000000000000 0000ffff 00008200 DPL=0 LDT
TR =0048 000000001f5db058 00000067 00008900 DPL=0 TSS64-avl
GDT=     000000001f5db000 00000057
IDT=     000000001f090018 00000fff
CR0=80010033 CR2=0000000000000000 CR3=000000001f801000 CR4=00000668
DR0=0000000000000000 DR1=0000000000000000 DR2=0000000000000000 DR3=0000000000000000 
DR6=00000000ffff0ff0 DR7=0000000000000400
CCS=0000000000000004 CCD=0000000000040000 CCO=EFLAGS
EFER=0000000000000d00
Servicing hardware INT=0x20
   270: v=20 e=0000 i=0 cpl=0 IP=0038:000000001f6e979e pc=000000001f6e979e SP=0030:000000001fe8e400 env->regs[R_EAX]=0000000000000000
RAX=0000000000000000 RBX=00000000ffc029ac RCX=0000000000000101 RDX=0000000000000000
RSI=0000000000000000 RDI=00000000ffc029ac RBP=000000001fe8e430 RSP=000000001fe8e400
R8 =0000000000000998 R9 =000000001fe8e4f8 R10=000000001e7bf198 R11=000000001f6e9834
R12=000000001e9bf018 R13=0000000000000000 R14=0000000000000015 R15=000000001fe8e4f8
RIP=000000001f6e979e RFL=00000246 [---Z-P-] CPL=0 II=0 A20=1 SMM=0 HLT=0
ES =0030 0000000000000000 ffffffff 00cf9300 DPL=0 DS   [-WA]
CS =0038 0000000000000000 ffffffff 00af9a00 DPL=0 CS64 [-R-]
SS =0030 0000000000000000 ffffffff 00cf9300 DPL=0 DS   [-WA]
DS =0030 0000000000000000 ffffffff 00cf9300 DPL=0 DS   [-WA]
FS =0030 0000000000000000 ffffffff 00cf9300 DPL=0 DS   [-WA]
GS =0030 0000000000000000 ffffffff 00cf9300 DPL=0 DS   [-WA]
LDT=0000 0000000000000000 0000ffff 00008200 DPL=0 LDT
TR =0048 000000001f5db058 00000067 00008900 DPL=0 TSS64-avl
GDT=     000000001f5db000 00000057
IDT=     000000001f090018 00000fff
CR0=80010033 CR2=0000000000000000 CR3=000000001f801000 CR4=00000668
DR0=0000000000000000 DR1=0000000000000000 DR2=0000000000000000 DR3=0000000000000000 
DR6=00000000ffff0ff0 DR7=0000000000000400
CCS=0000000000000044 CCD=0000000000000000 CCO=EFLAGS
EFER=0000000000000d00
Servicing hardware INT=0x20
   271: v=20 e=0000 i=0 cpl=0 IP=0038:000000001f6e979e pc=000000001f6e979e SP=0030:000000001fe8e400 env->regs[R_EAX]=0000000000000000
RAX=0000000000000000 RBX=00000000ffc029c5 RCX=0000000000000101 RDX=0000000000000000
RSI=00000000000000df RDI=00000000ffc029c5 RBP=000000001fe8e430 RSP=000000001fe8e400
R8 =0000000000000998 R9 =000000001fe8e4f8 R10=000000001e7bf198 R11=000000001f6e9834
R12=000000001e9bf018 R13=00000000000000df R14=000000000000002e R15=000000001fe8e4f8
RIP=000000001f6e979e RFL=00000246 [---Z-P-] CPL=0 II=0 A20=1 SMM=0 HLT=0
ES =0030 0000000000000000 ffffffff 00cf9300 DPL=0 DS   [-WA]
CS =0038 0000000000000000 ffffffff 00af9a00 DPL=0 CS64 [-R-]
SS =0030 0000000000000000 ffffffff 00cf9300 DPL=0 DS   [-WA]
DS =0030 0000000000000000 ffffffff 00cf9300 DPL=0 DS   [-WA]
FS =0030 0000000000000000 ffffffff 00cf9300 DPL=0 DS   [-WA]
GS =0030 0000000000000000 ffffffff 00cf9300 DPL=0 DS   [-WA]
LDT=0000 0000000000000000 0000ffff 00008200 DPL=0 LDT
TR =0048 000000001f5db058 00000067 00008900 DPL=0 TSS64-avl
GDT=     000000001f5db000 00000057
IDT=     000000001f090018 00000fff
CR0=80010033 CR2=0000000000000000 CR3=000000001f801000 CR4=00000668
DR0=0000000000000000 DR1=0000000000000000 DR2=0000000000000000 DR3=0000000000000000 
DR6=00000000ffff0ff0 DR7=0000000000000400
CCS=0000000000000044 CCD=0000000000000000 CCO=EFLAGS
EFER=0000000000000d00
Servicing hardware INT=0x20
   272: v=20 e=0000 i=0 cpl=0 IP=0038:000000001f6e979e pc=000000001f6e979e SP=0030:000000001fe8e400 env->regs[R_EAX]=0000000000000000
RAX=0000000000000000 RBX=00000000ffc02a05 RCX=0000000000000101 RDX=0000000000000000
RSI=0000000000000010 RDI=00000000ffc02a05 RBP=000000001fe8e430 RSP=000000001fe8e400
R8 =0000000000000998 R9 =000000001fe8e4f8 R10=000000001e7bf198 R11=000000001f6e9834
R12=000000001e9bf018 R13=0000000000000010 R14=000000000000006d R15=000000001fe8e4f8
RIP=000000001f6e979e RFL=00000246 [---Z-P-] CPL=0 II=0 A20=1 SMM=0 HLT=0
ES =0030 0000000000000000 ffffffff 00cf9300 DPL=0 DS   [-WA]
CS =0038 0000000000000000 ffffffff 00af9a00 DPL=0 CS64 [-R-]
SS =0030 0000000000000000 ffffffff 00cf9300 DPL=0 DS   [-WA]
DS =0030 0000000000000000 ffffffff 00cf9300 DPL=0 DS   [-WA]
FS =0030 0000000000000000 ffffffff 00cf9300 DPL=0 DS   [-WA]
GS =0030 0000000000000000 ffffffff 00cf9300 DPL=0 DS   [-WA]
LDT=0000 0000000000000000 0000ffff 00008200 DPL=0 LDT
TR =0048 000000001f5db058 00000067 00008900 DPL=0 TSS64-avl
GDT=     000000001f5db000 00000057
IDT=     000000001f090018 00000fff
CR0=80010033 CR2=0000000000000000 CR3=000000001f801000 CR4=00000668
DR0=0000000000000000 DR1=0000000000000000 DR2=0000000000000000 DR3=0000000000000000 
DR6=00000000ffff0ff0 DR7=0000000000000400
CCS=0000000000000044 CCD=0000000000000000 CCO=EFLAGS
EFER=0000000000000d00
Servicing hardware INT=0x20
   273: v=20 e=0000 i=0 cpl=0 IP=0038:000000001f6e979e pc=000000001f6e979e SP=0030:000000001fe8e400 env->regs[R_EAX]=0000000000000000
RAX=0000000000000000 RBX=00000000ffc0299a RCX=0000000000000101 RDX=0000000000000000
RSI=0000000000000010 RDI=00000000ffc0299a RBP=000000001fe8e430 RSP=000000001fe8e400
R8 =000000000000099a R9 =000000001fe8e4f8 R10=000000001e7bf198 R11=000000001f6e9834
R12=000000001e9bf01a R13=0000000000000010 R14=0000000000000000 R15=000000001fe8e4f8
RIP=000000001f6e979e RFL=00000246 [---Z-P-] CPL=0 II=0 A20=1 SMM=0 HLT=0
ES =0030 0000000000000000 ffffffff 00cf9300 DPL=0 DS   [-WA]
CS =0038 0000000000000000 ffffffff 00af9a00 DPL=0 CS64 [-R-]
SS =0030 0000000000000000 ffffffff 00cf9300 DPL=0 DS   [-WA]
DS =0030 0000000000000000 ffffffff 00cf9300 DPL=0 DS   [-WA]
FS =0030 0000000000000000 ffffffff 00cf9300 DPL=0 DS   [-WA]
GS =0030 0000000000000000 ffffffff 00cf9300 DPL=0 DS   [-WA]
LDT=0000 0000000000000000 0000ffff 00008200 DPL=0 LDT
TR =0048 000000001f5db058 00000067 00008900 DPL=0 TSS64-avl
GDT=     000000001f5db000 00000057
IDT=     000000001f090018 00000fff
CR0=80010033 CR2=0000000000000000 CR3=000000001f801000 CR4=00000668
DR0=0000000000000000 DR1=0000000000000000 DR2=0000000000000000 DR3=0000000000000000 
DR6=00000000ffff0ff0 DR7=0000000000000400
CCS=0000000000000044 CCD=0000000000000000 CCO=EFLAGS
EFER=0000000000000d00
Servicing hardware INT=0x20
   274: v=20 e=0000 i=0 cpl=0 IP=0038:000000001fe9e3a2 pc=000000001fe9e3a2 SP=0030:000000001fe8e538 env->regs[R_EAX]=000000001e899780
RAX=000000001e899780 RBX=0000000000000000 RCX=0000000000000004 RDX=0000000000000000
RSI=0000000000000000 RDI=000000001fea8600 RBP=000000001fe8e560 RSP=000000001fe8e538
R8 =0000000000000001 R9 =000000001f4ecb18 R10=0000000000000000 R11=000000001e7bed08
R12=0000000000000001 R13=000000001f4ecb18 R14=000000001fe8e668 R15=000000001e8d6798
RIP=000000001fe9e3a2 RFL=00000202 [-------] CPL=0 II=0 A20=1 SMM=0 HLT=0
ES =0030 0000000000000000 ffffffff 00cf9300 DPL=0 DS   [-WA]
CS =0038 0000000000000000 ffffffff 00af9a00 DPL=0 CS64 [-R-]
SS =0030 0000000000000000 ffffffff 00cf9300 DPL=0 DS   [-WA]
DS =0030 0000000000000000 ffffffff 00cf9300 DPL=0 DS   [-WA]
FS =0030 0000000000000000 ffffffff 00cf9300 DPL=0 DS   [-WA]
GS =0030 0000000000000000 ffffffff 00cf9300 DPL=0 DS   [-WA]
LDT=0000 0000000000000000 0000ffff 00008200 DPL=0 LDT
TR =0048 000000001f5db058 00000067 00008900 DPL=0 TSS64-avl
GDT=     000000001f5db000 00000057
IDT=     000000001f090018 00000fff
CR0=80010033 CR2=0000000000000000 CR3=000000001f801000 CR4=00000668
DR0=0000000000000000 DR1=0000000000000000 DR2=0000000000000000 DR3=0000000000000000 
DR6=00000000ffff0ff0 DR7=0000000000000400
CCS=0000000000000000 CCD=000000001fe8e540 CCO=EFLAGS
EFER=0000000000000d00
Servicing hardware INT=0x20
   275: v=20 e=0000 i=0 cpl=0 IP=0038:000000001e7e4b97 pc=000000001e7e4b97 SP=0030:000000001fe8e5b0 env->regs[R_EAX]=0000000000000000
RAX=0000000000000000 RBX=000000001e7bf018 RCX=000000001e7ce028 RDX=0000000000000004
RSI=0000000000001234 RDI=0000000000000000 RBP=000000001fe8e6a0 RSP=000000001fe8e5b0
R8 =0000000000000000 R9 =000000001fe8e600 R10=000000001ec4b3f0 R11=0000000000000001
R12=000000001e7cd898 R13=000000001e7e6d60 R14=0000000000000004 R15=0000000000000000
RIP=000000001e7e4b97 RFL=00000202 [-------] CPL=0 II=0 A20=1 SMM=0 HLT=0
ES =0030 0000000000000000 ffffffff 00cf9300 DPL=0 DS   [-WA]
CS =0038 0000000000000000 ffffffff 00af9a00 DPL=0 CS64 [-R-]
SS =0030 0000000000000000 ffffffff 00cf9300 DPL=0 DS   [-WA]
DS =0030 0000000000000000 ffffffff 00cf9300 DPL=0 DS   [-WA]
FS =0030 0000000000000000 ffffffff 00cf9300 DPL=0 DS   [-WA]
GS =0030 0000000000000000 ffffffff 00cf9300 DPL=0 DS   [-WA]
LDT=0000 0000000000000000 0000ffff 00008200 DPL=0 LDT
TR =0048 000000001f5db058 00000067 00008900 DPL=0 TSS64-avl
GDT=     000000001f5db000 00000057
IDT=     000000001f090018 00000fff
CR0=80010033 CR2=0000000000000000 CR3=000000001f801000 CR4=00000668
DR0=0000000000000000 DR1=0000000000000000 DR2=0000000000000000 DR3=0000000000000000 
DR6=00000000ffff0ff0 DR7=0000000000000400
CCS=0000000000000000 CCD=000000001fe8e568 CCO=EFLAGS
EFER=0000000000000d00
Servicing hardware INT=0x20
   276: v=20 e=0000 i=0 cpl=0 IP=0038:000000001e7e50cb pc=000000001e7e50cb SP=0030:000000001fe8e5b0 env->regs[R_EAX]=0000000000000000
RAX=0000000000000000 RBX=000000001e7bf018 RCX=000000001ec6dec0 RDX=0000000000000008
RSI=0000000000000320 RDI=0000000000000500 RBP=000000001fe8e6a0 RSP=000000001fe8e5b0
R8 =00000000000000af R9 =000000001e7e68e8 R10=0000000001000000 R11=000000001f0b256b
R12=000000001e7cd898 R13=000000001e7e6d60 R14=0000000000000320 R15=0000000000000000
RIP=000000001e7e50cb RFL=00000246 [---Z-P-] CPL=0 II=0 A20=1 SMM=0 HLT=0
ES =0030 0000000000000000 ffffffff 00cf9300 DPL=0 DS   [-WA]
CS =0038 0000000000000000 ffffffff 00af9a00 DPL=0 CS64 [-R-]
SS =0030 0000000000000000 ffffffff 00cf9300 DPL=0 DS   [-WA]
DS =0030 0000000000000000 ffffffff 00cf9300 DPL=0 DS   [-WA]
FS =0030 0000000000000000 ffffffff 00cf9300 DPL=0 DS   [-WA]
GS =0030 0000000000000000 ffffffff 00cf9300 DPL=0 DS   [-WA]
LDT=0000 0000000000000000 0000ffff 00008200 DPL=0 LDT
TR =0048 000000001f5db058 00000067 00008900 DPL=0 TSS64-avl
GDT=     000000001f5db000 00000057
IDT=     000000001f090018 00000fff
CR0=80010033 CR2=0000000000000000 CR3=000000001f801000 CR4=00000668
DR0=0000000000000000 DR1=0000000000000000 DR2=0000000000000000 DR3=0000000000000000 
DR6=00000000ffff0ff0 DR7=0000000000000400
CCS=0000000000000044 CCD=0000000000000000 CCO=EFLAGS
EFER=0000000000000d00
Servicing hardware INT=0x20
   277: v=20 e=0000 i=0 cpl=0 IP=0038:000000001f092bca pc=000000001f092bca SP=0030:000000001fe8e380 env->regs[R_EAX]=0000000000000000
RAX=0000000000000000 RBX=0000000081060409 RCX=0000000000000001 RDX=000000001f092f28
RSI=0000000000000000 RDI=0000000000000020 RBP=000000001fe8e400 RSP=000000001fe8e380
R8 =000000001fe8e4ac R9 =0000000081060409 R10=0000000000000000 R11=0000000000000000
R12=000000001fe8e4ac R13=0000000000000001 R14=0000000000000000 R15=0000000000000001
RIP=000000001f092bca RFL=00000246 [---Z-P-] CPL=0 II=0 A20=1 SMM=0 HLT=0
ES =0030 0000000000000000 ffffffff 00cf9300 DPL=0 DS   [-WA]
CS =0038 0000000000000000 ffffffff 00af9a00 DPL=0 CS64 [-R-]
SS =0030 0000000000000000 ffffffff 00cf9300 DPL=0 DS   [-WA]
DS =0030 0000000000000000 ffffffff 00cf9300 DPL=0 DS   [-WA]
FS =0030 0000000000000000 ffffffff 00cf9300 DPL=0 DS   [-WA]
GS =0030 0000000000000000 ffffffff 00cf9300 DPL=0 DS   [-WA]
LDT=0000 0000000000000000 0000ffff 00008200 DPL=0 LDT
TR =0048 000000001f5db058 00000067 00008900 DPL=0 TSS64-avl
GDT=     000000001f5db000 00000057
IDT=     000000001f090018 00000fff
CR0=80010033 CR2=0000000000000000 CR3=000000001f801000 CR4=00000668
DR0=0000000000000000 DR1=0000000000000000 DR2=0000000000000000 DR3=0000000000000000 
DR6=00000000ffff0ff0 DR7=0000000000000400
CCS=0000000000000044 CCD=0000000000000000 CCO=EFLAGS
EFER=0000000000000d00
Servicing hardware INT=0x20
   278: v=20 e=0000 i=0 cpl=0 IP=0038:000000001f092364 pc=000000001f092364 SP=0030:000000001fe8e3b0 env->regs[R_EAX]=0000000000000000
RAX=0000000000000000 RBX=000000008000ab58 RCX=0000000000000000 RDX=000000001f092f28
RSI=0000000000000002 RDI=0000000000000000 RBP=000000001fe8e3c0 RSP=000000001fe8e3b0
R8 =000000001fe8e4fc R9 =0000000080000000 R10=00000000000fffff R11=000000000000000a
R12=000000001fe8e4fc R13=00000000000fd52a R14=0000000000000000 R15=0000000000000004
RIP=000000001f092364 RFL=00000202 [-------] CPL=0 II=0 A20=1 SMM=0 HLT=0
ES =0030 0000000000000000 ffffffff 00cf9300 DPL=0 DS   [-WA]
CS =0038 0000000000000000 ffffffff 00af9a00 DPL=0 CS64 [-R-]
SS =0030 0000000000000000 ffffffff 00cf9300 DPL=0 DS   [-WA]
DS =0030 0000000000000000 ffffffff 00cf9300 DPL=0 DS   [-WA]
FS =0030 0000000000000000 ffffffff 00cf9300 DPL=0 DS   [-WA]
GS =0030 0000000000000000 ffffffff 00cf9300 DPL=0 DS   [-WA]
LDT=0000 0000000000000000 0000ffff 00008200 DPL=0 LDT
TR =0048 000000001f5db058 00000067 00008900 DPL=0 TSS64-avl
GDT=     000000001f5db000 00000057
IDT=     000000001f090018 00000fff
CR0=80010033 CR2=0000000000000000 CR3=000000001f801000 CR4=00000668
DR0=0000000000000000 DR1=0000000000000000 DR2=0000000000000000 DR3=0000000000000000 
DR6=00000000ffff0ff0 DR7=0000000000000400
CCS=0000000000000000 CCD=0000000000000001 CCO=EFLAGS
EFER=0000000000000d00
Servicing hardware INT=0x20
   279: v=20 e=0000 i=0 cpl=0 IP=0038:000000001f092c31 pc=000000001f092c31 SP=0030:000000001fe8e3d0 env->regs[R_EAX]=0000000000000000
RAX=0000000000000000 RBX=00000000800360b4 RCX=0000000000000000 RDX=000000001f092f28
RSI=0000000000000002 RDI=0000000000000000 RBP=000000001fe8e450 RSP=000000001fe8e3d0
R8 =000000001fe8e4fc R9 =0000000080000000 R10=00000000000fffff R11=000000000000000a
R12=000000001fe8e4fc R13=00000000000f27d3 R14=0000000000000000 R15=0000000000000004
RIP=000000001f092c31 RFL=00000293 [--S-A-C] CPL=0 II=0 A20=1 SMM=0 HLT=0
ES =0030 0000000000000000 ffffffff 00cf9300 DPL=0 DS   [-WA]
CS =0038 0000000000000000 ffffffff 00af9a00 DPL=0 CS64 [-R-]
SS =0030 0000000000000000 ffffffff 00cf9300 DPL=0 DS   [-WA]
DS =0030 0000000000000000 ffffffff 00cf9300 DPL=0 DS   [-WA]
FS =0030 0000000000000000 ffffffff 00cf9300 DPL=0 DS   [-WA]
GS =0030 0000000000000000 ffffffff 00cf9300 DPL=0 DS   [-WA]
LDT=0000 0000000000000000 0000ffff 00008200 DPL=0 LDT
TR =0048 000000001f5db058 00000067 00008900 DPL=0 TSS64-avl
GDT=     000000001f5db000 00000057
IDT=     000000001f090018 00000fff
CR0=80010033 CR2=0000000000000000 CR3=000000001f801000 CR4=00000668
DR0=0000000000000000 DR1=0000000000000000 DR2=0000000000000000 DR3=0000000000000000 
DR6=00000000ffff0ff0 DR7=0000000000000400
CCS=0000000000000091 CCD=fffffffffffffffe CCO=EFLAGS
EFER=0000000000000d00
Servicing hardware INT=0x20
   280: v=20 e=0000 i=0 cpl=0 IP=0038:000000001f092c31 pc=000000001f092c31 SP=0030:000000001fe8e3d0 env->regs[R_EAX]=0000000000000000
RAX=0000000000000000 RBX=0000000080068628 RCX=0000000000000000 RDX=000000001f092f28
RSI=0000000000000002 RDI=0000000000000000 RBP=000000001fe8e450 RSP=000000001fe8e3d0
R8 =000000001fe8e4fc R9 =0000000080000000 R10=00000000000fffff R11=000000000000000a
R12=000000001fe8e4fc R13=00000000000e5e76 R14=0000000000000000 R15=0000000000000004
RIP=000000001f092c31 RFL=00000293 [--S-A-C] CPL=0 II=0 A20=1 SMM=0 HLT=0
ES =0030 0000000000000000 ffffffff 00cf9300 DPL=0 DS   [-WA]
CS =0038 0000000000000000 ffffffff 00af9a00 DPL=0 CS64 [-R-]
SS =0030 0000000000000000 ffffffff 00cf9300 DPL=0 DS   [-WA]
DS =0030 0000000000000000 ffffffff 00cf9300 DPL=0 DS   [-WA]
FS =0030 0000000000000000 ffffffff 00cf9300 DPL=0 DS   [-WA]
GS =0030 0000000000000000 ffffffff 00cf9300 DPL=0 DS   [-WA]
LDT=0000 0000000000000000 0000ffff 00008200 DPL=0 LDT
TR =0048 000000001f5db058 00000067 00008900 DPL=0 TSS64-avl
GDT=     000000001f5db000 00000057
IDT=     000000001f090018 00000fff
CR0=80010033 CR2=0000000000000000 CR3=000000001f801000 CR4=00000668
DR0=0000000000000000 DR1=0000000000000000 DR2=0000000000000000 DR3=0000000000000000 
DR6=00000000ffff0ff0 DR7=0000000000000400
CCS=0000000000000091 CCD=fffffffffffffffe CCO=EFLAGS
EFER=0000000000000d00
Servicing hardware INT=0x20
   281: v=20 e=0000 i=0 cpl=0 IP=0038:000000001f092c31 pc=000000001f092c31 SP=0030:000000001fe8e3d0 env->regs[R_EAX]=0000000000000000
RAX=0000000000000000 RBX=0000000080098320 RCX=0000000000000000 RDX=000000001f092f28
RSI=0000000000000002 RDI=0000000000000000 RBP=000000001fe8e450 RSP=000000001fe8e3d0
R8 =000000001fe8e4fc R9 =0000000080000000 R10=00000000000fffff R11=000000000000000a
R12=000000001fe8e4fc R13=00000000000d9f38 R14=0000000000000000 R15=0000000000000004
RIP=000000001f092c31 RFL=00000293 [--S-A-C] CPL=0 II=0 A20=1 SMM=0 HLT=0
ES =0030 0000000000000000 ffffffff 00cf9300 DPL=0 DS   [-WA]
CS =0038 0000000000000000 ffffffff 00af9a00 DPL=0 CS64 [-R-]
SS =0030 0000000000000000 ffffffff 00cf9300 DPL=0 DS   [-WA]
DS =0030 0000000000000000 ffffffff 00cf9300 DPL=0 DS   [-WA]
FS =0030 0000000000000000 ffffffff 00cf9300 DPL=0 DS   [-WA]
GS =0030 0000000000000000 ffffffff 00cf9300 DPL=0 DS   [-WA]
LDT=0000 0000000000000000 0000ffff 00008200 DPL=0 LDT
TR =0048 000000001f5db058 00000067 00008900 DPL=0 TSS64-avl
GDT=     000000001f5db000 00000057
IDT=     000000001f090018 00000fff
CR0=80010033 CR2=0000000000000000 CR3=000000001f801000 CR4=00000668
DR0=0000000000000000 DR1=0000000000000000 DR2=0000000000000000 DR3=0000000000000000 
DR6=00000000ffff0ff0 DR7=0000000000000400
CCS=0000000000000091 CCD=fffffffffffffffe CCO=EFLAGS
EFER=0000000000000d00
Servicing hardware INT=0x20
   282: v=20 e=0000 i=0 cpl=0 IP=0038:000000001f092c31 pc=000000001f092c31 SP=0030:000000001fe8e3d0 env->regs[R_EAX]=0000000000000000
RAX=0000000000000000 RBX=00000000800cd9bc RCX=0000000000000000 RDX=000000001f092f28
RSI=0000000000000002 RDI=0000000000000000 RBP=000000001fe8e450 RSP=000000001fe8e3d0
R8 =000000001fe8e4fc R9 =0000000080000000 R10=00000000000fffff R11=000000000000000a
R12=000000001fe8e4fc R13=00000000000cc991 R14=0000000000000000 R15=0000000000000004
RIP=000000001f092c31 RFL=00000293 [--S-A-C] CPL=0 II=0 A20=1 SMM=0 HLT=0
ES =0030 0000000000000000 ffffffff 00cf9300 DPL=0 DS   [-WA]
CS =0038 0000000000000000 ffffffff 00af9a00 DPL=0 CS64 [-R-]
SS =0030 0000000000000000 ffffffff 00cf9300 DPL=0 DS   [-WA]
DS =0030 0000000000000000 ffffffff 00cf9300 DPL=0 DS   [-WA]
FS =0030 0000000000000000 ffffffff 00cf9300 DPL=0 DS   [-WA]
GS =0030 0000000000000000 ffffffff 00cf9300 DPL=0 DS   [-WA]
LDT=0000 0000000000000000 0000ffff 00008200 DPL=0 LDT
TR =0048 000000001f5db058 00000067 00008900 DPL=0 TSS64-avl
GDT=     000000001f5db000 00000057
IDT=     000000001f090018 00000fff
CR0=80010033 CR2=0000000000000000 CR3=000000001f801000 CR4=00000668
DR0=0000000000000000 DR1=0000000000000000 DR2=0000000000000000 DR3=0000000000000000 
DR6=00000000ffff0ff0 DR7=0000000000000400
CCS=0000000000000091 CCD=fffffffffffffffe CCO=EFLAGS
EFER=0000000000000d00
Servicing hardware INT=0x20
   283: v=20 e=0000 i=0 cpl=0 IP=0038:000000001f092364 pc=000000001f092364 SP=0030:000000001fe8e3b0 env->regs[R_EAX]=0000000000000000
RAX=0000000000000000 RBX=0000000080104bcc RCX=0000000000000000 RDX=000000001f092f28
RSI=0000000000000002 RDI=0000000000000000 RBP=000000001fe8e3c0 RSP=000000001fe8e3b0
R8 =000000001fe8e4fc R9 =0000000080000000 R10=00000000000fffff R11=000000000000000a
R12=000000001fe8e4fc R13=00000000000bed0d R14=0000000000000000 R15=0000000000000004
RIP=000000001f092364 RFL=00000202 [-------] CPL=0 II=0 A20=1 SMM=0 HLT=0
ES =0030 0000000000000000 ffffffff 00cf9300 DPL=0 DS   [-WA]
CS =0038 0000000000000000 ffffffff 00af9a00 DPL=0 CS64 [-R-]
SS =0030 0000000000000000 ffffffff 00cf9300 DPL=0 DS   [-WA]
DS =0030 0000000000000000 ffffffff 00cf9300 DPL=0 DS   [-WA]
FS =0030 0000000000000000 ffffffff 00cf9300 DPL=0 DS   [-WA]
GS =0030 0000000000000000 ffffffff 00cf9300 DPL=0 DS   [-WA]
LDT=0000 0000000000000000 0000ffff 00008200 DPL=0 LDT
TR =0048 000000001f5db058 00000067 00008900 DPL=0 TSS64-avl
GDT=     000000001f5db000 00000057
IDT=     000000001f090018 00000fff
CR0=80010033 CR2=0000000000000000 CR3=000000001f801000 CR4=00000668
DR0=0000000000000000 DR1=0000000000000000 DR2=0000000000000000 DR3=0000000000000000 
DR6=00000000ffff0ff0 DR7=0000000000000400
CCS=0000000000000000 CCD=0000000000000001 CCO=EFLAGS
EFER=0000000000000d00
Servicing hardware INT=0x20
   284: v=20 e=0000 i=0 cpl=0 IP=0038:000000001f092364 pc=000000001f092364 SP=0030:000000001fe8e3b0 env->regs[R_EAX]=0000000000000000
RAX=0000000000000000 RBX=000000008013c200 RCX=0000000000000000 RDX=000000001f092f28
RSI=0000000000000002 RDI=0000000000000000 RBP=000000001fe8e3c0 RSP=000000001fe8e3b0
R8 =000000001fe8e4fc R9 =0000000080000000 R10=00000000000fffff R11=000000000000000a
R12=000000001fe8e4fc R13=00000000000b0f80 R14=0000000000000000 R15=0000000000000004
RIP=000000001f092364 RFL=00000202 [-------] CPL=0 II=0 A20=1 SMM=0 HLT=0
ES =0030 0000000000000000 ffffffff 00cf9300 DPL=0 DS   [-WA]
CS =0038 0000000000000000 ffffffff 00af9a00 DPL=0 CS64 [-R-]
SS =0030 0000000000000000 ffffffff 00cf9300 DPL=0 DS   [-WA]
DS =0030 0000000000000000 ffffffff 00cf9300 DPL=0 DS   [-WA]
FS =0030 0000000000000000 ffffffff 00cf9300 DPL=0 DS   [-WA]
GS =0030 0000000000000000 ffffffff 00cf9300 DPL=0 DS   [-WA]
LDT=0000 0000000000000000 0000ffff 00008200 DPL=0 LDT
TR =0048 000000001f5db058 00000067 00008900 DPL=0 TSS64-avl
GDT=     000000001f5db000 00000057
IDT=     000000001f090018 00000fff
CR0=80010033 CR2=0000000000000000 CR3=000000001f801000 CR4=00000668
DR0=0000000000000000 DR1=0000000000000000 DR2=0000000000000000 DR3=0000000000000000 
DR6=00000000ffff0ff0 DR7=0000000000000400
CCS=0000000000000000 CCD=0000000000000001 CCO=EFLAGS
EFER=0000000000000d00
Servicing hardware INT=0x20
   285: v=20 e=0000 i=0 cpl=0 IP=0038:000000001f092c31 pc=000000001f092c31 SP=0030:000000001fe8e3d0 env->regs[R_EAX]=0000000000000000
RAX=0000000000000000 RBX=000000008016ffa4 RCX=0000000000000000 RDX=000000001f092f28
RSI=0000000000000002 RDI=0000000000000000 RBP=000000001fe8e450 RSP=000000001fe8e3d0
R8 =000000001fe8e4fc R9 =0000000080000000 R10=00000000000fffff R11=000000000000000a
R12=000000001fe8e4fc R13=00000000000a4017 R14=0000000000000000 R15=0000000000000004
RIP=000000001f092c31 RFL=00000293 [--S-A-C] CPL=0 II=0 A20=1 SMM=0 HLT=0
ES =0030 0000000000000000 ffffffff 00cf9300 DPL=0 DS   [-WA]
CS =0038 0000000000000000 ffffffff 00af9a00 DPL=0 CS64 [-R-]
SS =0030 0000000000000000 ffffffff 00cf9300 DPL=0 DS   [-WA]
DS =0030 0000000000000000 ffffffff 00cf9300 DPL=0 DS   [-WA]
FS =0030 0000000000000000 ffffffff 00cf9300 DPL=0 DS   [-WA]
GS =0030 0000000000000000 ffffffff 00cf9300 DPL=0 DS   [-WA]
LDT=0000 0000000000000000 0000ffff 00008200 DPL=0 LDT
TR =0048 000000001f5db058 00000067 00008900 DPL=0 TSS64-avl
GDT=     000000001f5db000 00000057
IDT=     000000001f090018 00000fff
CR0=80010033 CR2=0000000000000000 CR3=000000001f801000 CR4=00000668
DR0=0000000000000000 DR1=0000000000000000 DR2=0000000000000000 DR3=0000000000000000 
DR6=00000000ffff0ff0 DR7=0000000000000400
CCS=0000000000000091 CCD=fffffffffffffffe CCO=EFLAGS
EFER=0000000000000d00
Servicing hardware INT=0x20
   286: v=20 e=0000 i=0 cpl=0 IP=0038:000000001f092bcf pc=000000001f092bcf SP=0030:000000001fe8e3d0 env->regs[R_EAX]=0000000000000000
RAX=0000000000000000 RBX=00000000801a0f70 RCX=0000000000000000 RDX=000000001f092f28
RSI=0000000000000002 RDI=0000000000000000 RBP=000000001fe8e450 RSP=000000001fe8e3d0
R8 =000000001fe8e4fc R9 =0000000080000000 R10=00000000000fffff R11=000000000000000a
R12=000000001fe8e4fc R13=0000000000097c24 R14=0000000000000000 R15=0000000000000004
RIP=000000001f092bcf RFL=00000202 [-------] CPL=0 II=0 A20=1 SMM=0 HLT=0
ES =0030 0000000000000000 ffffffff 00cf9300 DPL=0 DS   [-WA]
CS =0038 0000000000000000 ffffffff 00af9a00 DPL=0 CS64 [-R-]
SS =0030 0000000000000000 ffffffff 00cf9300 DPL=0 DS   [-WA]
DS =0030 0000000000000000 ffffffff 00cf9300 DPL=0 DS   [-WA]
FS =0030 0000000000000000 ffffffff 00cf9300 DPL=0 DS   [-WA]
GS =0030 0000000000000000 ffffffff 00cf9300 DPL=0 DS   [-WA]
LDT=0000 0000000000000000 0000ffff 00008200 DPL=0 LDT
TR =0048 000000001f5db058 00000067 00008900 DPL=0 TSS64-avl
GDT=     000000001f5db000 00000057
IDT=     000000001f090018 00000fff
CR0=80010033 CR2=0000000000000000 CR3=000000001f801000 CR4=00000668
DR0=0000000000000000 DR1=0000000000000000 DR2=0000000000000000 DR3=0000000000000000 
DR6=00000000ffff0ff0 DR7=0000000000000400
CCS=0000000000000000 CCD=0000000000000002 CCO=EFLAGS
EFER=0000000000000d00
Servicing hardware INT=0x20
   287: v=20 e=0000 i=0 cpl=0 IP=0038:000000001f092364 pc=000000001f092364 SP=0030:000000001fe8e3b0 env->regs[R_EAX]=0000000000000000
RAX=0000000000000000 RBX=00000000801d873c RCX=0000000000000000 RDX=000000001f092f28
RSI=0000000000000002 RDI=0000000000000000 RBP=000000001fe8e3c0 RSP=000000001fe8e3b0
R8 =000000001fe8e4fc R9 =0000000080000000 R10=00000000000fffff R11=000000000000000a
R12=000000001fe8e4fc R13=0000000000089e31 R14=0000000000000000 R15=0000000000000004
RIP=000000001f092364 RFL=00000202 [-------] CPL=0 II=0 A20=1 SMM=0 HLT=0
ES =0030 0000000000000000 ffffffff 00cf9300 DPL=0 DS   [-WA]
CS =0038 0000000000000000 ffffffff 00af9a00 DPL=0 CS64 [-R-]
SS =0030 0000000000000000 ffffffff 00cf9300 DPL=0 DS   [-WA]
DS =0030 0000000000000000 ffffffff 00cf9300 DPL=0 DS   [-WA]
FS =0030 0000000000000000 ffffffff 00cf9300 DPL=0 DS   [-WA]
GS =0030 0000000000000000 ffffffff 00cf9300 DPL=0 DS   [-WA]
LDT=0000 0000000000000000 0000ffff 00008200 DPL=0 LDT
TR =0048 000000001f5db058 00000067 00008900 DPL=0 TSS64-avl
GDT=     000000001f5db000 00000057
IDT=     000000001f090018 00000fff
CR0=80010033 CR2=0000000000000000 CR3=000000001f801000 CR4=00000668
DR0=0000000000000000 DR1=0000000000000000 DR2=0000000000000000 DR3=0000000000000000 
DR6=00000000ffff0ff0 DR7=0000000000000400
CCS=0000000000000000 CCD=0000000000000001 CCO=EFLAGS
EFER=0000000000000d00
Servicing hardware INT=0x20
   288: v=20 e=0000 i=0 cpl=0 IP=0038:000000001f092364 pc=000000001f092364 SP=0030:000000001fe8e3b0 env->regs[R_EAX]=0000000000000000
RAX=0000000000000000 RBX=00000000802104cc RCX=0000000000000000 RDX=000000001f092f28
RSI=0000000000000002 RDI=0000000000000000 RBP=000000001fe8e3c0 RSP=000000001fe8e3b0
R8 =000000001fe8e4fc R9 =0000000080000000 R10=00000000000fffff R11=000000000000000a
R12=000000001fe8e4fc R13=000000000007becd R14=0000000000000000 R15=0000000000000004
RIP=000000001f092364 RFL=00000202 [-------] CPL=0 II=0 A20=1 SMM=0 HLT=0
ES =0030 0000000000000000 ffffffff 00cf9300 DPL=0 DS   [-WA]
CS =0038 0000000000000000 ffffffff 00af9a00 DPL=0 CS64 [-R-]
SS =0030 0000000000000000 ffffffff 00cf9300 DPL=0 DS   [-WA]
DS =0030 0000000000000000 ffffffff 00cf9300 DPL=0 DS   [-WA]
FS =0030 0000000000000000 ffffffff 00cf9300 DPL=0 DS   [-WA]
GS =0030 0000000000000000 ffffffff 00cf9300 DPL=0 DS   [-WA]
LDT=0000 0000000000000000 0000ffff 00008200 DPL=0 LDT
TR =0048 000000001f5db058 00000067 00008900 DPL=0 TSS64-avl
GDT=     000000001f5db000 00000057
IDT=     000000001f090018 00000fff
CR0=80010033 CR2=0000000000000000 CR3=000000001f801000 CR4=00000668
DR0=0000000000000000 DR1=0000000000000000 DR2=0000000000000000 DR3=0000000000000000 
DR6=00000000ffff0ff0 DR7=0000000000000400
CCS=0000000000000000 CCD=0000000000000001 CCO=EFLAGS
EFER=0000000000000d00
Servicing hardware INT=0x20
   289: v=20 e=0000 i=0 cpl=0 IP=0038:000000001f092364 pc=000000001f092364 SP=0030:000000001fe8e3b0 env->regs[R_EAX]=0000000000000000
RAX=0000000000000000 RBX=0000000080248950 RCX=0000000000000000 RDX=000000001f092f28
RSI=0000000000000002 RDI=0000000000000000 RBP=000000001fe8e3c0 RSP=000000001fe8e3b0
R8 =000000001fe8e4fc R9 =0000000080000000 R10=00000000000fffff R11=000000000000000a
R12=000000001fe8e4fc R13=000000000006ddac R14=0000000000000000 R15=0000000000000004
RIP=000000001f092364 RFL=00000202 [-------] CPL=0 II=0 A20=1 SMM=0 HLT=0
ES =0030 0000000000000000 ffffffff 00cf9300 DPL=0 DS   [-WA]
CS =0038 0000000000000000 ffffffff 00af9a00 DPL=0 CS64 [-R-]
SS =0030 0000000000000000 ffffffff 00cf9300 DPL=0 DS   [-WA]
DS =0030 0000000000000000 ffffffff 00cf9300 DPL=0 DS   [-WA]
FS =0030 0000000000000000 ffffffff 00cf9300 DPL=0 DS   [-WA]
GS =0030 0000000000000000 ffffffff 00cf9300 DPL=0 DS   [-WA]
LDT=0000 0000000000000000 0000ffff 00008200 DPL=0 LDT
TR =0048 000000001f5db058 00000067 00008900 DPL=0 TSS64-avl
GDT=     000000001f5db000 00000057
IDT=     000000001f090018 00000fff
CR0=80010033 CR2=0000000000000000 CR3=000000001f801000 CR4=00000668
DR0=0000000000000000 DR1=0000000000000000 DR2=0000000000000000 DR3=0000000000000000 
DR6=00000000ffff0ff0 DR7=0000000000000400
CCS=0000000000000000 CCD=0000000000000001 CCO=EFLAGS
EFER=0000000000000d00
Servicing hardware INT=0x20
   290: v=20 e=0000 i=0 cpl=0 IP=0038:000000001f092364 pc=000000001f092364 SP=0030:000000001fe8e3b0 env->regs[R_EAX]=0000000000000000
RAX=0000000000000000 RBX=00000000802816a0 RCX=0000000000000000 RDX=000000001f092f28
RSI=0000000000000002 RDI=0000000000000000 RBP=000000001fe8e3c0 RSP=000000001fe8e3b0
R8 =000000001fe8e4fc R9 =0000000080000000 R10=00000000000fffff R11=000000000000000a
R12=000000001fe8e4fc R13=000000000005fa58 R14=0000000000000000 R15=0000000000000004
RIP=000000001f092364 RFL=00000202 [-------] CPL=0 II=0 A20=1 SMM=0 HLT=0
ES =0030 0000000000000000 ffffffff 00cf9300 DPL=0 DS   [-WA]
CS =0038 0000000000000000 ffffffff 00af9a00 DPL=0 CS64 [-R-]
SS =0030 0000000000000000 ffffffff 00cf9300 DPL=0 DS   [-WA]
DS =0030 0000000000000000 ffffffff 00cf9300 DPL=0 DS   [-WA]
FS =0030 0000000000000000 ffffffff 00cf9300 DPL=0 DS   [-WA]
GS =0030 0000000000000000 ffffffff 00cf9300 DPL=0 DS   [-WA]
LDT=0000 0000000000000000 0000ffff 00008200 DPL=0 LDT
TR =0048 000000001f5db058 00000067 00008900 DPL=0 TSS64-avl
GDT=     000000001f5db000 00000057
IDT=     000000001f090018 00000fff
CR0=80010033 CR2=0000000000000000 CR3=000000001f801000 CR4=00000668
DR0=0000000000000000 DR1=0000000000000000 DR2=0000000000000000 DR3=0000000000000000 
DR6=00000000ffff0ff0 DR7=0000000000000400
CCS=0000000000000000 CCD=0000000000000001 CCO=EFLAGS
EFER=0000000000000d00
Servicing hardware INT=0x20
   291: v=20 e=0000 i=0 cpl=0 IP=0038:000000001f092c31 pc=000000001f092c31 SP=0030:000000001fe8e3d0 env->regs[R_EAX]=0000000000000000
RAX=0000000000000000 RBX=00000000802b71c4 RCX=0000000000000000 RDX=000000001f092f28
RSI=0000000000000002 RDI=0000000000000000 RBP=000000001fe8e450 RSP=000000001fe8e3d0
R8 =000000001fe8e4fc R9 =0000000080000000 R10=00000000000fffff R11=000000000000000a
R12=000000001fe8e4fc R13=000000000005238f R14=0000000000000000 R15=0000000000000004
RIP=000000001f092c31 RFL=00000293 [--S-A-C] CPL=0 II=0 A20=1 SMM=0 HLT=0
ES =0030 0000000000000000 ffffffff 00cf9300 DPL=0 DS   [-WA]
CS =0038 0000000000000000 ffffffff 00af9a00 DPL=0 CS64 [-R-]
SS =0030 0000000000000000 ffffffff 00cf9300 DPL=0 DS   [-WA]
DS =0030 0000000000000000 ffffffff 00cf9300 DPL=0 DS   [-WA]
FS =0030 0000000000000000 ffffffff 00cf9300 DPL=0 DS   [-WA]
GS =0030 0000000000000000 ffffffff 00cf9300 DPL=0 DS   [-WA]
LDT=0000 0000000000000000 0000ffff 00008200 DPL=0 LDT
TR =0048 000000001f5db058 00000067 00008900 DPL=0 TSS64-avl
GDT=     000000001f5db000 00000057
IDT=     000000001f090018 00000fff
CR0=80010033 CR2=0000000000000000 CR3=000000001f801000 CR4=00000668
DR0=0000000000000000 DR1=0000000000000000 DR2=0000000000000000 DR3=0000000000000000 
DR6=00000000ffff0ff0 DR7=0000000000000400
CCS=0000000000000091 CCD=fffffffffffffffe CCO=EFLAGS
EFER=0000000000000d00
Servicing hardware INT=0x20
   292: v=20 e=0000 i=0 cpl=0 IP=0038:000000001f092bcf pc=000000001f092bcf SP=0030:000000001fe8e3d0 env->regs[R_EAX]=0000000000000000
RAX=0000000000000000 RBX=00000000802ef828 RCX=0000000000000000 RDX=000000001f092f28
RSI=0000000000000002 RDI=0000000000000000 RBP=000000001fe8e450 RSP=000000001fe8e3d0
R8 =000000001fe8e4fc R9 =0000000080000000 R10=00000000000fffff R11=000000000000000a
R12=000000001fe8e4fc R13=00000000000441f6 R14=0000000000000000 R15=0000000000000004
RIP=000000001f092bcf RFL=00000202 [-------] CPL=0 II=0 A20=1 SMM=0 HLT=0
ES =0030 0000000000000000 ffffffff 00cf9300 DPL=0 DS   [-WA]
CS =0038 0000000000000000 ffffffff 00af9a00 DPL=0 CS64 [-R-]
SS =0030 0000000000000000 ffffffff 00cf9300 DPL=0 DS   [-WA]
DS =0030 0000000000000000 ffffffff 00cf9300 DPL=0 DS   [-WA]
FS =0030 0000000000000000 ffffffff 00cf9300 DPL=0 DS   [-WA]
GS =0030 0000000000000000 ffffffff 00cf9300 DPL=0 DS   [-WA]
LDT=0000 0000000000000000 0000ffff 00008200 DPL=0 LDT
TR =0048 000000001f5db058 00000067 00008900 DPL=0 TSS64-avl
GDT=     000000001f5db000 00000057
IDT=     000000001f090018 00000fff
CR0=80010033 CR2=0000000000000000 CR3=000000001f801000 CR4=00000668
DR0=0000000000000000 DR1=0000000000000000 DR2=0000000000000000 DR3=0000000000000000 
DR6=00000000ffff0ff0 DR7=0000000000000400
CCS=0000000000000000 CCD=0000000000000002 CCO=EFLAGS
EFER=0000000000000d00
Servicing hardware INT=0x20
   293: v=20 e=0000 i=0 cpl=0 IP=0038:000000001f092364 pc=000000001f092364 SP=0030:000000001fe8e3b0 env->regs[R_EAX]=0000000000000000
RAX=0000000000000000 RBX=0000000080322938 RCX=0000000000000000 RDX=000000001f092f28
RSI=0000000000000002 RDI=0000000000000000 RBP=000000001fe8e3c0 RSP=000000001fe8e3b0
R8 =000000001fe8e4fc R9 =0000000080000000 R10=00000000000fffff R11=000000000000000a
R12=000000001fe8e4fc R13=00000000000375b2 R14=0000000000000000 R15=0000000000000004
RIP=000000001f092364 RFL=00000202 [-------] CPL=0 II=0 A20=1 SMM=0 HLT=0
ES =0030 0000000000000000 ffffffff 00cf9300 DPL=0 DS   [-WA]
CS =0038 0000000000000000 ffffffff 00af9a00 DPL=0 CS64 [-R-]
SS =0030 0000000000000000 ffffffff 00cf9300 DPL=0 DS   [-WA]
DS =0030 0000000000000000 ffffffff 00cf9300 DPL=0 DS   [-WA]
FS =0030 0000000000000000 ffffffff 00cf9300 DPL=0 DS   [-WA]
GS =0030 0000000000000000 ffffffff 00cf9300 DPL=0 DS   [-WA]
LDT=0000 0000000000000000 0000ffff 00008200 DPL=0 LDT
TR =0048 000000001f5db058 00000067 00008900 DPL=0 TSS64-avl
GDT=     000000001f5db000 00000057
IDT=     000000001f090018 00000fff
CR0=80010033 CR2=0000000000000000 CR3=000000001f801000 CR4=00000668
DR0=0000000000000000 DR1=0000000000000000 DR2=0000000000000000 DR3=0000000000000000 
DR6=00000000ffff0ff0 DR7=0000000000000400
CCS=0000000000000000 CCD=0000000000000001 CCO=EFLAGS
EFER=0000000000000d00
Servicing hardware INT=0x20
   294: v=20 e=0000 i=0 cpl=0 IP=0038:000000001f092364 pc=000000001f092364 SP=0030:000000001fe8e3b0 env->regs[R_EAX]=0000000000000000
RAX=0000000000000000 RBX=0000000080355c54 RCX=0000000000000000 RDX=000000001f092f28
RSI=0000000000000002 RDI=0000000000000000 RBP=000000001fe8e3c0 RSP=000000001fe8e3b0
R8 =000000001fe8e4fc R9 =0000000080000000 R10=00000000000fffff R11=000000000000000a
R12=000000001fe8e4fc R13=000000000002a8eb R14=0000000000000000 R15=0000000000000004
RIP=000000001f092364 RFL=00000202 [-------] CPL=0 II=0 A20=1 SMM=0 HLT=0
ES =0030 0000000000000000 ffffffff 00cf9300 DPL=0 DS   [-WA]
CS =0038 0000000000000000 ffffffff 00af9a00 DPL=0 CS64 [-R-]
SS =0030 0000000000000000 ffffffff 00cf9300 DPL=0 DS   [-WA]
DS =0030 0000000000000000 ffffffff 00cf9300 DPL=0 DS   [-WA]
FS =0030 0000000000000000 ffffffff 00cf9300 DPL=0 DS   [-WA]
GS =0030 0000000000000000 ffffffff 00cf9300 DPL=0 DS   [-WA]
LDT=0000 0000000000000000 0000ffff 00008200 DPL=0 LDT
TR =0048 000000001f5db058 00000067 00008900 DPL=0 TSS64-avl
GDT=     000000001f5db000 00000057
IDT=     000000001f090018 00000fff
CR0=80010033 CR2=0000000000000000 CR3=000000001f801000 CR4=00000668
DR0=0000000000000000 DR1=0000000000000000 DR2=0000000000000000 DR3=0000000000000000 
DR6=00000000ffff0ff0 DR7=0000000000000400
CCS=0000000000000000 CCD=0000000000000001 CCO=EFLAGS
EFER=0000000000000d00
Servicing hardware INT=0x20
   295: v=20 e=0000 i=0 cpl=0 IP=0038:000000001f092c31 pc=000000001f092c31 SP=0030:000000001fe8e3d0 env->regs[R_EAX]=0000000000000000
RAX=0000000000000000 RBX=000000008038dfbc RCX=0000000000000000 RDX=000000001f092f28
RSI=0000000000000002 RDI=0000000000000000 RBP=000000001fe8e450 RSP=000000001fe8e3d0
R8 =000000001fe8e4fc R9 =0000000080000000 R10=00000000000fffff R11=000000000000000a
R12=000000001fe8e4fc R13=000000000001c811 R14=0000000000000000 R15=0000000000000004
RIP=000000001f092c31 RFL=00000293 [--S-A-C] CPL=0 II=0 A20=1 SMM=0 HLT=0
ES =0030 0000000000000000 ffffffff 00cf9300 DPL=0 DS   [-WA]
CS =0038 0000000000000000 ffffffff 00af9a00 DPL=0 CS64 [-R-]
SS =0030 0000000000000000 ffffffff 00cf9300 DPL=0 DS   [-WA]
DS =0030 0000000000000000 ffffffff 00cf9300 DPL=0 DS   [-WA]
FS =0030 0000000000000000 ffffffff 00cf9300 DPL=0 DS   [-WA]
GS =0030 0000000000000000 ffffffff 00cf9300 DPL=0 DS   [-WA]
LDT=0000 0000000000000000 0000ffff 00008200 DPL=0 LDT
TR =0048 000000001f5db058 00000067 00008900 DPL=0 TSS64-avl
GDT=     000000001f5db000 00000057
IDT=     000000001f090018 00000fff
CR0=80010033 CR2=0000000000000000 CR3=000000001f801000 CR4=00000668
DR0=0000000000000000 DR1=0000000000000000 DR2=0000000000000000 DR3=0000000000000000 
DR6=00000000ffff0ff0 DR7=0000000000000400
CCS=0000000000000091 CCD=fffffffffffffffe CCO=EFLAGS
EFER=0000000000000d00
Servicing hardware INT=0x20
   296: v=20 e=0000 i=0 cpl=0 IP=0038:000000001f092c31 pc=000000001f092c31 SP=0030:000000001fe8e3d0 env->regs[R_EAX]=0000000000000000
RAX=0000000000000000 RBX=00000000803c3e94 RCX=0000000000000000 RDX=000000001f092f28
RSI=0000000000000002 RDI=0000000000000000 RBP=000000001fe8e450 RSP=000000001fe8e3d0
R8 =000000001fe8e4fc R9 =0000000080000000 R10=00000000000fffff R11=000000000000000a
R12=000000001fe8e4fc R13=000000000000f05b R14=0000000000000000 R15=0000000000000004
RIP=000000001f092c31 RFL=00000293 [--S-A-C] CPL=0 II=0 A20=1 SMM=0 HLT=0
ES =0030 0000000000000000 ffffffff 00cf9300 DPL=0 DS   [-WA]
CS =0038 0000000000000000 ffffffff 00af9a00 DPL=0 CS64 [-R-]
SS =0030 0000000000000000 ffffffff 00cf9300 DPL=0 DS   [-WA]
DS =0030 0000000000000000 ffffffff 00cf9300 DPL=0 DS   [-WA]
FS =0030 0000000000000000 ffffffff 00cf9300 DPL=0 DS   [-WA]
GS =0030 0000000000000000 ffffffff 00cf9300 DPL=0 DS   [-WA]
LDT=0000 0000000000000000 0000ffff 00008200 DPL=0 LDT
TR =0048 000000001f5db058 00000067 00008900 DPL=0 TSS64-avl
GDT=     000000001f5db000 00000057
IDT=     000000001f090018 00000fff
CR0=80010033 CR2=0000000000000000 CR3=000000001f801000 CR4=00000668
DR0=0000000000000000 DR1=0000000000000000 DR2=0000000000000000 DR3=0000000000000000 
DR6=00000000ffff0ff0 DR7=0000000000000400
CCS=0000000000000091 CCD=fffffffffffffffe CCO=EFLAGS
EFER=0000000000000d00
Servicing hardware INT=0x20
   297: v=20 e=0000 i=0 cpl=0 IP=0038:000000001f092335 pc=000000001f092335 SP=0030:000000001fe8e3a8 env->regs[R_EAX]=0000000000000000
RAX=0000000000000000 RBX=00000000803fbe30 RCX=0000000000000000 RDX=000000001f092f28
RSI=0000000000000002 RDI=0000000000000000 RBP=000000001fe8e3c0 RSP=000000001fe8e3a8
R8 =000000001fe8e4fc R9 =0000000080000000 R10=00000000000fffff R11=000000000000000a
R12=000000001fe8e4fc R13=0000000000001074 R14=0000000000000000 R15=0000000000000004
RIP=000000001f092335 RFL=00000246 [---Z-P-] CPL=0 II=0 A20=1 SMM=0 HLT=0
ES =0030 0000000000000000 ffffffff 00cf9300 DPL=0 DS   [-WA]
CS =0038 0000000000000000 ffffffff 00af9a00 DPL=0 CS64 [-R-]
SS =0030 0000000000000000 ffffffff 00cf9300 DPL=0 DS   [-WA]
DS =0030 0000000000000000 ffffffff 00cf9300 DPL=0 DS   [-WA]
FS =0030 0000000000000000 ffffffff 00cf9300 DPL=0 DS   [-WA]
GS =0030 0000000000000000 ffffffff 00cf9300 DPL=0 DS   [-WA]
LDT=0000 0000000000000000 0000ffff 00008200 DPL=0 LDT
TR =0048 000000001f5db058 00000067 00008900 DPL=0 TSS64-avl
GDT=     000000001f5db000 00000057
IDT=     000000001f090018 00000fff
CR0=80010033 CR2=0000000000000000 CR3=000000001f801000 CR4=00000668
DR0=0000000000000000 DR1=0000000000000000 DR2=0000000000000000 DR3=0000000000000000 
DR6=00000000ffff0ff0 DR7=0000000000000400
CCS=0000000000000044 CCD=0000000000000000 CCO=EFLAGS
EFER=0000000000000d00
Servicing hardware INT=0x20
   298: v=20 e=0000 i=0 cpl=0 IP=0038:000000001e7e66ea pc=000000001e7e66ea SP=0030:000000001fe8e450 env->regs[R_EAX]=0000000000000000
RAX=0000000000000000 RBX=0000000080000000 RCX=0000000000050001 RDX=0000000080000000
RSI=000000001fe8e558 RDI=00000000802a7ffc RBP=000000001fe8e500 RSP=000000001fe8e450
R8 =0000000000000000 R9 =0000000000000320 R10=0000000000000500 R11=000000001fe8e4bf
R12=00000000003e8000 R13=0000000000001400 R14=0000000000000000 R15=0000000000000000
RIP=000000001e7e66ea RFL=00010246 [---Z-P-] CPL=0 II=0 A20=1 SMM=0 HLT=0
ES =0030 0000000000000000 ffffffff 00cf9300 DPL=0 DS   [-WA]
CS =0038 0000000000000000 ffffffff 00af9a00 DPL=0 CS64 [-R-]
SS =0030 0000000000000000 ffffffff 00cf9300 DPL=0 DS   [-WA]
DS =0030 0000000000000000 ffffffff 00cf9300 DPL=0 DS   [-WA]
FS =0030 0000000000000000 ffffffff 00cf9300 DPL=0 DS   [-WA]
GS =0030 0000000000000000 ffffffff 00cf9300 DPL=0 DS   [-WA]
LDT=0000 0000000000000000 0000ffff 00008200 DPL=0 LDT
TR =0048 000000001f5db058 00000067 00008900 DPL=0 TSS64-avl
GDT=     000000001f5db000 00000057
IDT=     000000001f090018 00000fff
CR0=80010033 CR2=0000000000000000 CR3=000000001f801000 CR4=00000668
DR0=0000000000000000 DR1=0000000000000000 DR2=0000000000000000 DR3=0000000000000000 
DR6=00000000ffff0ff0 DR7=0000000000000400
CCS=0000000000000044 CCD=0000000000000000 CCO=EFLAGS
EFER=0000000000000d00
Servicing hardware INT=0x20
   299: v=20 e=0000 i=0 cpl=0 IP=0038:000000001ec31a96 pc=000000001ec31a96 SP=0030:000000001fe8e310 env->regs[R_EAX]=000000000000000b
RAX=000000000000000b RBX=000000001e8daa18 RCX=000000001ec6dec0 RDX=0000000000000002
RSI=000000001e789f98 RDI=000000001fe8e478 RBP=000000001fe8e3c0 RSP=000000001fe8e310
R8 =00000000000000af R9 =000000001e7bf198 R10=000000001e789f98 R11=000000001e7bf208
R12=000000000000000a R13=000000001e8dad18 R14=0000000000000001 R15=000000001e8dad60
RIP=000000001ec31a96 RFL=00000206 [-----P-] CPL=0 II=0 A20=1 SMM=0 HLT=0
ES =0030 0000000000000000 ffffffff 00cf9300 DPL=0 DS   [-WA]
CS =0038 0000000000000000 ffffffff 00af9a00 DPL=0 CS64 [-R-]
SS =0030 0000000000000000 ffffffff 00cf9300 DPL=0 DS   [-WA]
DS =0030 0000000000000000 ffffffff 00cf9300 DPL=0 DS   [-WA]
FS =0030 0000000000000000 ffffffff 00cf9300 DPL=0 DS   [-WA]
GS =0030 0000000000000000 ffffffff 00cf9300 DPL=0 DS   [-WA]
LDT=0000 0000000000000000 0000ffff 00008200 DPL=0 LDT
TR =0048 000000001f5db058 00000067 00008900 DPL=0 TSS64-avl
GDT=     000000001f5db000 00000057
IDT=     000000001f090018 00000fff
CR0=80010033 CR2=0000000000000000 CR3=000000001f801000 CR4=00000668
DR0=0000000000000000 DR1=0000000000000000 DR2=0000000000000000 DR3=0000000000000000 
DR6=00000000ffff0ff0 DR7=0000000000000400
CCS=0000000000000004 CCD=000000001e8daa18 CCO=EFLAGS
EFER=0000000000000d00
Servicing hardware INT=0x20
   300: v=20 e=0000 i=0 cpl=0 IP=0038:000000001e8dd440 pc=000000001e8dd440 SP=0030:000000001fe8e3d0 env->regs[R_EAX]=000000001e7851e8
RAX=000000001e7851e8 RBX=000000001e7bed98 RCX=0000000000000000 RDX=000000001e7870b4
RSI=000000001e785018 RDI=000000001e785018 RBP=000000001fe8e520 RSP=000000001fe8e3d0
R8 =0000000000000006 R9 =000000001e7870d9 R10=0000000000000148 R11=0000000000000015
R12=000000001e786018 R13=000000001e7850a0 R14=0000000000000088 R15=000000001e787018
RIP=000000001e8dd440 RFL=00000203 [------C] CPL=0 II=0 A20=1 SMM=0 HLT=0
ES =0030 0000000000000000 ffffffff 00cf9300 DPL=0 DS   [-WA]
CS =0038 0000000000000000 ffffffff 00af9a00 DPL=0 CS64 [-R-]
SS =0030 0000000000000000 ffffffff 00cf9300 DPL=0 DS   [-WA]
DS =0030 0000000000000000 ffffffff 00cf9300 DPL=0 DS   [-WA]
FS =0030 0000000000000000 ffffffff 00cf9300 DPL=0 DS   [-WA]
GS =0030 0000000000000000 ffffffff 00cf9300 DPL=0 DS   [-WA]
LDT=0000 0000000000000000 0000ffff 00008200 DPL=0 LDT
TR =0048 000000001f5db058 00000067 00008900 DPL=0 TSS64-avl
GDT=     000000001f5db000 00000057
IDT=     000000001f090018 00000fff
CR0=80010033 CR2=0000000000000000 CR3=000000001f801000 CR4=00000668
DR0=0000000000000000 DR1=0000000000000000 DR2=0000000000000000 DR3=0000000000000000 
DR6=00000000ffff0ff0 DR7=0000000000000400
CCS=0000000000000001 CCD=0000000000000004 CCO=EFLAGS
EFER=0000000000000d00
Servicing hardware INT=0x20
   301: v=20 e=0000 i=0 cpl=0 IP=0038:000000001f6d995a pc=000000001f6d995a SP=0030:000000001fe8e520 env->regs[R_EAX]=00000000000000ff
RAX=00000000000000ff RBX=0000000000000006 RCX=0000000000010001 RDX=000000001e9bf018
RSI=000000001f5c9198 RDI=000000001e9ef017 RBP=000000001fe8e5f0 RSP=000000001fe8e520
R8 =00000000000000ff R9 =0000000000000000 R10=000000001e7bea98 R11=0000000000000008
R12=000000001fe8e640 R13=000000001e9bf018 R14=0000000000000000 R15=000000001fe8e640
RIP=000000001f6d995a RFL=00010206 [-----P-] CPL=0 II=0 A20=1 SMM=0 HLT=0
ES =0030 0000000000000000 ffffffff 00cf9300 DPL=0 DS   [-WA]
CS =0038 0000000000000000 ffffffff 00af9a00 DPL=0 CS64 [-R-]
SS =0030 0000000000000000 ffffffff 00cf9300 DPL=0 DS   [-WA]
DS =0030 0000000000000000 ffffffff 00cf9300 DPL=0 DS   [-WA]
FS =0030 0000000000000000 ffffffff 00cf9300 DPL=0 DS   [-WA]
GS =0030 0000000000000000 ffffffff 00cf9300 DPL=0 DS   [-WA]
LDT=0000 0000000000000000 0000ffff 00008200 DPL=0 LDT
TR =0048 000000001f5db058 00000067 00008900 DPL=0 TSS64-avl
GDT=     000000001f5db000 00000057
IDT=     000000001f090018 00000fff
CR0=80010033 CR2=0000000000000000 CR3=000000001f801000 CR4=00000668
DR0=0000000000000000 DR1=0000000000000000 DR2=0000000000000000 DR3=0000000000000000 
DR6=00000000ffff0ff0 DR7=0000000000000400
CCS=0000000000000004 CCD=0000000000040000 CCO=EFLAGS
EFER=0000000000000d00
Servicing hardware INT=0x20
   302: v=20 e=0000 i=0 cpl=0 IP=0038:000000001f6d7627 pc=000000001f6d7627 SP=0030:000000001fe8e6c0 env->regs[R_EAX]=000000001e9bf044
RAX=000000001e9bf044 RBX=0000000000000048 RCX=0000000000000000 RDX=000000001e8f32b0
RSI=0000000000000000 RDI=0000000000000002 RBP=000000001fe8e780 RSP=000000001fe8e6c0
R8 =0000000000000000 R9 =000000001e8f32bf R10=000000001e7beb98 R11=000000001f6e9834
R12=000000001fe8e7d0 R13=000000001e9bf018 R14=000000000000000c R15=000000001fe8e728
RIP=000000001f6d7627 RFL=00000202 [-------] CPL=0 II=0 A20=1 SMM=0 HLT=0
ES =0030 0000000000000000 ffffffff 00cf9300 DPL=0 DS   [-WA]
CS =0038 0000000000000000 ffffffff 00af9a00 DPL=0 CS64 [-R-]
SS =0030 0000000000000000 ffffffff 00cf9300 DPL=0 DS   [-WA]
DS =0030 0000000000000000 ffffffff 00cf9300 DPL=0 DS   [-WA]
FS =0030 0000000000000000 ffffffff 00cf9300 DPL=0 DS   [-WA]
GS =0030 0000000000000000 ffffffff 00cf9300 DPL=0 DS   [-WA]
LDT=0000 0000000000000000 0000ffff 00008200 DPL=0 LDT
TR =0048 000000001f5db058 00000067 00008900 DPL=0 TSS64-avl
GDT=     000000001f5db000 00000057
IDT=     000000001f090018 00000fff
CR0=80010033 CR2=0000000000000000 CR3=000000001f801000 CR4=00000668
DR0=0000000000000000 DR1=0000000000000000 DR2=0000000000000000 DR3=0000000000000000 
DR6=00000000ffff0ff0 DR7=0000000000000400
CCS=0000000000000000 CCD=0000000000000002 CCO=EFLAGS
EFER=0000000000000d00
Servicing hardware INT=0x20
   303: v=20 e=0000 i=0 cpl=0 IP=0038:000000001f6e979e pc=000000001f6e979e SP=0030:000000001fe8e590 env->regs[R_EAX]=0000000000000000
RAX=0000000000000000 RBX=00000000ffc02b34 RCX=0000000000000101 RDX=0000000000000000
RSI=0000000000000004 RDI=00000000ffc02b34 RBP=000000001fe8e5c0 RSP=000000001fe8e590
R8 =0000000000000a74 R9 =000000001fe8e688 R10=000000001e7beb98 R11=000000001f6e9834
R12=000000001e9bf018 R13=0000000000000004 R14=00000000000000c1 R15=000000001fe8e688
RIP=000000001f6e979e RFL=00000246 [---Z-P-] CPL=0 II=0 A20=1 SMM=0 HLT=0
ES =0030 0000000000000000 ffffffff 00cf9300 DPL=0 DS   [-WA]
CS =0038 0000000000000000 ffffffff 00af9a00 DPL=0 CS64 [-R-]
SS =0030 0000000000000000 ffffffff 00cf9300 DPL=0 DS   [-WA]
DS =0030 0000000000000000 ffffffff 00cf9300 DPL=0 DS   [-WA]
FS =0030 0000000000000000 ffffffff 00cf9300 DPL=0 DS   [-WA]
GS =0030 0000000000000000 ffffffff 00cf9300 DPL=0 DS   [-WA]
LDT=0000 0000000000000000 0000ffff 00008200 DPL=0 LDT
TR =0048 000000001f5db058 00000067 00008900 DPL=0 TSS64-avl
GDT=     000000001f5db000 00000057
IDT=     000000001f090018 00000fff
CR0=80010033 CR2=0000000000000000 CR3=000000001f801000 CR4=00000668
DR0=0000000000000000 DR1=0000000000000000 DR2=0000000000000000 DR3=0000000000000000 
DR6=00000000ffff0ff0 DR7=0000000000000400
CCS=0000000000000044 CCD=0000000000000000 CCO=EFLAGS
EFER=0000000000000d00
Servicing hardware INT=0x20
   304: v=20 e=0000 i=0 cpl=0 IP=0038:000000001f6e979e pc=000000001f6e979e SP=0030:000000001fe8e590 env->regs[R_EAX]=0000000000000000
RAX=0000000000000000 RBX=00000000ffc02b9f RCX=0000000000000101 RDX=0000000000000000
RSI=0000000000000000 RDI=00000000ffc02b9f RBP=000000001fe8e5c0 RSP=000000001fe8e590
R8 =0000000000000a74 R9 =000000001fe8e688 R10=000000001e7beb98 R11=000000001f6e9834
R12=000000001e9bf018 R13=0000000000000000 R14=000000000000012c R15=000000001fe8e688
RIP=000000001f6e979e RFL=00000246 [---Z-P-] CPL=0 II=0 A20=1 SMM=0 HLT=0
ES =0030 0000000000000000 ffffffff 00cf9300 DPL=0 DS   [-WA]
CS =0038 0000000000000000 ffffffff 00af9a00 DPL=0 CS64 [-R-]
SS =0030 0000000000000000 ffffffff 00cf9300 DPL=0 DS   [-WA]
DS =0030 0000000000000000 ffffffff 00cf9300 DPL=0 DS   [-WA]
FS =0030 0000000000000000 ffffffff 00cf9300 DPL=0 DS   [-WA]
GS =0030 0000000000000000 ffffffff 00cf9300 DPL=0 DS   [-WA]
LDT=0000 0000000000000000 0000ffff 00008200 DPL=0 LDT
TR =0048 000000001f5db058 00000067 00008900 DPL=0 TSS64-avl
GDT=     000000001f5db000 00000057
IDT=     000000001f090018 00000fff
CR0=80010033 CR2=0000000000000000 CR3=000000001f801000 CR4=00000668
DR0=0000000000000000 DR1=0000000000000000 DR2=0000000000000000 DR3=0000000000000000 
DR6=00000000ffff0ff0 DR7=0000000000000400
CCS=0000000000000044 CCD=0000000000000000 CCO=EFLAGS
EFER=0000000000000d00
Servicing hardware INT=0x20
   305: v=20 e=0000 i=0 cpl=0 IP=0038:000000001f6e979e pc=000000001f6e979e SP=0030:000000001fe8e590 env->regs[R_EAX]=0000000000000000
RAX=0000000000000000 RBX=00000000ffc02bbb RCX=0000000000000101 RDX=0000000000000000
RSI=00000000000000ff RDI=00000000ffc02bbb RBP=000000001fe8e5c0 RSP=000000001fe8e590
R8 =0000000000000a74 R9 =000000001fe8e688 R10=000000001e7beb98 R11=000000001f6e9834
R12=000000001e9bf018 R13=00000000000000ff R14=0000000000000148 R15=000000001fe8e688
RIP=000000001f6e979e RFL=00000246 [---Z-P-] CPL=0 II=0 A20=1 SMM=0 HLT=0
ES =0030 0000000000000000 ffffffff 00cf9300 DPL=0 DS   [-WA]
CS =0038 0000000000000000 ffffffff 00af9a00 DPL=0 CS64 [-R-]
SS =0030 0000000000000000 ffffffff 00cf9300 DPL=0 DS   [-WA]
DS =0030 0000000000000000 ffffffff 00cf9300 DPL=0 DS   [-WA]
FS =0030 0000000000000000 ffffffff 00cf9300 DPL=0 DS   [-WA]
GS =0030 0000000000000000 ffffffff 00cf9300 DPL=0 DS   [-WA]
LDT=0000 0000000000000000 0000ffff 00008200 DPL=0 LDT
TR =0048 000000001f5db058 00000067 00008900 DPL=0 TSS64-avl
GDT=     000000001f5db000 00000057
IDT=     000000001f090018 00000fff
CR0=80010033 CR2=0000000000000000 CR3=000000001f801000 CR4=00000668
DR0=0000000000000000 DR1=0000000000000000 DR2=0000000000000000 DR3=0000000000000000 
DR6=00000000ffff0ff0 DR7=0000000000000400
CCS=0000000000000044 CCD=0000000000000000 CCO=EFLAGS
EFER=0000000000000d00
Servicing hardware INT=0x20
   306: v=20 e=0000 i=0 cpl=0 IP=0038:000000001f6e979e pc=000000001f6e979e SP=0030:000000001fe8e590 env->regs[R_EAX]=0000000000000000
RAX=0000000000000000 RBX=00000000ffc02bc3 RCX=0000000000000101 RDX=0000000000000000
RSI=0000000000000000 RDI=00000000ffc02bc3 RBP=000000001fe8e5c0 RSP=000000001fe8e590
R8 =0000000000000bc0 R9 =000000001fe8e688 R10=000000001e7beb98 R11=000000001f6e9834
R12=000000001e9bf018 R13=0000000000000000 R14=0000000000000004 R15=000000001fe8e688
RIP=000000001f6e979e RFL=00000246 [---Z-P-] CPL=0 II=0 A20=1 SMM=0 HLT=0
ES =0030 0000000000000000 ffffffff 00cf9300 DPL=0 DS   [-WA]
CS =0038 0000000000000000 ffffffff 00af9a00 DPL=0 CS64 [-R-]
SS =0030 0000000000000000 ffffffff 00cf9300 DPL=0 DS   [-WA]
DS =0030 0000000000000000 ffffffff 00cf9300 DPL=0 DS   [-WA]
FS =0030 0000000000000000 ffffffff 00cf9300 DPL=0 DS   [-WA]
GS =0030 0000000000000000 ffffffff 00cf9300 DPL=0 DS   [-WA]
LDT=0000 0000000000000000 0000ffff 00008200 DPL=0 LDT
TR =0048 000000001f5db058 00000067 00008900 DPL=0 TSS64-avl
GDT=     000000001f5db000 00000057
IDT=     000000001f090018 00000fff
CR0=80010033 CR2=0000000000000000 CR3=000000001f801000 CR4=00000668
DR0=0000000000000000 DR1=0000000000000000 DR2=0000000000000000 DR3=0000000000000000 
DR6=00000000ffff0ff0 DR7=0000000000000400
CCS=0000000000000044 CCD=0000000000000000 CCO=EFLAGS
EFER=0000000000000d00
Servicing hardware INT=0x20
   307: v=20 e=0000 i=0 cpl=0 IP=0038:000000001f6e979e pc=000000001f6e979e SP=0030:000000001fe8e590 env->regs[R_EAX]=0000000000000000
RAX=0000000000000000 RBX=00000000ffc02bf6 RCX=0000000000000101 RDX=0000000000000000
RSI=0000000000000000 RDI=00000000ffc02bf6 RBP=000000001fe8e5c0 RSP=000000001fe8e590
R8 =0000000000000bc0 R9 =000000001fe8e688 R10=000000001e7beb98 R11=000000001f6e9834
R12=000000001e9bf018 R13=0000000000000000 R14=0000000000000037 R15=000000001fe8e688
RIP=000000001f6e979e RFL=00000246 [---Z-P-] CPL=0 II=0 A20=1 SMM=0 HLT=0
ES =0030 0000000000000000 ffffffff 00cf9300 DPL=0 DS   [-WA]
CS =0038 0000000000000000 ffffffff 00af9a00 DPL=0 CS64 [-R-]
SS =0030 0000000000000000 ffffffff 00cf9300 DPL=0 DS   [-WA]
DS =0030 0000000000000000 ffffffff 00cf9300 DPL=0 DS   [-WA]
FS =0030 0000000000000000 ffffffff 00cf9300 DPL=0 DS   [-WA]
GS =0030 0000000000000000 ffffffff 00cf9300 DPL=0 DS   [-WA]
LDT=0000 0000000000000000 0000ffff 00008200 DPL=0 LDT
TR =0048 000000001f5db058 00000067 00008900 DPL=0 TSS64-avl
GDT=     000000001f5db000 00000057
IDT=     000000001f090018 00000fff
CR0=80010033 CR2=0000000000000000 CR3=000000001f801000 CR4=00000668
DR0=0000000000000000 DR1=0000000000000000 DR2=0000000000000000 DR3=0000000000000000 
DR6=00000000ffff0ff0 DR7=0000000000000400
CCS=0000000000000044 CCD=0000000000000000 CCO=EFLAGS
EFER=0000000000000d00
Servicing hardware INT=0x20
   308: v=20 e=0000 i=0 cpl=0 IP=0038:000000001f6d43c4 pc=000000001f6d43c4 SP=0030:000000001fe8e660 env->regs[R_EAX]=0000000000001000
RAX=0000000000001000 RBX=00000000ffc02bc2 RCX=00000000ffc03000 RDX=0000000000000002
RSI=0000000000000000 RDI=0000000000000002 RBP=000000001fe8e6d0 RSP=000000001fe8e660
R8 =0000000000000001 R9 =000000001e9bf01a R10=000000001e7beb98 R11=000000001f6e9834
R12=000000001f588050 R13=000000001e9bf01a R14=00000000ffc02000 R15=000000001f5ec8b0
RIP=000000001f6d43c4 RFL=00000283 [--S---C] CPL=0 II=0 A20=1 SMM=0 HLT=0
ES =0030 0000000000000000 ffffffff 00cf9300 DPL=0 DS   [-WA]
CS =0038 0000000000000000 ffffffff 00af9a00 DPL=0 CS64 [-R-]
SS =0030 0000000000000000 ffffffff 00cf9300 DPL=0 DS   [-WA]
DS =0030 0000000000000000 ffffffff 00cf9300 DPL=0 DS   [-WA]
FS =0030 0000000000000000 ffffffff 00cf9300 DPL=0 DS   [-WA]
GS =0030 0000000000000000 ffffffff 00cf9300 DPL=0 DS   [-WA]
LDT=0000 0000000000000000 0000ffff 00008200 DPL=0 LDT
TR =0048 000000001f5db058 00000067 00008900 DPL=0 TSS64-avl
GDT=     000000001f5db000 00000057
IDT=     000000001f090018 00000fff
CR0=80010033 CR2=0000000000000000 CR3=000000001f801000 CR4=00000668
DR0=0000000000000000 DR1=0000000000000000 DR2=0000000000000000 DR3=0000000000000000 
DR6=00000000ffff0ff0 DR7=0000000000000400
CCS=0000000000000081 CCD=fffffffffffffbc2 CCO=EFLAGS
EFER=0000000000000d00
Servicing hardware INT=0x20
   309: v=20 e=0000 i=0 cpl=0 IP=0038:000000001f6d995a pc=000000001f6d995a SP=0030:000000001fe8e6b0 env->regs[R_EAX]=00000000000000ff
RAX=00000000000000ff RBX=0000000000000007 RCX=0000000000030001 RDX=000000001e9bf018
RSI=000000001f58807c RDI=000000001e9cf017 RBP=000000001fe8e780 RSP=000000001fe8e6b0
R8 =00000000000000ff R9 =0000000000000000 R10=000000001e8f8f18 R11=0000000000000008
R12=000000001fe8e7d0 R13=000000001e9bf018 R14=0000000000000000 R15=000000001fe8e728
RIP=000000001f6d995a RFL=00010206 [-----P-] CPL=0 II=0 A20=1 SMM=0 HLT=0
ES =0030 0000000000000000 ffffffff 00cf9300 DPL=0 DS   [-WA]
CS =0038 0000000000000000 ffffffff 00af9a00 DPL=0 CS64 [-R-]
SS =0030 0000000000000000 ffffffff 00cf9300 DPL=0 DS   [-WA]
DS =0030 0000000000000000 ffffffff 00cf9300 DPL=0 DS   [-WA]
FS =0030 0000000000000000 ffffffff 00cf9300 DPL=0 DS   [-WA]
GS =0030 0000000000000000 ffffffff 00cf9300 DPL=0 DS   [-WA]
LDT=0000 0000000000000000 0000ffff 00008200 DPL=0 LDT
TR =0048 000000001f5db058 00000067 00008900 DPL=0 TSS64-avl
GDT=     000000001f5db000 00000057
IDT=     000000001f090018 00000fff
CR0=80010033 CR2=0000000000000000 CR3=000000001f801000 CR4=00000668
DR0=0000000000000000 DR1=0000000000000000 DR2=0000000000000000 DR3=0000000000000000 
DR6=00000000ffff0ff0 DR7=0000000000000400
CCS=0000000000000004 CCD=0000000000040000 CCO=EFLAGS
EFER=0000000000000d00
Servicing hardware INT=0x20
   310: v=20 e=0000 i=0 cpl=0 IP=0038:000000001f6e909e pc=000000001f6e909e SP=0030:000000001fe8e638 env->regs[R_EAX]=8000000000000003
RAX=8000000000000003 RBX=0000000000002cb6 RCX=000000001f5ec8b0 RDX=000000001fe8e698
RSI=0000000000000000 RDI=0000000000000000 RBP=000000001fe8e6d0 RSP=000000001fe8e638
R8 =0000000000000001 R9 =000000001e9bf01a R10=000000001e8f8f18 R11=000000001f6e9834
R12=0000000000000001 R13=000000001e9bf01a R14=0000000000000001 R15=000000001f5ec8b0
RIP=000000001f6e909e RFL=00000202 [-------] CPL=0 II=0 A20=1 SMM=0 HLT=0
ES =0030 0000000000000000 ffffffff 00cf9300 DPL=0 DS   [-WA]
CS =0038 0000000000000000 ffffffff 00af9a00 DPL=0 CS64 [-R-]
SS =0030 0000000000000000 ffffffff 00cf9300 DPL=0 DS   [-WA]
DS =0030 0000000000000000 ffffffff 00cf9300 DPL=0 DS   [-WA]
FS =0030 0000000000000000 ffffffff 00cf9300 DPL=0 DS   [-WA]
GS =0030 0000000000000000 ffffffff 00cf9300 DPL=0 DS   [-WA]
LDT=0000 0000000000000000 0000ffff 00008200 DPL=0 LDT
TR =0048 000000001f5db058 00000067 00008900 DPL=0 TSS64-avl
GDT=     000000001f5db000 00000057
IDT=     000000001f090018 00000fff
CR0=80010033 CR2=0000000000000000 CR3=000000001f801000 CR4=00000668
DR0=0000000000000000 DR1=0000000000000000 DR2=0000000000000000 DR3=0000000000000000 
DR6=00000000ffff0ff0 DR7=0000000000000400
CCS=0000000000000000 CCD=000000001fe8e640 CCO=EFLAGS
EFER=0000000000000d00
Servicing hardware INT=0x20
   311: v=20 e=0000 i=0 cpl=0 IP=0038:000000001f6d995c pc=000000001f6d995c SP=0030:000000001fe8e6b0 env->regs[R_EAX]=00000000000000ff
RAX=00000000000000ff RBX=0000000000000007 RCX=0000000000000000 RDX=000000001e9bf018
RSI=000000001f58807c RDI=000000001e9ff018 RBP=000000001fe8e780 RSP=000000001fe8e6b0
R8 =00000000000000ff R9 =0000000000000000 R10=000000001e7beb98 R11=0000000000000008
R12=000000001fe8e7d0 R13=000000001e9bf018 R14=0000000000000000 R15=000000001fe8e728
RIP=000000001f6d995c RFL=00000206 [-----P-] CPL=0 II=0 A20=1 SMM=0 HLT=0
ES =0030 0000000000000000 ffffffff 00cf9300 DPL=0 DS   [-WA]
CS =0038 0000000000000000 ffffffff 00af9a00 DPL=0 CS64 [-R-]
SS =0030 0000000000000000 ffffffff 00cf9300 DPL=0 DS   [-WA]
DS =0030 0000000000000000 ffffffff 00cf9300 DPL=0 DS   [-WA]
FS =0030 0000000000000000 ffffffff 00cf9300 DPL=0 DS   [-WA]
GS =0030 0000000000000000 ffffffff 00cf9300 DPL=0 DS   [-WA]
LDT=0000 0000000000000000 0000ffff 00008200 DPL=0 LDT
TR =0048 000000001f5db058 00000067 00008900 DPL=0 TSS64-avl
GDT=     000000001f5db000 00000057
IDT=     000000001f090018 00000fff
CR0=80010033 CR2=0000000000000000 CR3=000000001f801000 CR4=00000668
DR0=0000000000000000 DR1=0000000000000000 DR2=0000000000000000 DR3=0000000000000000 
DR6=00000000ffff0ff0 DR7=0000000000000400
CCS=0000000000000004 CCD=0000000000040000 CCO=EFLAGS
EFER=0000000000000d00
Servicing hardware INT=0x20
   312: v=20 e=0000 i=0 cpl=0 IP=0038:000000001f6e979e pc=000000001f6e979e SP=0030:000000001fe8e590 env->regs[R_EAX]=0000000000000000
RAX=0000000000000000 RBX=00000000ffc02e1a RCX=0000000000000101 RDX=0000000000000000
RSI=0000000000000010 RDI=00000000ffc02e1a RBP=000000001fe8e5c0 RSP=000000001fe8e590
R8 =0000000000000e1a R9 =000000001fe8e688 R10=000000001e7be618 R11=000000001f6e9834
R12=000000001e9bf01a R13=0000000000000010 R14=0000000000000000 R15=000000001fe8e688
RIP=000000001f6e979e RFL=00000246 [---Z-P-] CPL=0 II=0 A20=1 SMM=0 HLT=0
ES =0030 0000000000000000 ffffffff 00cf9300 DPL=0 DS   [-WA]
CS =0038 0000000000000000 ffffffff 00af9a00 DPL=0 CS64 [-R-]
SS =0030 0000000000000000 ffffffff 00cf9300 DPL=0 DS   [-WA]
DS =0030 0000000000000000 ffffffff 00cf9300 DPL=0 DS   [-WA]
FS =0030 0000000000000000 ffffffff 00cf9300 DPL=0 DS   [-WA]
GS =0030 0000000000000000 ffffffff 00cf9300 DPL=0 DS   [-WA]
LDT=0000 0000000000000000 0000ffff 00008200 DPL=0 LDT
TR =0048 000000001f5db058 00000067 00008900 DPL=0 TSS64-avl
GDT=     000000001f5db000 00000057
IDT=     000000001f090018 00000fff
CR0=80010033 CR2=0000000000000000 CR3=000000001f801000 CR4=00000668
DR0=0000000000000000 DR1=0000000000000000 DR2=0000000000000000 DR3=0000000000000000 
DR6=00000000ffff0ff0 DR7=0000000000000400
CCS=0000000000000044 CCD=0000000000000000 CCO=EFLAGS
EFER=0000000000000d00
Servicing hardware INT=0x20
   313: v=20 e=0000 i=0 cpl=0 IP=0038:000000001f6e909e pc=000000001f6e909e SP=0030:000000001fe8e638 env->regs[R_EAX]=8000000000000003
RAX=8000000000000003 RBX=00000000ffc02bc2 RCX=000000001f5ec8b0 RDX=000000001fe8e698
RSI=0000000000000000 RDI=0000000000000000 RBP=000000001fe8e6d0 RSP=000000001fe8e638
R8 =0000000000000001 R9 =000000001fe8e727 R10=000000001e7be618 R11=000000001f6e9834
R12=0000000000000000 R13=000000001fe8e727 R14=0000000000000001 R15=000000001f5ec8b0
RIP=000000001f6e909e RFL=00000202 [-------] CPL=0 II=0 A20=1 SMM=0 HLT=0
ES =0030 0000000000000000 ffffffff 00cf9300 DPL=0 DS   [-WA]
CS =0038 0000000000000000 ffffffff 00af9a00 DPL=0 CS64 [-R-]
SS =0030 0000000000000000 ffffffff 00cf9300 DPL=0 DS   [-WA]
DS =0030 0000000000000000 ffffffff 00cf9300 DPL=0 DS   [-WA]
FS =0030 0000000000000000 ffffffff 00cf9300 DPL=0 DS   [-WA]
GS =0030 0000000000000000 ffffffff 00cf9300 DPL=0 DS   [-WA]
LDT=0000 0000000000000000 0000ffff 00008200 DPL=0 LDT
TR =0048 000000001f5db058 00000067 00008900 DPL=0 TSS64-avl
GDT=     000000001f5db000 00000057
IDT=     000000001f090018 00000fff
CR0=80010033 CR2=0000000000000000 CR3=000000001f801000 CR4=00000668
DR0=0000000000000000 DR1=0000000000000000 DR2=0000000000000000 DR3=0000000000000000 
DR6=00000000ffff0ff0 DR7=0000000000000400
CCS=0000000000000000 CCD=000000001fe8e640 CCO=EFLAGS
EFER=0000000000000d00
Servicing hardware INT=0x20
   314: v=20 e=0000 i=0 cpl=0 IP=0038:000000001fea5bcc pc=000000001fea5bcc SP=0030:000000001fe8e410 env->regs[R_EAX]=00000000000000af
RAX=00000000000000af RBX=0000000000000007 RCX=0000000000000000 RDX=000000001e777000
RSI=000000001fea97e8 RDI=000000001e789000 RBP=000000001fe8e4b0 RSP=000000001fe8e410
R8 =00000000000000af R9 =0000000000000012 R10=000000001f74d2c0 R11=000000001fea8360
R12=000000001e788fff R13=000000001fea82d0 R14=000000001e789000 R15=000000001fea7fa0
RIP=000000001fea5bcc RFL=00000206 [-----P-] CPL=0 II=0 A20=1 SMM=0 HLT=0
ES =0030 0000000000000000 ffffffff 00cf9300 DPL=0 DS   [-WA]
CS =0038 0000000000000000 ffffffff 00af9a00 DPL=0 CS64 [-R-]
SS =0030 0000000000000000 ffffffff 00cf9300 DPL=0 DS   [-WA]
DS =0030 0000000000000000 ffffffff 00cf9300 DPL=0 DS   [-WA]
FS =0030 0000000000000000 ffffffff 00cf9300 DPL=0 DS   [-WA]
GS =0030 0000000000000000 ffffffff 00cf9300 DPL=0 DS   [-WA]
LDT=0000 0000000000000000 0000ffff 00008200 DPL=0 LDT
TR =0048 000000001f5db058 00000067 00008900 DPL=0 TSS64-avl
GDT=     000000001f5db000 00000057
IDT=     000000001f090018 00000fff
CR0=80010033 CR2=0000000000000000 CR3=000000001f801000 CR4=00000668
DR0=0000000000000000 DR1=0000000000000000 DR2=0000000000000000 DR3=0000000000000000 
DR6=00000000ffff0ff0 DR7=0000000000000400
CCS=0000000000000004 CCD=0000000000012000 CCO=EFLAGS
EFER=0000000000000d00
Servicing hardware INT=0x20
   315: v=20 e=0000 i=0 cpl=0 IP=0038:000000001fe9b822 pc=000000001fe9b822 SP=0030:000000001fe8e5c0 env->regs[R_EAX]=000000006ca4291a
RAX=000000006ca4291a RBX=000000001e75e018 RCX=0000000000000007 RDX=0000000000000001
RSI=000000006ca4291a RDI=000000001e75e018 RBP=000000001fe8e610 RSP=000000001fe8e5c0
R8 =000000000000000a R9 =0000000000000690 R10=0000000000000006 R11=000000000000000d
R12=0000000000000008 R13=00000000000160fd R14=0000000000000000 R15=000000000000b000
RIP=000000001fe9b822 RFL=00000202 [-------] CPL=0 II=0 A20=1 SMM=0 HLT=0
ES =0030 0000000000000000 ffffffff 00cf9300 DPL=0 DS   [-WA]
CS =0038 0000000000000000 ffffffff 00af9a00 DPL=0 CS64 [-R-]
SS =0030 0000000000000000 ffffffff 00cf9300 DPL=0 DS   [-WA]
DS =0030 0000000000000000 ffffffff 00cf9300 DPL=0 DS   [-WA]
FS =0030 0000000000000000 ffffffff 00cf9300 DPL=0 DS   [-WA]
GS =0030 0000000000000000 ffffffff 00cf9300 DPL=0 DS   [-WA]
LDT=0000 0000000000000000 0000ffff 00008200 DPL=0 LDT
TR =0048 000000001f5db058 00000067 00008900 DPL=0 TSS64-avl
GDT=     000000001f5db000 00000057
IDT=     000000001f090018 00000fff
CR0=80010033 CR2=0000000000000000 CR3=000000001f801000 CR4=00000668
DR0=0000000000000000 DR1=0000000000000000 DR2=0000000000000000 DR3=0000000000000000 
DR6=00000000ffff0ff0 DR7=0000000000000400
CCS=0000000000000000 CCD=000000006ca4291a CCO=EFLAGS
EFER=0000000000000d00
Servicing hardware INT=0x20
   316: v=20 e=0000 i=0 cpl=0 IP=0038:000000001fe9a0c4 pc=000000001fe9a0c4 SP=0030:000000001fe8e5b8 env->regs[R_EAX]=00000000000000fc
RAX=00000000000000fc RBX=000000001e75e018 RCX=0000000000000001 RDX=0000000000000003
RSI=000000006007eff0 RDI=000000001e75e018 RBP=000000001fe8e610 RSP=000000001fe8e5b8
R8 =000000000000000b R9 =0000000000009e5e R10=000000000000000b R11=000000000000000d
R12=0000000000000101 R13=00000000000160fd R14=0000000000000000 R15=000000000000b000
RIP=000000001fe9a0c4 RFL=00000293 [--S-A-C] CPL=0 II=0 A20=1 SMM=0 HLT=0
ES =0030 0000000000000000 ffffffff 00cf9300 DPL=0 DS   [-WA]
CS =0038 0000000000000000 ffffffff 00af9a00 DPL=0 CS64 [-R-]
SS =0030 0000000000000000 ffffffff 00cf9300 DPL=0 DS   [-WA]
DS =0030 0000000000000000 ffffffff 00cf9300 DPL=0 DS   [-WA]
FS =0030 0000000000000000 ffffffff 00cf9300 DPL=0 DS   [-WA]
GS =0030 0000000000000000 ffffffff 00cf9300 DPL=0 DS   [-WA]
LDT=0000 0000000000000000 0000ffff 00008200 DPL=0 LDT
TR =0048 000000001f5db058 00000067 00008900 DPL=0 TSS64-avl
GDT=     000000001f5db000 00000057
IDT=     000000001f090018 00000fff
CR0=80010033 CR2=0000000000000000 CR3=000000001f801000 CR4=00000668
DR0=0000000000000000 DR1=0000000000000000 DR2=0000000000000000 DR3=0000000000000000 
DR6=00000000ffff0ff0 DR7=0000000000000400
CCS=0000000000000091 CCD=fffffffffffffffe CCO=EFLAGS
EFER=0000000000000d00
Servicing hardware INT=0x20
   317: v=20 e=0000 i=0 cpl=0 IP=0038:000000001fe9b82d pc=000000001fe9b82d SP=0030:000000001fe8e5c0 env->regs[R_EAX]=00000000269f2511
RAX=00000000269f2511 RBX=000000001e75e018 RCX=0000000000000007 RDX=0000000000000001
RSI=00000000269f2510 RDI=000000001e75e018 RBP=000000001fe8e610 RSP=000000001fe8e5c0
R8 =0000000000000002 R9 =0000000000013d1a R10=0000000000000005 R11=000000000000000d
R12=0000000000000007 R13=00000000000160fd R14=0000000000000000 R15=000000000000b000
RIP=000000001fe9b82d RFL=00000246 [---Z-P-] CPL=0 II=0 A20=1 SMM=0 HLT=0
ES =0030 0000000000000000 ffffffff 00cf9300 DPL=0 DS   [-WA]
CS =0038 0000000000000000 ffffffff 00af9a00 DPL=0 CS64 [-R-]
SS =0030 0000000000000000 ffffffff 00cf9300 DPL=0 DS   [-WA]
DS =0030 0000000000000000 ffffffff 00cf9300 DPL=0 DS   [-WA]
FS =0030 0000000000000000 ffffffff 00cf9300 DPL=0 DS   [-WA]
GS =0030 0000000000000000 ffffffff 00cf9300 DPL=0 DS   [-WA]
LDT=0000 0000000000000000 0000ffff 00008200 DPL=0 LDT
TR =0048 000000001f5db058 00000067 00008900 DPL=0 TSS64-avl
GDT=     000000001f5db000 00000057
IDT=     000000001f090018 00000fff
CR0=80010033 CR2=0000000000000000 CR3=000000001f801000 CR4=00000668
DR0=0000000000000000 DR1=0000000000000000 DR2=0000000000000000 DR3=0000000000000000 
DR6=00000000ffff0ff0 DR7=0000000000000400
CCS=0000000000000044 CCD=0000000000000000 CCO=EFLAGS
EFER=0000000000000d00
Servicing hardware INT=0x20
   318: v=20 e=0000 i=0 cpl=0 IP=0038:000000001fe9b918 pc=000000001fe9b918 SP=0030:000000001fe8e5c0 env->regs[R_EAX]=000000000001df94
RAX=000000000001df94 RBX=000000001e75e018 RCX=000000000001de75 RDX=000000001e762018
RSI=00000000895db400 RDI=000000001e75e018 RBP=000000001fe8e610 RSP=000000001fe8e5c0
R8 =000000000000003c R9 =000000000001de57 R10=0000000000000009 R11=000000000000000d
R12=00000000ffffffff R13=00000000000160fd R14=0000000000000000 R15=000000000000b000
RIP=000000001fe9b918 RFL=00000246 [---Z-P-] CPL=0 II=0 A20=1 SMM=0 HLT=0
ES =0030 0000000000000000 ffffffff 00cf9300 DPL=0 DS   [-WA]
CS =0038 0000000000000000 ffffffff 00af9a00 DPL=0 CS64 [-R-]
SS =0030 0000000000000000 ffffffff 00cf9300 DPL=0 DS   [-WA]
DS =0030 0000000000000000 ffffffff 00cf9300 DPL=0 DS   [-WA]
FS =0030 0000000000000000 ffffffff 00cf9300 DPL=0 DS   [-WA]
GS =0030 0000000000000000 ffffffff 00cf9300 DPL=0 DS   [-WA]
LDT=0000 0000000000000000 0000ffff 00008200 DPL=0 LDT
TR =0048 000000001f5db058 00000067 00008900 DPL=0 TSS64-avl
GDT=     000000001f5db000 00000057
IDT=     000000001f090018 00000fff
CR0=80010033 CR2=0000000000000000 CR3=000000001f801000 CR4=00000668
DR0=0000000000000000 DR1=0000000000000000 DR2=0000000000000000 DR3=0000000000000000 
DR6=00000000ffff0ff0 DR7=0000000000000400
CCS=0000000000000044 CCD=0000000100000000 CCO=EFLAGS
EFER=0000000000000d00
Servicing hardware INT=0x20
   319: v=20 e=0000 i=0 cpl=0 IP=0038:000000001fe90042 pc=000000001fe90042 SP=0030:000000001fe8e4e8 env->regs[R_EAX]=0000000000000017
RAX=0000000000000017 RBX=000000000000002b RCX=000000000000002b RDX=000000001e7beb98
RSI=000000001fe8e5e8 RDI=000000001e889a18 RBP=000000001fe8e540 RSP=000000001fe8e4e8
R8 =000000001e7be618 R9 =0000000000000000 R10=000000001e7beb98 R11=0000000000000000
R12=000000001e7be618 R13=000000001e889a18 R14=000000001fe8e5e8 R15=0000000000000000
RIP=000000001fe90042 RFL=00000206 [-----P-] CPL=0 II=0 A20=1 SMM=0 HLT=0
ES =0030 0000000000000000 ffffffff 00cf9300 DPL=0 DS   [-WA]
CS =0038 0000000000000000 ffffffff 00af9a00 DPL=0 CS64 [-R-]
SS =0030 0000000000000000 ffffffff 00cf9300 DPL=0 DS   [-WA]
DS =0030 0000000000000000 ffffffff 00cf9300 DPL=0 DS   [-WA]
FS =0030 0000000000000000 ffffffff 00cf9300 DPL=0 DS   [-WA]
GS =0030 0000000000000000 ffffffff 00cf9300 DPL=0 DS   [-WA]
LDT=0000 0000000000000000 0000ffff 00008200 DPL=0 LDT
TR =0048 000000001f5db058 00000067 00008900 DPL=0 TSS64-avl
GDT=     000000001f5db000 00000057
IDT=     000000001f090018 00000fff
CR0=80010033 CR2=0000000000000000 CR3=000000001f801000 CR4=00000668
DR0=0000000000000000 DR1=0000000000000000 DR2=0000000000000000 DR3=0000000000000000 
DR6=00000000ffff0ff0 DR7=0000000000000400
CCS=0000000000000004 CCD=000000001fe8e4f0 CCO=EFLAGS
EFER=0000000000000d00
Servicing hardware INT=0x20
   320: v=20 e=0000 i=0 cpl=0 IP=0038:000000001e51c6b8 pc=000000001e51c6b8 SP=0030:000000001fe8e730 env->regs[R_EAX]=000000001e5347c8
RAX=000000001e5347c8 RBX=0000000000000000 RCX=0000000000000000 RDX=000000001e5347c8
RSI=0000000000000000 RDI=0000000000000000 RBP=0000000000000000 RSP=000000001fe8e730
R8 =000000001fe8e770 R9 =0000000000000076 R10=000000001fea7110 R11=000000001ec1eb88
R12=000000001e5313e9 R13=800000000000001a R14=0000000000000000 R15=000000000000b000
RIP=000000001e51c6b8 RFL=00000246 [---Z-P-] CPL=0 II=0 A20=1 SMM=0 HLT=0
ES =0030 0000000000000000 ffffffff 00cf9300 DPL=0 DS   [-WA]
CS =0038 0000000000000000 ffffffff 00af9a00 DPL=0 CS64 [-R-]
SS =0030 0000000000000000 ffffffff 00cf9300 DPL=0 DS   [-WA]
DS =0030 0000000000000000 ffffffff 00cf9300 DPL=0 DS   [-WA]
FS =0030 0000000000000000 ffffffff 00cf9300 DPL=0 DS   [-WA]
GS =0030 0000000000000000 ffffffff 00cf9300 DPL=0 DS   [-WA]
LDT=0000 0000000000000000 0000ffff 00008200 DPL=0 LDT
TR =0048 000000001f5db058 00000067 00008900 DPL=0 TSS64-avl
GDT=     000000001f5db000 00000057
IDT=     000000001f090018 00000fff
CR0=80010033 CR2=0000000000000000 CR3=000000001f801000 CR4=00000668
DR0=0000000000000000 DR1=0000000000000000 DR2=0000000000000000 DR3=0000000000000000 
DR6=00000000ffff0ff0 DR7=0000000000000400
CCS=0000000000000044 CCD=0000000000000000 CCO=EFLAGS
EFER=0000000000000d00
Servicing hardware INT=0x20
   321: v=20 e=0000 i=0 cpl=0 IP=0038:000000001f6d995a pc=000000001f6d995a SP=0030:000000001fe8e520 env->regs[R_EAX]=00000000000000ff
RAX=00000000000000ff RBX=0000000000000007 RCX=0000000000020001 RDX=000000001e9bf018
RSI=000000001f58807c RDI=000000001e9df017 RBP=000000001fe8e5f0 RSP=000000001fe8e520
R8 =00000000000000ff R9 =0000000000000000 R10=000000001e8f8218 R11=0000000000000008
R12=000000001fe8e640 R13=000000001e9bf018 R14=0000000000000000 R15=000000001fe8e598
RIP=000000001f6d995a RFL=00010206 [-----P-] CPL=0 II=0 A20=1 SMM=0 HLT=0
ES =0030 0000000000000000 ffffffff 00cf9300 DPL=0 DS   [-WA]
CS =0038 0000000000000000 ffffffff 00af9a00 DPL=0 CS64 [-R-]
SS =0030 0000000000000000 ffffffff 00cf9300 DPL=0 DS   [-WA]
DS =0030 0000000000000000 ffffffff 00cf9300 DPL=0 DS   [-WA]
FS =0030 0000000000000000 ffffffff 00cf9300 DPL=0 DS   [-WA]
GS =0030 0000000000000000 ffffffff 00cf9300 DPL=0 DS   [-WA]
LDT=0000 0000000000000000 0000ffff 00008200 DPL=0 LDT
TR =0048 000000001f5db058 00000067 00008900 DPL=0 TSS64-avl
GDT=     000000001f5db000 00000057
IDT=     000000001f090018 00000fff
CR0=80010033 CR2=0000000000000000 CR3=000000001f801000 CR4=00000668
DR0=0000000000000000 DR1=0000000000000000 DR2=0000000000000000 DR3=0000000000000000 
DR6=00000000ffff0ff0 DR7=0000000000000400
CCS=0000000000000004 CCD=0000000000040000 CCO=EFLAGS
EFER=0000000000000d00
Servicing hardware INT=0x20
   322: v=20 e=0000 i=0 cpl=0 IP=0038:000000001f6d995a pc=000000001f6d995a SP=0030:000000001fe8e520 env->regs[R_EAX]=00000000000000ff
RAX=00000000000000ff RBX=0000000000000007 RCX=0000000000020001 RDX=000000001e9bf018
RSI=000000001f58807c RDI=000000001e9df017 RBP=000000001fe8e5f0 RSP=000000001fe8e520
R8 =00000000000000ff R9 =0000000000000000 R10=000000001e789298 R11=0000000000000008
R12=000000001fe8e640 R13=000000001e9bf018 R14=0000000000000000 R15=000000001fe8e598
RIP=000000001f6d995a RFL=00010206 [-----P-] CPL=0 II=0 A20=1 SMM=0 HLT=0
ES =0030 0000000000000000 ffffffff 00cf9300 DPL=0 DS   [-WA]
CS =0038 0000000000000000 ffffffff 00af9a00 DPL=0 CS64 [-R-]
SS =0030 0000000000000000 ffffffff 00cf9300 DPL=0 DS   [-WA]
DS =0030 0000000000000000 ffffffff 00cf9300 DPL=0 DS   [-WA]
FS =0030 0000000000000000 ffffffff 00cf9300 DPL=0 DS   [-WA]
GS =0030 0000000000000000 ffffffff 00cf9300 DPL=0 DS   [-WA]
LDT=0000 0000000000000000 0000ffff 00008200 DPL=0 LDT
TR =0048 000000001f5db058 00000067 00008900 DPL=0 TSS64-avl
GDT=     000000001f5db000 00000057
IDT=     000000001f090018 00000fff
CR0=80010033 CR2=0000000000000000 CR3=000000001f801000 CR4=00000668
DR0=0000000000000000 DR1=0000000000000000 DR2=0000000000000000 DR3=0000000000000000 
DR6=00000000ffff0ff0 DR7=0000000000000400
CCS=0000000000000004 CCD=0000000000040000 CCO=EFLAGS
EFER=0000000000000d00
Servicing hardware INT=0x20
   323: v=20 e=0000 i=0 cpl=0 IP=0038:000000001e52bb1f pc=000000001e52bb1f SP=0030:000000001fe8e5b0 env->regs[R_EAX]=0000000000000000
RAX=0000000000000000 RBX=000000001fe8e5b8 RCX=000000001ec6dec0 RDX=000000001f09b218
RSI=0000000000000000 RDI=000000001e7cd898 RBP=000000001e7cd898 RSP=000000001fe8e5b0
R8 =00000000000000af R9 =000000001e7cd898 R10=000000001e531b3d R11=0000000000000030
R12=000000001e535f18 R13=000000001e788018 R14=000000001e5350a0 R15=0000000000000000
RIP=000000001e52bb1f RFL=00000246 [---Z-P-] CPL=0 II=0 A20=1 SMM=0 HLT=0
ES =0030 0000000000000000 ffffffff 00cf9300 DPL=0 DS   [-WA]
CS =0038 0000000000000000 ffffffff 00af9a00 DPL=0 CS64 [-R-]
SS =0030 0000000000000000 ffffffff 00cf9300 DPL=0 DS   [-WA]
DS =0030 0000000000000000 ffffffff 00cf9300 DPL=0 DS   [-WA]
FS =0030 0000000000000000 ffffffff 00cf9300 DPL=0 DS   [-WA]
GS =0030 0000000000000000 ffffffff 00cf9300 DPL=0 DS   [-WA]
LDT=0000 0000000000000000 0000ffff 00008200 DPL=0 LDT
TR =0048 000000001f5db058 00000067 00008900 DPL=0 TSS64-avl
GDT=     000000001f5db000 00000057
IDT=     000000001f090018 00000fff
CR0=80010033 CR2=0000000000000000 CR3=000000001f801000 CR4=00000668
DR0=0000000000000000 DR1=0000000000000000 DR2=0000000000000000 DR3=0000000000000000 
DR6=00000000ffff0ff0 DR7=0000000000000400
CCS=0000000000000044 CCD=0000000000000000 CCO=EFLAGS
EFER=0000000000000d00
Servicing hardware INT=0x20
   324: v=20 e=0000 i=0 cpl=0 IP=0038:000000001f6d995a pc=000000001f6d995a SP=0030:000000001fe8e6b0 env->regs[R_EAX]=00000000000000ff
RAX=00000000000000ff RBX=0000000000000007 RCX=0000000000020001 RDX=000000001e9bf018
RSI=000000001f58807c RDI=000000001e9df017 RBP=000000001fe8e780 RSP=000000001fe8e6b0
R8 =00000000000000ff R9 =0000000000000000 R10=000000001e789298 R11=0000000000000008
R12=000000001fe8e7d0 R13=000000001e9bf018 R14=0000000000000000 R15=000000001fe8e728
RIP=000000001f6d995a RFL=00010206 [-----P-] CPL=0 II=0 A20=1 SMM=0 HLT=0
ES =0030 0000000000000000 ffffffff 00cf9300 DPL=0 DS   [-WA]
CS =0038 0000000000000000 ffffffff 00af9a00 DPL=0 CS64 [-R-]
SS =0030 0000000000000000 ffffffff 00cf9300 DPL=0 DS   [-WA]
DS =0030 0000000000000000 ffffffff 00cf9300 DPL=0 DS   [-WA]
FS =0030 0000000000000000 ffffffff 00cf9300 DPL=0 DS   [-WA]
GS =0030 0000000000000000 ffffffff 00cf9300 DPL=0 DS   [-WA]
LDT=0000 0000000000000000 0000ffff 00008200 DPL=0 LDT
TR =0048 000000001f5db058 00000067 00008900 DPL=0 TSS64-avl
GDT=     000000001f5db000 00000057
IDT=     000000001f090018 00000fff
CR0=80010033 CR2=0000000000000000 CR3=000000001f801000 CR4=00000668
DR0=0000000000000000 DR1=0000000000000000 DR2=0000000000000000 DR3=0000000000000000 
DR6=00000000ffff0ff0 DR7=0000000000000400
CCS=0000000000000004 CCD=0000000000040000 CCO=EFLAGS
EFER=0000000000000d00
Servicing hardware INT=0x20
   325: v=20 e=0000 i=0 cpl=0 IP=0038:000000001f6d995a pc=000000001f6d995a SP=0030:000000001fe8e6b0 env->regs[R_EAX]=00000000000000ff
RAX=00000000000000ff RBX=0000000000000007 RCX=0000000000020001 RDX=000000001e9bf018
RSI=000000001f58807c RDI=000000001e9df017 RBP=000000001fe8e780 RSP=000000001fe8e6b0
R8 =00000000000000ff R9 =0000000000000000 R10=000000001e789298 R11=0000000000000008
R12=000000001fe8e7d0 R13=000000001e9bf018 R14=0000000000000000 R15=000000001fe8e728
RIP=000000001f6d995a RFL=00010206 [-----P-] CPL=0 II=0 A20=1 SMM=0 HLT=0
ES =0030 0000000000000000 ffffffff 00cf9300 DPL=0 DS   [-WA]
CS =0038 0000000000000000 ffffffff 00af9a00 DPL=0 CS64 [-R-]
SS =0030 0000000000000000 ffffffff 00cf9300 DPL=0 DS   [-WA]
DS =0030 0000000000000000 ffffffff 00cf9300 DPL=0 DS   [-WA]
FS =0030 0000000000000000 ffffffff 00cf9300 DPL=0 DS   [-WA]
GS =0030 0000000000000000 ffffffff 00cf9300 DPL=0 DS   [-WA]
LDT=0000 0000000000000000 0000ffff 00008200 DPL=0 LDT
TR =0048 000000001f5db058 00000067 00008900 DPL=0 TSS64-avl
GDT=     000000001f5db000 00000057
IDT=     000000001f090018 00000fff
CR0=80010033 CR2=0000000000000000 CR3=000000001f801000 CR4=00000668
DR0=0000000000000000 DR1=0000000000000000 DR2=0000000000000000 DR3=0000000000000000 
DR6=00000000ffff0ff0 DR7=0000000000000400
CCS=0000000000000004 CCD=0000000000040000 CCO=EFLAGS
EFER=0000000000000d00
Servicing hardware INT=0x20
   326: v=20 e=0000 i=0 cpl=0 IP=0038:000000001e8ea035 pc=000000001e8ea035 SP=0030:000000001fe8e760 env->regs[R_EAX]=0000000000000030
RAX=0000000000000030 RBX=000000001fe8e8c8 RCX=0000000000000000 RDX=0000000000000003
RSI=000000001fe8e818 RDI=000000001e7be918 RBP=000000001fe8e7f0 RSP=000000001fe8e760
R8 =0000000000000003 R9 =0000000000000003 R10=0000000000000001 R11=000000001e7be918
R12=0000000000000000 R13=000000001e7be918 R14=0000000000000000 R15=800000000000000e
RIP=000000001e8ea035 RFL=00000293 [--S-A-C] CPL=0 II=0 A20=1 SMM=0 HLT=0
ES =0030 0000000000000000 ffffffff 00cf9300 DPL=0 DS   [-WA]
CS =0038 0000000000000000 ffffffff 00af9a00 DPL=0 CS64 [-R-]
SS =0030 0000000000000000 ffffffff 00cf9300 DPL=0 DS   [-WA]
DS =0030 0000000000000000 ffffffff 00cf9300 DPL=0 DS   [-WA]
FS =0030 0000000000000000 ffffffff 00cf9300 DPL=0 DS   [-WA]
GS =0030 0000000000000000 ffffffff 00cf9300 DPL=0 DS   [-WA]
LDT=0000 0000000000000000 0000ffff 00008200 DPL=0 LDT
TR =0048 000000001f5db058 00000067 00008900 DPL=0 TSS64-avl
GDT=     000000001f5db000 00000057
IDT=     000000001f090018 00000fff
CR0=80010033 CR2=0000000000000000 CR3=000000001f801000 CR4=00000668
DR0=0000000000000000 DR1=0000000000000000 DR2=0000000000000000 DR3=0000000000000000 
DR6=00000000ffff0ff0 DR7=0000000000000400
CCS=0000000000000091 CCD=fffffffffffffff7 CCO=EFLAGS
EFER=0000000000000d00
Servicing hardware INT=0x20
   327: v=20 e=0000 i=0 cpl=0 IP=0038:000000001e51f0fc pc=000000001e51f0fc SP=0030:000000001fe8e628 env->regs[R_EAX]=000000001e5364a8
RAX=000000001e5364a8 RBX=000000001fe8e638 RCX=0000000000000000 RDX=000000001e532e60
RSI=0000000004388086 RDI=000000001fe8e638 RBP=000000001e7cfd18 RSP=000000001fe8e628
R8 =000000001e5364d0 R9 =000000000000008f R10=000000001e531b3d R11=0000000000000030
R12=000000001e535f18 R13=000000001e788698 R14=000000001e5350a0 R15=0000000000000000
RIP=000000001e51f0fc RFL=00000246 [---Z-P-] CPL=0 II=0 A20=1 SMM=0 HLT=0
ES =0030 0000000000000000 ffffffff 00cf9300 DPL=0 DS   [-WA]
CS =0038 0000000000000000 ffffffff 00af9a00 DPL=0 CS64 [-R-]
SS =0030 0000000000000000 ffffffff 00cf9300 DPL=0 DS   [-WA]
DS =0030 0000000000000000 ffffffff 00cf9300 DPL=0 DS   [-WA]
FS =0030 0000000000000000 ffffffff 00cf9300 DPL=0 DS   [-WA]
GS =0030 0000000000000000 ffffffff 00cf9300 DPL=0 DS   [-WA]
LDT=0000 0000000000000000 0000ffff 00008200 DPL=0 LDT
TR =0048 000000001f5db058 00000067 00008900 DPL=0 TSS64-avl
GDT=     000000001f5db000 00000057
IDT=     000000001f090018 00000fff
CR0=80010033 CR2=0000000000000000 CR3=000000001f801000 CR4=00000668
DR0=0000000000000000 DR1=0000000000000000 DR2=0000000000000000 DR3=0000000000000000 
DR6=00000000ffff0ff0 DR7=0000000000000400
CCS=0000000000000044 CCD=0000000004380000 CCO=EFLAGS
EFER=0000000000000d00
Servicing hardware INT=0x20
   328: v=20 e=0000 i=0 cpl=0 IP=0038:000000001e854042 pc=000000001e854042 SP=0030:000000001fe8e5e0 env->regs[R_EAX]=0000000000000000
RAX=0000000000000000 RBX=000000001e8f8118 RCX=000000001ec6dec0 RDX=000000001e76a630
RSI=0000000000000019 RDI=0000000000000000 RBP=000000001fe8e720 RSP=000000001fe8e5e0
R8 =000000001e76a618 R9 =0000000000000001 R10=000000001fea7110 R11=000000001e76a688
R12=000000001e788a18 R13=000000001e76a398 R14=000000001e855240 R15=0000000000000001
RIP=000000001e854042 RFL=00000246 [---Z-P-] CPL=0 II=0 A20=1 SMM=0 HLT=0
ES =0030 0000000000000000 ffffffff 00cf9300 DPL=0 DS   [-WA]
CS =0038 0000000000000000 ffffffff 00af9a00 DPL=0 CS64 [-R-]
SS =0030 0000000000000000 ffffffff 00cf9300 DPL=0 DS   [-WA]
DS =0030 0000000000000000 ffffffff 00cf9300 DPL=0 DS   [-WA]
FS =0030 0000000000000000 ffffffff 00cf9300 DPL=0 DS   [-WA]
GS =0030 0000000000000000 ffffffff 00cf9300 DPL=0 DS   [-WA]
LDT=0000 0000000000000000 0000ffff 00008200 DPL=0 LDT
TR =0048 000000001f5db058 00000067 00008900 DPL=0 TSS64-avl
GDT=     000000001f5db000 00000057
IDT=     000000001f090018 00000fff
CR0=80010033 CR2=0000000000000000 CR3=000000001f801000 CR4=00000668
DR0=0000000000000000 DR1=0000000000000000 DR2=0000000000000000 DR3=0000000000000000 
DR6=00000000ffff0ff0 DR7=0000000000000400
CCS=0000000000000044 CCD=0000000000000000 CCO=EFLAGS
EFER=0000000000000d00
Servicing hardware INT=0x20
   329: v=20 e=0000 i=0 cpl=0 IP=0038:000000001e8538f5 pc=000000001e8538f5 SP=0030:000000001fe8e470 env->regs[R_EAX]=0000000000000000
RAX=0000000000000000 RBX=000000001e854af3 RCX=000000001e76a618 RDX=000000001fe8e52c
RSI=000000001e76a198 RDI=000000001e76a1a8 RBP=000000001fe8e4c0 RSP=000000001fe8e470
R8 =0000000000000006 R9 =000000001fe8e551 R10=000000001fea7110 R11=000000001e76a288
R12=000000001e788880 R13=000000001fe8e52c R14=0000000000000010 R15=000000001e788798
RIP=000000001e8538f5 RFL=00000206 [-----P-] CPL=0 II=0 A20=1 SMM=0 HLT=0
ES =0030 0000000000000000 ffffffff 00cf9300 DPL=0 DS   [-WA]
CS =0038 0000000000000000 ffffffff 00af9a00 DPL=0 CS64 [-R-]
SS =0030 0000000000000000 ffffffff 00cf9300 DPL=0 DS   [-WA]
DS =0030 0000000000000000 ffffffff 00cf9300 DPL=0 DS   [-WA]
FS =0030 0000000000000000 ffffffff 00cf9300 DPL=0 DS   [-WA]
GS =0030 0000000000000000 ffffffff 00cf9300 DPL=0 DS   [-WA]
LDT=0000 0000000000000000 0000ffff 00008200 DPL=0 LDT
TR =0048 000000001f5db058 00000067 00008900 DPL=0 TSS64-avl
GDT=     000000001f5db000 00000057
IDT=     000000001f090018 00000fff
CR0=80010033 CR2=0000000000000000 CR3=000000001f801000 CR4=00000668
DR0=0000000000000000 DR1=0000000000000000 DR2=0000000000000000 DR3=0000000000000000 
DR6=00000000ffff0ff0 DR7=0000000000000400
CCS=0000000000000004 CCD=000000001e76a618 CCO=EFLAGS
EFER=0000000000000d00
Servicing hardware INT=0x20
   330: v=20 e=0000 i=0 cpl=0 IP=0038:000000001fe92b61 pc=000000001fe92b61 SP=0030:000000001fe8e4c0 env->regs[R_EAX]=000000001fea9980
RAX=000000001fea9980 RBX=000000001fea9d20 RCX=0000000000000010 RDX=000000001fe8e57c
RSI=000000001fe8e57c RDI=0000000000000004 RBP=000000001fe8e500 RSP=000000001fe8e4c0
R8 =000000000000001e R9 =000000001e7698b5 R10=000000000000001a R11=000000001e769898
R12=000000001e769a18 R13=0000000000000048 R14=000000001e769a00 R15=0000000030646870
RIP=000000001fe92b61 RFL=00000202 [-------] CPL=0 II=0 A20=1 SMM=0 HLT=0
ES =0030 0000000000000000 ffffffff 00cf9300 DPL=0 DS   [-WA]
CS =0038 0000000000000000 ffffffff 00af9a00 DPL=0 CS64 [-R-]
SS =0030 0000000000000000 ffffffff 00cf9300 DPL=0 DS   [-WA]
DS =0030 0000000000000000 ffffffff 00cf9300 DPL=0 DS   [-WA]
FS =0030 0000000000000000 ffffffff 00cf9300 DPL=0 DS   [-WA]
GS =0030 0000000000000000 ffffffff 00cf9300 DPL=0 DS   [-WA]
LDT=0000 0000000000000000 0000ffff 00008200 DPL=0 LDT
TR =0048 000000001f5db058 00000067 00008900 DPL=0 TSS64-avl
GDT=     000000001f5db000 00000057
IDT=     000000001f090018 00000fff
CR0=80010033 CR2=0000000000000000 CR3=000000001f801000 CR4=00000668
DR0=0000000000000000 DR1=0000000000000000 DR2=0000000000000000 DR3=0000000000000000 
DR6=00000000ffff0ff0 DR7=0000000000000400
CCS=0000000000000000 CCD=000000001fea9d20 CCO=EFLAGS
EFER=0000000000000d00
Servicing hardware INT=0x20
   331: v=20 e=0000 i=0 cpl=0 IP=0038:000000001e88d234 pc=000000001e88d234 SP=0030:000000001fe8e580 env->regs[R_EAX]=0000000000000010
RAX=0000000000000010 RBX=000000001e88e154 RCX=0000000000000067 RDX=0000000000000000
RSI=000000001e769998 RDI=0000000000000003 RBP=000000001fe8e5d0 RSP=000000001fe8e580
R8 =0000000000000003 R9 =0000000000000002 R10=0000000000000001 R11=000000001e88e154
R12=000000001fe8e618 R13=000000001e88dda0 R14=0000000000000001 R15=000000001e88e720
RIP=000000001e88d234 RFL=00000246 [---Z-P-] CPL=0 II=0 A20=1 SMM=0 HLT=0
ES =0030 0000000000000000 ffffffff 00cf9300 DPL=0 DS   [-WA]
CS =0038 0000000000000000 ffffffff 00af9a00 DPL=0 CS64 [-R-]
SS =0030 0000000000000000 ffffffff 00cf9300 DPL=0 DS   [-WA]
DS =0030 0000000000000000 ffffffff 00cf9300 DPL=0 DS   [-WA]
FS =0030 0000000000000000 ffffffff 00cf9300 DPL=0 DS   [-WA]
GS =0030 0000000000000000 ffffffff 00cf9300 DPL=0 DS   [-WA]
LDT=0000 0000000000000000 0000ffff 00008200 DPL=0 LDT
TR =0048 000000001f5db058 00000067 00008900 DPL=0 TSS64-avl
GDT=     000000001f5db000 00000057
IDT=     000000001f090018 00000fff
CR0=80010033 CR2=0000000000000000 CR3=000000001f801000 CR4=00000668
DR0=0000000000000000 DR1=0000000000000000 DR2=0000000000000000 DR3=0000000000000000 
DR6=00000000ffff0ff0 DR7=0000000000000400
CCS=0000000000000044 CCD=0000000000000000 CCO=EFLAGS
EFER=0000000000000d00
Servicing hardware INT=0x20
   332: v=20 e=0000 i=0 cpl=0 IP=0038:000000001fe92716 pc=000000001fe92716 SP=0030:000000001fe8e3b0 env->regs[R_EAX]=0000000000000000
RAX=0000000000000000 RBX=0000000000000022 RCX=0000000000000080 RDX=000000001fea7110
RSI=0000000000000028 RDI=0000000000000050 RBP=000000001fe8e3f0 RSP=000000001fe8e3b0
R8 =000000001fe8e4c8 R9 =000000001f580004 R10=000000000000001e R11=000000001e769198
R12=000000001fea9d20 R13=0000000000000050 R14=0000000000000000 R15=0000000000000000
RIP=000000001fe92716 RFL=00000206 [-----P-] CPL=0 II=0 A20=1 SMM=0 HLT=0
ES =0030 0000000000000000 ffffffff 00cf9300 DPL=0 DS   [-WA]
CS =0038 0000000000000000 ffffffff 00af9a00 DPL=0 CS64 [-R-]
SS =0030 0000000000000000 ffffffff 00cf9300 DPL=0 DS   [-WA]
DS =0030 0000000000000000 ffffffff 00cf9300 DPL=0 DS   [-WA]
FS =0030 0000000000000000 ffffffff 00cf9300 DPL=0 DS   [-WA]
GS =0030 0000000000000000 ffffffff 00cf9300 DPL=0 DS   [-WA]
LDT=0000 0000000000000000 0000ffff 00008200 DPL=0 LDT
TR =0048 000000001f5db058 00000067 00008900 DPL=0 TSS64-avl
GDT=     000000001f5db000 00000057
IDT=     000000001f090018 00000fff
CR0=80010033 CR2=0000000000000000 CR3=000000001f801000 CR4=00000668
DR0=0000000000000000 DR1=0000000000000000 DR2=0000000000000000 DR3=0000000000000000 
DR6=00000000ffff0ff0 DR7=0000000000000400
CCS=0000000000000004 CCD=0000000000000030 CCO=EFLAGS
EFER=0000000000000d00
Servicing hardware INT=0x20
   333: v=20 e=0000 i=0 cpl=0 IP=0038:000000001e89668b pc=000000001e89668b SP=0030:000000001fe8e598 env->regs[R_EAX]=0000000000000001
RAX=0000000000000001 RBX=000000001e767318 RCX=000000001e767618 RDX=000000001e763318
RSI=000000001e767330 RDI=000000001e899220 RBP=000000001fe8e620 RSP=000000001fe8e598
R8 =000000001e899220 R9 =0000000000000006 R10=0000000000000001 R11=0000000000000020
R12=000000001e767618 R13=000000001e8991c0 R14=000000001e8992a0 R15=0000000000000006
RIP=000000001e89668b RFL=00000206 [-----P-] CPL=0 II=0 A20=1 SMM=0 HLT=0
ES =0030 0000000000000000 ffffffff 00cf9300 DPL=0 DS   [-WA]
CS =0038 0000000000000000 ffffffff 00af9a00 DPL=0 CS64 [-R-]
SS =0030 0000000000000000 ffffffff 00cf9300 DPL=0 DS   [-WA]
DS =0030 0000000000000000 ffffffff 00cf9300 DPL=0 DS   [-WA]
FS =0030 0000000000000000 ffffffff 00cf9300 DPL=0 DS   [-WA]
GS =0030 0000000000000000 ffffffff 00cf9300 DPL=0 DS   [-WA]
LDT=0000 0000000000000000 0000ffff 00008200 DPL=0 LDT
TR =0048 000000001f5db058 00000067 00008900 DPL=0 TSS64-avl
GDT=     000000001f5db000 00000057
IDT=     000000001f090018 00000fff
CR0=80010033 CR2=0000000000000000 CR3=000000001f801000 CR4=00000668
DR0=0000000000000000 DR1=0000000000000000 DR2=0000000000000000 DR3=0000000000000000 
DR6=00000000ffff0ff0 DR7=0000000000000400
CCS=0000000000000004 CCD=000000001fe8e5a0 CCO=EFLAGS
EFER=0000000000000d00
Servicing hardware INT=0x20
   334: v=20 e=0000 i=0 cpl=0 IP=0038:000000001e891311 pc=000000001e891311 SP=0030:000000001fe8e640 env->regs[R_EAX]=0000000000000000
RAX=0000000000000000 RBX=0000000000000000 RCX=000000001ec6dec0 RDX=000000001ec75598
RSI=000000001e7bfb98 RDI=000000001e892ce0 RBP=000000001fe8e6a0 RSP=000000001fe8e640
R8 =000000001e8944f0 R9 =000000001e7bfb98 R10=0000000000000000 R11=000000000000002c
R12=0000000000000000 R13=000000001e767718 R14=000000001e892ce0 R15=0000000000000000
RIP=000000001e891311 RFL=00000246 [---Z-P-] CPL=0 II=0 A20=1 SMM=0 HLT=0
ES =0030 0000000000000000 ffffffff 00cf9300 DPL=0 DS   [-WA]
CS =0038 0000000000000000 ffffffff 00af9a00 DPL=0 CS64 [-R-]
SS =0030 0000000000000000 ffffffff 00cf9300 DPL=0 DS   [-WA]
DS =0030 0000000000000000 ffffffff 00cf9300 DPL=0 DS   [-WA]
FS =0030 0000000000000000 ffffffff 00cf9300 DPL=0 DS   [-WA]
GS =0030 0000000000000000 ffffffff 00cf9300 DPL=0 DS   [-WA]
LDT=0000 0000000000000000 0000ffff 00008200 DPL=0 LDT
TR =0048 000000001f5db058 00000067 00008900 DPL=0 TSS64-avl
GDT=     000000001f5db000 00000057
IDT=     000000001f090018 00000fff
CR0=80010033 CR2=0000000000000000 CR3=000000001f801000 CR4=00000668
DR0=0000000000000000 DR1=0000000000000000 DR2=0000000000000000 DR3=0000000000000000 
DR6=00000000ffff0ff0 DR7=0000000000000400
CCS=0000000000000044 CCD=0000000000000000 CCO=EFLAGS
EFER=0000000000000d00
Servicing hardware INT=0x20
   335: v=20 e=0000 i=0 cpl=0 IP=0038:000000001e851a02 pc=000000001e851a02 SP=0030:000000001fe8e240 env->regs[R_EAX]=0000000000000060
RAX=0000000000000060 RBX=000000001e788798 RCX=0000000000000011 RDX=00000000000003fd
RSI=0000000000000005 RDI=000000001e788798 RBP=000000001fe8e250 RSP=000000001fe8e240
R8 =0000000000000030 R9 =00000000000003fd R10=0000000000000001 R11=0000000000000020
R12=000000001fe8e378 R13=0000000000000000 R14=000000001fe8e375 R15=0000000000000000
RIP=000000001e851a02 RFL=00000293 [--S-A-C] CPL=0 II=0 A20=1 SMM=0 HLT=0
ES =0030 0000000000000000 ffffffff 00cf9300 DPL=0 DS   [-WA]
CS =0038 0000000000000000 ffffffff 00af9a00 DPL=0 CS64 [-R-]
SS =0030 0000000000000000 ffffffff 00cf9300 DPL=0 DS   [-WA]
DS =0030 0000000000000000 ffffffff 00cf9300 DPL=0 DS   [-WA]
FS =0030 0000000000000000 ffffffff 00cf9300 DPL=0 DS   [-WA]
GS =0030 0000000000000000 ffffffff 00cf9300 DPL=0 DS   [-WA]
LDT=0000 0000000000000000 0000ffff 00008200 DPL=0 LDT
TR =0048 000000001f5db058 00000067 00008900 DPL=0 TSS64-avl
GDT=     000000001f5db000 00000057
IDT=     000000001f090018 00000fff
CR0=80010033 CR2=0000000000000000 CR3=000000001f801000 CR4=00000668
DR0=0000000000000000 DR1=0000000000000000 DR2=0000000000000000 DR3=0000000000000000 
DR6=00000000ffff0ff0 DR7=0000000000000400
CCS=0000000000000091 CCD=fffffffffffffffe CCO=EFLAGS
EFER=0000000000000d00
Servicing hardware INT=0x20
   336: v=20 e=0000 i=0 cpl=0 IP=0038:000000001f6d995c pc=000000001f6d995c SP=0030:000000001fe8e610 env->regs[R_EAX]=00000000000000ff
RAX=00000000000000ff RBX=0000000000000007 RCX=0000000000000000 RDX=000000001e9bf018
RSI=000000001f58807c RDI=000000001e9ff018 RBP=000000001fe8e6e0 RSP=000000001fe8e610
R8 =00000000000000ff R9 =0000000000000000 R10=000000001e761e98 R11=0000000000000008
R12=000000001fe8e730 R13=000000001e9bf018 R14=0000000000000000 R15=000000001fe8e688
RIP=000000001f6d995c RFL=00000206 [-----P-] CPL=0 II=0 A20=1 SMM=0 HLT=0
ES =0030 0000000000000000 ffffffff 00cf9300 DPL=0 DS   [-WA]
CS =0038 0000000000000000 ffffffff 00af9a00 DPL=0 CS64 [-R-]
SS =0030 0000000000000000 ffffffff 00cf9300 DPL=0 DS   [-WA]
DS =0030 0000000000000000 ffffffff 00cf9300 DPL=0 DS   [-WA]
FS =0030 0000000000000000 ffffffff 00cf9300 DPL=0 DS   [-WA]
GS =0030 0000000000000000 ffffffff 00cf9300 DPL=0 DS   [-WA]
LDT=0000 0000000000000000 0000ffff 00008200 DPL=0 LDT
TR =0048 000000001f5db058 00000067 00008900 DPL=0 TSS64-avl
GDT=     000000001f5db000 00000057
IDT=     000000001f090018 00000fff
CR0=80010033 CR2=0000000000000000 CR3=000000001f801000 CR4=00000668
DR0=0000000000000000 DR1=0000000000000000 DR2=0000000000000000 DR3=0000000000000000 
DR6=00000000ffff0ff0 DR7=0000000000000400
CCS=0000000000000004 CCD=0000000000040000 CCO=EFLAGS
EFER=0000000000000d00
Servicing hardware INT=0x20
   337: v=20 e=0000 i=0 cpl=0 IP=0038:000000001f6d4413 pc=000000001f6d4413 SP=0030:000000001fe8e590 env->regs[R_EAX]=0000000000000000
RAX=0000000000000000 RBX=00000000ffc02f74 RCX=0000000000000101 RDX=0000000000000f74
RSI=0000000000000000 RDI=0000000000000002 RBP=000000001fe8e630 RSP=000000001fe8e590
R8 =0000000000000f74 R9 =000000001fe8e5f0 R10=000000001e761e98 R11=000000001f6e9834
R12=000000001f588050 R13=000000001e9bf018 R14=00000000ffc02000 R15=000000001f5ec8b0
RIP=000000001f6d4413 RFL=00000246 [---Z-P-] CPL=0 II=0 A20=1 SMM=0 HLT=0
ES =0030 0000000000000000 ffffffff 00cf9300 DPL=0 DS   [-WA]
CS =0038 0000000000000000 ffffffff 00af9a00 DPL=0 CS64 [-R-]
SS =0030 0000000000000000 ffffffff 00cf9300 DPL=0 DS   [-WA]
DS =0030 0000000000000000 ffffffff 00cf9300 DPL=0 DS   [-WA]
FS =0030 0000000000000000 ffffffff 00cf9300 DPL=0 DS   [-WA]
GS =0030 0000000000000000 ffffffff 00cf9300 DPL=0 DS   [-WA]
LDT=0000 0000000000000000 0000ffff 00008200 DPL=0 LDT
TR =0048 000000001f5db058 00000067 00008900 DPL=0 TSS64-avl
GDT=     000000001f5db000 00000057
IDT=     000000001f090018 00000fff
CR0=80010033 CR2=0000000000000000 CR3=000000001f801000 CR4=00000668
DR0=0000000000000000 DR1=0000000000000000 DR2=0000000000000000 DR3=0000000000000000 
DR6=00000000ffff0ff0 DR7=0000000000000400
CCS=0000000000000044 CCD=0000000000000000 CCO=EFLAGS
EFER=0000000000000d00
Servicing hardware INT=0x20
   338: v=20 e=0000 i=0 cpl=0 IP=0038:000000001f6e9078 pc=000000001f6e9078 SP=0030:000000001fe8e568 env->regs[R_EAX]=0000000000000000
RAX=0000000000000000 RBX=0000000000002f2e RCX=000000001fe8e578 RDX=0000000000000001
RSI=000000001f5ecb18 RDI=0000000000000000 RBP=000000001fe8e590 RSP=000000001fe8e568
R8 =000000001fe8e5f8 R9 =000000001e9bf01a R10=000000001e761e98 R11=000000001f6e9834
R12=0000000000000001 R13=000000001e9bf01a R14=0000000000000001 R15=000000001f5ec8b0
RIP=000000001f6e9078 RFL=00000297 [--S-APC] CPL=0 II=0 A20=1 SMM=0 HLT=0
ES =0030 0000000000000000 ffffffff 00cf9300 DPL=0 DS   [-WA]
CS =0038 0000000000000000 ffffffff 00af9a00 DPL=0 CS64 [-R-]
SS =0030 0000000000000000 ffffffff 00cf9300 DPL=0 DS   [-WA]
DS =0030 0000000000000000 ffffffff 00cf9300 DPL=0 DS   [-WA]
FS =0030 0000000000000000 ffffffff 00cf9300 DPL=0 DS   [-WA]
GS =0030 0000000000000000 ffffffff 00cf9300 DPL=0 DS   [-WA]
LDT=0000 0000000000000000 0000ffff 00008200 DPL=0 LDT
TR =0048 000000001f5db058 00000067 00008900 DPL=0 TSS64-avl
GDT=     000000001f5db000 00000057
IDT=     000000001f090018 00000fff
CR0=80010033 CR2=0000000000000000 CR3=000000001f801000 CR4=00000668
DR0=0000000000000000 DR1=0000000000000000 DR2=0000000000000000 DR3=0000000000000000 
DR6=00000000ffff0ff0 DR7=0000000000000400
CCS=0000000000000095 CCD=ffffffffffffffff CCO=EFLAGS
EFER=0000000000000d00
Servicing hardware INT=0x20
   339: v=20 e=0000 i=0 cpl=0 IP=0038:000000001f6e979e pc=000000001f6e979e SP=0030:000000001fe8e4f0 env->regs[R_EAX]=0000000000000000
RAX=0000000000000000 RBX=00000000ffc03084 RCX=0000000000000101 RDX=0000000000000000
RSI=00000000000000aa RDI=00000000ffc03084 RBP=000000001fe8e520 RSP=000000001fe8e4f0
R8 =0000000000000084 R9 =000000001fe8e5e8 R10=000000001e761d18 R11=000000001f6e9834
R12=000000001e9bf018 R13=00000000000000aa R14=0000000000000001 R15=000000001fe8e5e8
RIP=000000001f6e979e RFL=00000246 [---Z-P-] CPL=0 II=0 A20=1 SMM=0 HLT=0
ES =0030 0000000000000000 ffffffff 00cf9300 DPL=0 DS   [-WA]
CS =0038 0000000000000000 ffffffff 00af9a00 DPL=0 CS64 [-R-]
SS =0030 0000000000000000 ffffffff 00cf9300 DPL=0 DS   [-WA]
DS =0030 0000000000000000 ffffffff 00cf9300 DPL=0 DS   [-WA]
FS =0030 0000000000000000 ffffffff 00cf9300 DPL=0 DS   [-WA]
GS =0030 0000000000000000 ffffffff 00cf9300 DPL=0 DS   [-WA]
LDT=0000 0000000000000000 0000ffff 00008200 DPL=0 LDT
TR =0048 000000001f5db058 00000067 00008900 DPL=0 TSS64-avl
GDT=     000000001f5db000 00000057
IDT=     000000001f090018 00000fff
CR0=80010033 CR2=0000000000000000 CR3=000000001f801000 CR4=00000668
DR0=0000000000000000 DR1=0000000000000000 DR2=0000000000000000 DR3=0000000000000000 
DR6=00000000ffff0ff0 DR7=0000000000000400
CCS=0000000000000044 CCD=0000000000000000 CCO=EFLAGS
EFER=0000000000000d00
Servicing hardware INT=0x20
   340: v=20 e=0000 i=0 cpl=0 IP=0038:000000001f6e90d3 pc=000000001f6e90d3 SP=0030:000000001fe8e570 env->regs[R_EAX]=0000000000000000
RAX=0000000000000000 RBX=000000000000303e RCX=000000001fe8e578 RDX=000000001f5ecf98
RSI=000000001f5ecb18 RDI=0000000000000000 RBP=000000001fe8e590 RSP=000000001fe8e570
R8 =000000001fe8e5f8 R9 =000000001e9bf01a R10=000000001e761d18 R11=000000001f6e9834
R12=0000000000000001 R13=000000001e9bf01a R14=0000000000000001 R15=000000001f5ec8b0
RIP=000000001f6e90d3 RFL=00000246 [---Z-P-] CPL=0 II=0 A20=1 SMM=0 HLT=0
ES =0030 0000000000000000 ffffffff 00cf9300 DPL=0 DS   [-WA]
CS =0038 0000000000000000 ffffffff 00af9a00 DPL=0 CS64 [-R-]
SS =0030 0000000000000000 ffffffff 00cf9300 DPL=0 DS   [-WA]
DS =0030 0000000000000000 ffffffff 00cf9300 DPL=0 DS   [-WA]
FS =0030 0000000000000000 ffffffff 00cf9300 DPL=0 DS   [-WA]
GS =0030 0000000000000000 ffffffff 00cf9300 DPL=0 DS   [-WA]
LDT=0000 0000000000000000 0000ffff 00008200 DPL=0 LDT
TR =0048 000000001f5db058 00000067 00008900 DPL=0 TSS64-avl
GDT=     000000001f5db000 00000057
IDT=     000000001f090018 00000fff
CR0=80010033 CR2=0000000000000000 CR3=000000001f801000 CR4=00000668
DR0=0000000000000000 DR1=0000000000000000 DR2=0000000000000000 DR3=0000000000000000 
DR6=00000000ffff0ff0 DR7=0000000000000400
CCS=0000000000000044 CCD=0000000000000000 CCO=EFLAGS
EFER=0000000000000d00
Servicing hardware INT=0x20
   341: v=20 e=0000 i=0 cpl=0 IP=0038:000000001f6e979e pc=000000001f6e979e SP=0030:000000001fe8e4f0 env->regs[R_EAX]=0000000000000000
RAX=0000000000000000 RBX=00000000ffc03158 RCX=0000000000000101 RDX=0000000000000000
RSI=0000000000000010 RDI=00000000ffc03158 RBP=000000001fe8e520 RSP=000000001fe8e4f0
R8 =0000000000000158 R9 =000000001fe8e5e8 R10=000000001e761e98 R11=000000001f6e9834
R12=000000001e9bf018 R13=0000000000000010 R14=0000000000000000 R15=000000001fe8e5e8
RIP=000000001f6e979e RFL=00000246 [---Z-P-] CPL=0 II=0 A20=1 SMM=0 HLT=0
ES =0030 0000000000000000 ffffffff 00cf9300 DPL=0 DS   [-WA]
CS =0038 0000000000000000 ffffffff 00af9a00 DPL=0 CS64 [-R-]
SS =0030 0000000000000000 ffffffff 00cf9300 DPL=0 DS   [-WA]
DS =0030 0000000000000000 ffffffff 00cf9300 DPL=0 DS   [-WA]
FS =0030 0000000000000000 ffffffff 00cf9300 DPL=0 DS   [-WA]
GS =0030 0000000000000000 ffffffff 00cf9300 DPL=0 DS   [-WA]
LDT=0000 0000000000000000 0000ffff 00008200 DPL=0 LDT
TR =0048 000000001f5db058 00000067 00008900 DPL=0 TSS64-avl
GDT=     000000001f5db000 00000057
IDT=     000000001f090018 00000fff
CR0=80010033 CR2=0000000000000000 CR3=000000001f801000 CR4=00000668
DR0=0000000000000000 DR1=0000000000000000 DR2=0000000000000000 DR3=0000000000000000 
DR6=00000000ffff0ff0 DR7=0000000000000400
CCS=0000000000000044 CCD=0000000000000000 CCO=EFLAGS
EFER=0000000000000d00
Servicing hardware INT=0x20
   342: v=20 e=0000 i=0 cpl=0 IP=0038:000000001f6e979e pc=000000001f6e979e SP=0030:000000001fe8e4f0 env->regs[R_EAX]=0000000000000000
RAX=0000000000000000 RBX=00000000ffc0315a RCX=0000000000000101 RDX=0000000000000000
RSI=0000000000000010 RDI=00000000ffc0315a RBP=000000001fe8e520 RSP=000000001fe8e4f0
R8 =000000000000015a R9 =000000001fe8e5e8 R10=000000001e761e98 R11=000000001f6e9834
R12=000000001e9bf01a R13=0000000000000010 R14=0000000000000000 R15=000000001fe8e5e8
RIP=000000001f6e979e RFL=00000246 [---Z-P-] CPL=0 II=0 A20=1 SMM=0 HLT=0
ES =0030 0000000000000000 ffffffff 00cf9300 DPL=0 DS   [-WA]
CS =0038 0000000000000000 ffffffff 00af9a00 DPL=0 CS64 [-R-]
SS =0030 0000000000000000 ffffffff 00cf9300 DPL=0 DS   [-WA]
DS =0030 0000000000000000 ffffffff 00cf9300 DPL=0 DS   [-WA]
FS =0030 0000000000000000 ffffffff 00cf9300 DPL=0 DS   [-WA]
GS =0030 0000000000000000 ffffffff 00cf9300 DPL=0 DS   [-WA]
LDT=0000 0000000000000000 0000ffff 00008200 DPL=0 LDT
TR =0048 000000001f5db058 00000067 00008900 DPL=0 TSS64-avl
GDT=     000000001f5db000 00000057
IDT=     000000001f090018 00000fff
CR0=80010033 CR2=0000000000000000 CR3=000000001f801000 CR4=00000668
DR0=0000000000000000 DR1=0000000000000000 DR2=0000000000000000 DR3=0000000000000000 
DR6=00000000ffff0ff0 DR7=0000000000000400
CCS=0000000000000044 CCD=0000000000000000 CCO=EFLAGS
EFER=0000000000000d00
Servicing hardware INT=0x20
   343: v=20 e=0000 i=0 cpl=0 IP=0038:000000001e84de69 pc=000000001e84de69 SP=0030:000000001fe8e610 env->regs[R_EAX]=0000000000000026
RAX=0000000000000026 RBX=00000000009a665a RCX=000000000000b008 RDX=00000000009a6634
RSI=000000001fe8e6df RDI=000000001e75f018 RBP=000000001fe8e640 RSP=000000001fe8e610
R8 =000000001e888798 R9 =000000000000b008 R10=0000000000000004 R11=000000001fea8360
R12=000000001e75f018 R13=000000001fe8e6df R14=000000001e760900 R15=0000000000000001
RIP=000000001e84de69 RFL=00000202 [-------] CPL=0 II=0 A20=1 SMM=0 HLT=0
ES =0030 0000000000000000 ffffffff 00cf9300 DPL=0 DS   [-WA]
CS =0038 0000000000000000 ffffffff 00af9a00 DPL=0 CS64 [-R-]
SS =0030 0000000000000000 ffffffff 00cf9300 DPL=0 DS   [-WA]
DS =0030 0000000000000000 ffffffff 00cf9300 DPL=0 DS   [-WA]
FS =0030 0000000000000000 ffffffff 00cf9300 DPL=0 DS   [-WA]
GS =0030 0000000000000000 ffffffff 00cf9300 DPL=0 DS   [-WA]
LDT=0000 0000000000000000 0000ffff 00008200 DPL=0 LDT
TR =0048 000000001f5db058 00000067 00008900 DPL=0 TSS64-avl
GDT=     000000001f5db000 00000057
IDT=     000000001f090018 00000fff
CR0=80010033 CR2=0000000000000000 CR3=000000001f801000 CR4=00000668
DR0=0000000000000000 DR1=0000000000000000 DR2=0000000000000000 DR3=0000000000000000 
DR6=00000000ffff0ff0 DR7=0000000000000400
CCS=0000000000000000 CCD=0000000000000026 CCO=EFLAGS
EFER=0000000000000d00
Servicing hardware INT=0x20
   344: v=20 e=0000 i=0 cpl=0 IP=0038:000000001e84de69 pc=000000001e84de69 SP=0030:000000001fe8e610 env->regs[R_EAX]=0000000000000044
RAX=0000000000000044 RBX=00000000009af23d RCX=000000000000b008 RDX=00000000009af1f9
RSI=000000001fe8e6df RDI=000000001e75f018 RBP=000000001fe8e640 RSP=000000001fe8e610
R8 =000000001e888798 R9 =000000000000b008 R10=0000000000000004 R11=000000001fea8360
R12=000000001e75f018 R13=000000001fe8e6df R14=000000001e760900 R15=0000000000000001
RIP=000000001e84de69 RFL=00000206 [-----P-] CPL=0 II=0 A20=1 SMM=0 HLT=0
ES =0030 0000000000000000 ffffffff 00cf9300 DPL=0 DS   [-WA]
CS =0038 0000000000000000 ffffffff 00af9a00 DPL=0 CS64 [-R-]
SS =0030 0000000000000000 ffffffff 00cf9300 DPL=0 DS   [-WA]
DS =0030 0000000000000000 ffffffff 00cf9300 DPL=0 DS   [-WA]
FS =0030 0000000000000000 ffffffff 00cf9300 DPL=0 DS   [-WA]
GS =0030 0000000000000000 ffffffff 00cf9300 DPL=0 DS   [-WA]
LDT=0000 0000000000000000 0000ffff 00008200 DPL=0 LDT
TR =0048 000000001f5db058 00000067 00008900 DPL=0 TSS64-avl
GDT=     000000001f5db000 00000057
IDT=     000000001f090018 00000fff
CR0=80010033 CR2=0000000000000000 CR3=000000001f801000 CR4=00000668
DR0=0000000000000000 DR1=0000000000000000 DR2=0000000000000000 DR3=0000000000000000 
DR6=00000000ffff0ff0 DR7=0000000000000400
CCS=0000000000000004 CCD=0000000000000044 CCO=EFLAGS
EFER=0000000000000d00
Servicing hardware INT=0x20
   345: v=20 e=0000 i=0 cpl=0 IP=0038:000000001e84de69 pc=000000001e84de69 SP=0030:000000001fe8e610 env->regs[R_EAX]=0000000000000025
RAX=0000000000000025 RBX=00000000009b7dec RCX=000000000000b008 RDX=00000000009b7dc7
RSI=000000001fe8e6df RDI=000000001e75f018 RBP=000000001fe8e640 RSP=000000001fe8e610
R8 =000000001e888798 R9 =000000000000b008 R10=0000000000000004 R11=000000001fea8360
R12=000000001e75f018 R13=000000001fe8e6df R14=000000001e760900 R15=0000000000000001
RIP=000000001e84de69 RFL=00000202 [-------] CPL=0 II=0 A20=1 SMM=0 HLT=0
ES =0030 0000000000000000 ffffffff 00cf9300 DPL=0 DS   [-WA]
CS =0038 0000000000000000 ffffffff 00af9a00 DPL=0 CS64 [-R-]
SS =0030 0000000000000000 ffffffff 00cf9300 DPL=0 DS   [-WA]
DS =0030 0000000000000000 ffffffff 00cf9300 DPL=0 DS   [-WA]
FS =0030 0000000000000000 ffffffff 00cf9300 DPL=0 DS   [-WA]
GS =0030 0000000000000000 ffffffff 00cf9300 DPL=0 DS   [-WA]
LDT=0000 0000000000000000 0000ffff 00008200 DPL=0 LDT
TR =0048 000000001f5db058 00000067 00008900 DPL=0 TSS64-avl
GDT=     000000001f5db000 00000057
IDT=     000000001f090018 00000fff
CR0=80010033 CR2=0000000000000000 CR3=000000001f801000 CR4=00000668
DR0=0000000000000000 DR1=0000000000000000 DR2=0000000000000000 DR3=0000000000000000 
DR6=00000000ffff0ff0 DR7=0000000000000400
CCS=0000000000000000 CCD=0000000000000025 CCO=EFLAGS
EFER=0000000000000d00
Servicing hardware INT=0x20
   346: v=20 e=0000 i=0 cpl=0 IP=0038:000000001e84de69 pc=000000001e84de69 SP=0030:000000001fe8e610 env->regs[R_EAX]=0000000000000019
RAX=0000000000000019 RBX=00000000009c09c8 RCX=000000000000b008 RDX=00000000009c09af
RSI=000000001fe8e6df RDI=000000001e75f018 RBP=000000001fe8e640 RSP=000000001fe8e610
R8 =000000001e888798 R9 =000000000000b008 R10=0000000000000004 R11=000000001fea8360
R12=000000001e75f018 R13=000000001fe8e6df R14=000000001e760900 R15=0000000000000001
RIP=000000001e84de69 RFL=00000202 [-------] CPL=0 II=0 A20=1 SMM=0 HLT=0
ES =0030 0000000000000000 ffffffff 00cf9300 DPL=0 DS   [-WA]
CS =0038 0000000000000000 ffffffff 00af9a00 DPL=0 CS64 [-R-]
SS =0030 0000000000000000 ffffffff 00cf9300 DPL=0 DS   [-WA]
DS =0030 0000000000000000 ffffffff 00cf9300 DPL=0 DS   [-WA]
FS =0030 0000000000000000 ffffffff 00cf9300 DPL=0 DS   [-WA]
GS =0030 0000000000000000 ffffffff 00cf9300 DPL=0 DS   [-WA]
LDT=0000 0000000000000000 0000ffff 00008200 DPL=0 LDT
TR =0048 000000001f5db058 00000067 00008900 DPL=0 TSS64-avl
GDT=     000000001f5db000 00000057
IDT=     000000001f090018 00000fff
CR0=80010033 CR2=0000000000000000 CR3=000000001f801000 CR4=00000668
DR0=0000000000000000 DR1=0000000000000000 DR2=0000000000000000 DR3=0000000000000000 
DR6=00000000ffff0ff0 DR7=0000000000000400
CCS=0000000000000000 CCD=0000000000000019 CCO=EFLAGS
EFER=0000000000000d00
Servicing hardware INT=0x20
   347: v=20 e=0000 i=0 cpl=0 IP=0038:000000001e84de69 pc=000000001e84de69 SP=0030:000000001fe8e610 env->regs[R_EAX]=0000000000000001
RAX=0000000000000001 RBX=00000000009c954f RCX=000000000000b008 RDX=00000000009c954e
RSI=000000001fe8e6df RDI=000000001e75f018 RBP=000000001fe8e640 RSP=000000001fe8e610
R8 =000000001e888798 R9 =000000000000b008 R10=0000000000000004 R11=000000001fea8360
R12=000000001e75f018 R13=000000001fe8e6df R14=000000001e760900 R15=0000000000000001
RIP=000000001e84de69 RFL=00000202 [-------] CPL=0 II=0 A20=1 SMM=0 HLT=0
ES =0030 0000000000000000 ffffffff 00cf9300 DPL=0 DS   [-WA]
CS =0038 0000000000000000 ffffffff 00af9a00 DPL=0 CS64 [-R-]
SS =0030 0000000000000000 ffffffff 00cf9300 DPL=0 DS   [-WA]
DS =0030 0000000000000000 ffffffff 00cf9300 DPL=0 DS   [-WA]
FS =0030 0000000000000000 ffffffff 00cf9300 DPL=0 DS   [-WA]
GS =0030 0000000000000000 ffffffff 00cf9300 DPL=0 DS   [-WA]
LDT=0000 0000000000000000 0000ffff 00008200 DPL=0 LDT
TR =0048 000000001f5db058 00000067 00008900 DPL=0 TSS64-avl
GDT=     000000001f5db000 00000057
IDT=     000000001f090018 00000fff
CR0=80010033 CR2=0000000000000000 CR3=000000001f801000 CR4=00000668
DR0=0000000000000000 DR1=0000000000000000 DR2=0000000000000000 DR3=0000000000000000 
DR6=00000000ffff0ff0 DR7=0000000000000400
CCS=0000000000000000 CCD=0000000000000001 CCO=EFLAGS
EFER=0000000000000d00
Servicing hardware INT=0x20
   348: v=20 e=0000 i=0 cpl=0 IP=0038:000000001e84de69 pc=000000001e84de69 SP=0030:000000001fe8e610 env->regs[R_EAX]=0000000000000002
RAX=0000000000000002 RBX=00000000009d215c RCX=000000000000b008 RDX=00000000009d215a
RSI=000000001fe8e6df RDI=000000001e75f018 RBP=000000001fe8e640 RSP=000000001fe8e610
R8 =000000001e888798 R9 =000000000000b008 R10=0000000000000004 R11=000000001fea8360
R12=000000001e75f018 R13=000000001fe8e6df R14=000000001e760900 R15=0000000000000001
RIP=000000001e84de69 RFL=00000202 [-------] CPL=0 II=0 A20=1 SMM=0 HLT=0
ES =0030 0000000000000000 ffffffff 00cf9300 DPL=0 DS   [-WA]
CS =0038 0000000000000000 ffffffff 00af9a00 DPL=0 CS64 [-R-]
SS =0030 0000000000000000 ffffffff 00cf9300 DPL=0 DS   [-WA]
DS =0030 0000000000000000 ffffffff 00cf9300 DPL=0 DS   [-WA]
FS =0030 0000000000000000 ffffffff 00cf9300 DPL=0 DS   [-WA]
GS =0030 0000000000000000 ffffffff 00cf9300 DPL=0 DS   [-WA]
LDT=0000 0000000000000000 0000ffff 00008200 DPL=0 LDT
TR =0048 000000001f5db058 00000067 00008900 DPL=0 TSS64-avl
GDT=     000000001f5db000 00000057
IDT=     000000001f090018 00000fff
CR0=80010033 CR2=0000000000000000 CR3=000000001f801000 CR4=00000668
DR0=0000000000000000 DR1=0000000000000000 DR2=0000000000000000 DR3=0000000000000000 
DR6=00000000ffff0ff0 DR7=0000000000000400
CCS=0000000000000000 CCD=0000000000000002 CCO=EFLAGS
EFER=0000000000000d00
Servicing hardware INT=0x20
   349: v=20 e=0000 i=0 cpl=0 IP=0038:000000001e84de69 pc=000000001e84de69 SP=0030:000000001fe8e610 env->regs[R_EAX]=0000000000000023
RAX=0000000000000023 RBX=00000000009dad46 RCX=000000000000b008 RDX=00000000009dad23
RSI=000000001fe8e6df RDI=000000001e75f018 RBP=000000001fe8e640 RSP=000000001fe8e610
R8 =000000001e888798 R9 =000000000000b008 R10=0000000000000004 R11=000000001fea8360
R12=000000001e75f018 R13=000000001fe8e6df R14=000000001e760900 R15=0000000000000001
RIP=000000001e84de69 RFL=00000202 [-------] CPL=0 II=0 A20=1 SMM=0 HLT=0
ES =0030 0000000000000000 ffffffff 00cf9300 DPL=0 DS   [-WA]
CS =0038 0000000000000000 ffffffff 00af9a00 DPL=0 CS64 [-R-]
SS =0030 0000000000000000 ffffffff 00cf9300 DPL=0 DS   [-WA]
DS =0030 0000000000000000 ffffffff 00cf9300 DPL=0 DS   [-WA]
FS =0030 0000000000000000 ffffffff 00cf9300 DPL=0 DS   [-WA]
GS =0030 0000000000000000 ffffffff 00cf9300 DPL=0 DS   [-WA]
LDT=0000 0000000000000000 0000ffff 00008200 DPL=0 LDT
TR =0048 000000001f5db058 00000067 00008900 DPL=0 TSS64-avl
GDT=     000000001f5db000 00000057
IDT=     000000001f090018 00000fff
CR0=80010033 CR2=0000000000000000 CR3=000000001f801000 CR4=00000668
DR0=0000000000000000 DR1=0000000000000000 DR2=0000000000000000 DR3=0000000000000000 
DR6=00000000ffff0ff0 DR7=0000000000000400
CCS=0000000000000000 CCD=0000000000000023 CCO=EFLAGS
EFER=0000000000000d00
Servicing hardware INT=0x20
   350: v=20 e=0000 i=0 cpl=0 IP=0038:000000001e84de69 pc=000000001e84de69 SP=0030:000000001fe8e610 env->regs[R_EAX]=000000000000004b
RAX=000000000000004b RBX=00000000009e3908 RCX=000000000000b008 RDX=00000000009e38bd
RSI=000000001fe8e6df RDI=000000001e75f018 RBP=000000001fe8e640 RSP=000000001fe8e610
R8 =000000001e888798 R9 =000000000000b008 R10=0000000000000004 R11=000000001fea8360
R12=000000001e75f018 R13=000000001fe8e6df R14=000000001e760900 R15=0000000000000001
RIP=000000001e84de69 RFL=00000206 [-----P-] CPL=0 II=0 A20=1 SMM=0 HLT=0
ES =0030 0000000000000000 ffffffff 00cf9300 DPL=0 DS   [-WA]
CS =0038 0000000000000000 ffffffff 00af9a00 DPL=0 CS64 [-R-]
SS =0030 0000000000000000 ffffffff 00cf9300 DPL=0 DS   [-WA]
DS =0030 0000000000000000 ffffffff 00cf9300 DPL=0 DS   [-WA]
FS =0030 0000000000000000 ffffffff 00cf9300 DPL=0 DS   [-WA]
GS =0030 0000000000000000 ffffffff 00cf9300 DPL=0 DS   [-WA]
LDT=0000 0000000000000000 0000ffff 00008200 DPL=0 LDT
TR =0048 000000001f5db058 00000067 00008900 DPL=0 TSS64-avl
GDT=     000000001f5db000 00000057
IDT=     000000001f090018 00000fff
CR0=80010033 CR2=0000000000000000 CR3=000000001f801000 CR4=00000668
DR0=0000000000000000 DR1=0000000000000000 DR2=0000000000000000 DR3=0000000000000000 
DR6=00000000ffff0ff0 DR7=0000000000000400
CCS=0000000000000004 CCD=000000000000004b CCO=EFLAGS
EFER=0000000000000d00
Servicing hardware INT=0x20
   351: v=20 e=0000 i=0 cpl=0 IP=0038:000000001e84e359 pc=000000001e84e359 SP=0030:000000001fe8e4a0 env->regs[R_EAX]=8000000000000006
RAX=8000000000000006 RBX=000000001e75f018 RCX=0000000000000000 RDX=0000000000000000
RSI=0000000000000000 RDI=000000001e75f098 RBP=000000001fe8e530 RSP=000000001fe8e4a0
R8 =0000000000000001 R9 =000000001fe8e4e1 R10=000000001fe8e4e1 R11=000000001e762188
R12=000000001e761e98 R13=0000000000000010 R14=0000000000000010 R15=000000001feb2ac0
RIP=000000001e84e359 RFL=00000297 [--S-APC] CPL=0 II=0 A20=1 SMM=0 HLT=0
ES =0030 0000000000000000 ffffffff 00cf9300 DPL=0 DS   [-WA]
CS =0038 0000000000000000 ffffffff 00af9a00 DPL=0 CS64 [-R-]
SS =0030 0000000000000000 ffffffff 00cf9300 DPL=0 DS   [-WA]
DS =0030 0000000000000000 ffffffff 00cf9300 DPL=0 DS   [-WA]
FS =0030 0000000000000000 ffffffff 00cf9300 DPL=0 DS   [-WA]
GS =0030 0000000000000000 ffffffff 00cf9300 DPL=0 DS   [-WA]
LDT=0000 0000000000000000 0000ffff 00008200 DPL=0 LDT
TR =0048 000000001f5db058 00000067 00008900 DPL=0 TSS64-avl
GDT=     000000001f5db000 00000057
IDT=     000000001f090018 00000fff
CR0=80010033 CR2=0000000000000000 CR3=000000001f801000 CR4=00000668
DR0=0000000000000000 DR1=0000000000000000 DR2=0000000000000000 DR3=0000000000000000 
DR6=00000000ffff0ff0 DR7=0000000000000400
CCS=0000000000000095 CCD=ffffffffffffffff CCO=EFLAGS
EFER=0000000000000d00
Servicing hardware INT=0x20
   352: v=20 e=0000 i=0 cpl=0 IP=0038:000000001f6e979e pc=000000001f6e979e SP=0030:000000001fe8e4f0 env->regs[R_EAX]=0000000000000000
RAX=0000000000000000 RBX=00000000ffc03211 RCX=0000000000000101 RDX=0000000000000000
RSI=0000000000000000 RDI=00000000ffc03211 RBP=000000001fe8e520 RSP=000000001fe8e4f0
R8 =000000000000020c R9 =000000001fe8e5e8 R10=000000001e761818 R11=000000001f6e9834
R12=000000001e9bf018 R13=0000000000000000 R14=0000000000000006 R15=000000001fe8e5e8
RIP=000000001f6e979e RFL=00000246 [---Z-P-] CPL=0 II=0 A20=1 SMM=0 HLT=0
ES =0030 0000000000000000 ffffffff 00cf9300 DPL=0 DS   [-WA]
CS =0038 0000000000000000 ffffffff 00af9a00 DPL=0 CS64 [-R-]
SS =0030 0000000000000000 ffffffff 00cf9300 DPL=0 DS   [-WA]
DS =0030 0000000000000000 ffffffff 00cf9300 DPL=0 DS   [-WA]
FS =0030 0000000000000000 ffffffff 00cf9300 DPL=0 DS   [-WA]
GS =0030 0000000000000000 ffffffff 00cf9300 DPL=0 DS   [-WA]
LDT=0000 0000000000000000 0000ffff 00008200 DPL=0 LDT
TR =0048 000000001f5db058 00000067 00008900 DPL=0 TSS64-avl
GDT=     000000001f5db000 00000057
IDT=     000000001f090018 00000fff
CR0=80010033 CR2=0000000000000000 CR3=000000001f801000 CR4=00000668
DR0=0000000000000000 DR1=0000000000000000 DR2=0000000000000000 DR3=0000000000000000 
DR6=00000000ffff0ff0 DR7=0000000000000400
CCS=0000000000000044 CCD=0000000000000000 CCO=EFLAGS
EFER=0000000000000d00
Servicing hardware INT=0x20
   353: v=20 e=0000 i=0 cpl=0 IP=0038:000000001f6e979e pc=000000001f6e979e SP=0030:000000001fe8e4f0 env->regs[R_EAX]=0000000000000000
RAX=0000000000000000 RBX=00000000ffc0320e RCX=0000000000000101 RDX=0000000000000000
RSI=0000000000000010 RDI=00000000ffc0320e RBP=000000001fe8e520 RSP=000000001fe8e4f0
R8 =000000000000020e R9 =000000001fe8e5e8 R10=000000001e761818 R11=000000001f6e9834
R12=000000001e9bf01a R13=0000000000000010 R14=0000000000000000 R15=000000001fe8e5e8
RIP=000000001f6e979e RFL=00000246 [---Z-P-] CPL=0 II=0 A20=1 SMM=0 HLT=0
ES =0030 0000000000000000 ffffffff 00cf9300 DPL=0 DS   [-WA]
CS =0038 0000000000000000 ffffffff 00af9a00 DPL=0 CS64 [-R-]
SS =0030 0000000000000000 ffffffff 00cf9300 DPL=0 DS   [-WA]
DS =0030 0000000000000000 ffffffff 00cf9300 DPL=0 DS   [-WA]
FS =0030 0000000000000000 ffffffff 00cf9300 DPL=0 DS   [-WA]
GS =0030 0000000000000000 ffffffff 00cf9300 DPL=0 DS   [-WA]
LDT=0000 0000000000000000 0000ffff 00008200 DPL=0 LDT
TR =0048 000000001f5db058 00000067 00008900 DPL=0 TSS64-avl
GDT=     000000001f5db000 00000057
IDT=     000000001f090018 00000fff
CR0=80010033 CR2=0000000000000000 CR3=000000001f801000 CR4=00000668
DR0=0000000000000000 DR1=0000000000000000 DR2=0000000000000000 DR3=0000000000000000 
DR6=00000000ffff0ff0 DR7=0000000000000400
CCS=0000000000000044 CCD=0000000000000000 CCO=EFLAGS
EFER=0000000000000d00
Servicing hardware INT=0x20
   354: v=20 e=0000 i=0 cpl=0 IP=0038:000000001f6e979e pc=000000001f6e979e SP=0030:000000001fe8e4f0 env->regs[R_EAX]=0000000000000000
RAX=0000000000000000 RBX=00000000ffc02a76 RCX=0000000000000101 RDX=0000000000000000
RSI=000000000000003c RDI=00000000ffc02a76 RBP=000000001fe8e520 RSP=000000001fe8e4f0
R8 =0000000000000a76 R9 =000000001fe8e5e8 R10=000000001e761818 R11=000000001f6e9834
R12=000000001fe8e687 R13=000000000000003c R14=0000000000000001 R15=000000001fe8e5e8
RIP=000000001f6e979e RFL=00000246 [---Z-P-] CPL=0 II=0 A20=1 SMM=0 HLT=0
ES =0030 0000000000000000 ffffffff 00cf9300 DPL=0 DS   [-WA]
CS =0038 0000000000000000 ffffffff 00af9a00 DPL=0 CS64 [-R-]
SS =0030 0000000000000000 ffffffff 00cf9300 DPL=0 DS   [-WA]
DS =0030 0000000000000000 ffffffff 00cf9300 DPL=0 DS   [-WA]
FS =0030 0000000000000000 ffffffff 00cf9300 DPL=0 DS   [-WA]
GS =0030 0000000000000000 ffffffff 00cf9300 DPL=0 DS   [-WA]
LDT=0000 0000000000000000 0000ffff 00008200 DPL=0 LDT
TR =0048 000000001f5db058 00000067 00008900 DPL=0 TSS64-avl
GDT=     000000001f5db000 00000057
IDT=     000000001f090018 00000fff
CR0=80010033 CR2=0000000000000000 CR3=000000001f801000 CR4=00000668
DR0=0000000000000000 DR1=0000000000000000 DR2=0000000000000000 DR3=0000000000000000 
DR6=00000000ffff0ff0 DR7=0000000000000400
CCS=0000000000000044 CCD=0000000000000000 CCO=EFLAGS
EFER=0000000000000d00
Servicing hardware INT=0x20
   355: v=20 e=0000 i=0 cpl=0 IP=0038:000000001f6e979e pc=000000001f6e979e SP=0030:000000001fe8e4f0 env->regs[R_EAX]=0000000000000000
RAX=0000000000000000 RBX=00000000ffc03312 RCX=0000000000000101 RDX=0000000000000000
RSI=0000000000000010 RDI=00000000ffc03312 RBP=000000001fe8e520 RSP=000000001fe8e4f0
R8 =0000000000000312 R9 =000000001fe8e5e8 R10=000000001e761698 R11=000000001f6e9834
R12=000000001e9bf01a R13=0000000000000010 R14=0000000000000000 R15=000000001fe8e5e8
RIP=000000001f6e979e RFL=00000246 [---Z-P-] CPL=0 II=0 A20=1 SMM=0 HLT=0
ES =0030 0000000000000000 ffffffff 00cf9300 DPL=0 DS   [-WA]
CS =0038 0000000000000000 ffffffff 00af9a00 DPL=0 CS64 [-R-]
SS =0030 0000000000000000 ffffffff 00cf9300 DPL=0 DS   [-WA]
DS =0030 0000000000000000 ffffffff 00cf9300 DPL=0 DS   [-WA]
FS =0030 0000000000000000 ffffffff 00cf9300 DPL=0 DS   [-WA]
GS =0030 0000000000000000 ffffffff 00cf9300 DPL=0 DS   [-WA]
LDT=0000 0000000000000000 0000ffff 00008200 DPL=0 LDT
TR =0048 000000001f5db058 00000067 00008900 DPL=0 TSS64-avl
GDT=     000000001f5db000 00000057
IDT=     000000001f090018 00000fff
CR0=80010033 CR2=0000000000000000 CR3=000000001f801000 CR4=00000668
DR0=0000000000000000 DR1=0000000000000000 DR2=0000000000000000 DR3=0000000000000000 
DR6=00000000ffff0ff0 DR7=0000000000000400
CCS=0000000000000044 CCD=0000000000000000 CCO=EFLAGS
EFER=0000000000000d00
Servicing hardware INT=0x20
   356: v=20 e=0000 i=0 cpl=0 IP=0038:000000001f6d995a pc=000000001f6d995a SP=0030:000000001fe8e610 env->regs[R_EAX]=00000000000000ff
RAX=00000000000000ff RBX=0000000000000007 RCX=0000000000020001 RDX=000000001e9bf018
RSI=000000001f58807c RDI=000000001e9df017 RBP=000000001fe8e6e0 RSP=000000001fe8e610
R8 =00000000000000ff R9 =0000000000000000 R10=000000001e761998 R11=0000000000000008
R12=000000001fe8e730 R13=000000001e9bf018 R14=0000000000000000 R15=000000001fe8e688
RIP=000000001f6d995a RFL=00010206 [-----P-] CPL=0 II=0 A20=1 SMM=0 HLT=0
ES =0030 0000000000000000 ffffffff 00cf9300 DPL=0 DS   [-WA]
CS =0038 0000000000000000 ffffffff 00af9a00 DPL=0 CS64 [-R-]
SS =0030 0000000000000000 ffffffff 00cf9300 DPL=0 DS   [-WA]
DS =0030 0000000000000000 ffffffff 00cf9300 DPL=0 DS   [-WA]
FS =0030 0000000000000000 ffffffff 00cf9300 DPL=0 DS   [-WA]
GS =0030 0000000000000000 ffffffff 00cf9300 DPL=0 DS   [-WA]
LDT=0000 0000000000000000 0000ffff 00008200 DPL=0 LDT
TR =0048 000000001f5db058 00000067 00008900 DPL=0 TSS64-avl
GDT=     000000001f5db000 00000057
IDT=     000000001f090018 00000fff
CR0=80010033 CR2=0000000000000000 CR3=000000001f801000 CR4=00000668
DR0=0000000000000000 DR1=0000000000000000 DR2=0000000000000000 DR3=0000000000000000 
DR6=00000000ffff0ff0 DR7=0000000000000400
CCS=0000000000000004 CCD=0000000000040000 CCO=EFLAGS
EFER=0000000000000d00
Servicing hardware INT=0x20
   357: v=20 e=0000 i=0 cpl=0 IP=0038:000000001f6e979e pc=000000001f6e979e SP=0030:000000001fe8e4f0 env->regs[R_EAX]=0000000000000000
RAX=0000000000000000 RBX=00000000ffc03440 RCX=0000000000000101 RDX=0000000000000000
RSI=0000000000000000 RDI=00000000ffc03440 RBP=000000001fe8e520 RSP=000000001fe8e4f0
R8 =00000000000003d4 R9 =000000001fe8e5e8 R10=000000001e761998 R11=000000001f6e9834
R12=000000001e9bf018 R13=0000000000000000 R14=000000000000006d R15=000000001fe8e5e8
RIP=000000001f6e979e RFL=00000246 [---Z-P-] CPL=0 II=0 A20=1 SMM=0 HLT=0
ES =0030 0000000000000000 ffffffff 00cf9300 DPL=0 DS   [-WA]
CS =0038 0000000000000000 ffffffff 00af9a00 DPL=0 CS64 [-R-]
SS =0030 0000000000000000 ffffffff 00cf9300 DPL=0 DS   [-WA]
DS =0030 0000000000000000 ffffffff 00cf9300 DPL=0 DS   [-WA]
FS =0030 0000000000000000 ffffffff 00cf9300 DPL=0 DS   [-WA]
GS =0030 0000000000000000 ffffffff 00cf9300 DPL=0 DS   [-WA]
LDT=0000 0000000000000000 0000ffff 00008200 DPL=0 LDT
TR =0048 000000001f5db058 00000067 00008900 DPL=0 TSS64-avl
GDT=     000000001f5db000 00000057
IDT=     000000001f090018 00000fff
CR0=80010033 CR2=0000000000000000 CR3=000000001f801000 CR4=00000668
DR0=0000000000000000 DR1=0000000000000000 DR2=0000000000000000 DR3=0000000000000000 
DR6=00000000ffff0ff0 DR7=0000000000000400
CCS=0000000000000044 CCD=0000000000000000 CCO=EFLAGS
EFER=0000000000000d00
Servicing hardware INT=0x20
   358: v=20 e=0000 i=0 cpl=0 IP=0038:000000001f6e979e pc=000000001f6e979e SP=0030:000000001fe8e4f0 env->regs[R_EAX]=0000000000000000
RAX=0000000000000000 RBX=00000000ffc02cfe RCX=0000000000000101 RDX=0000000000000000
RSI=00000000000000ff RDI=00000000ffc02cfe RBP=000000001fe8e520 RSP=000000001fe8e4f0
R8 =0000000000000cfe R9 =000000001fe8e5e8 R10=000000001e761998 R11=000000001f6e9834
R12=000000001fe8e687 R13=00000000000000ff R14=0000000000000001 R15=000000001fe8e5e8
RIP=000000001f6e979e RFL=00000246 [---Z-P-] CPL=0 II=0 A20=1 SMM=0 HLT=0
ES =0030 0000000000000000 ffffffff 00cf9300 DPL=0 DS   [-WA]
CS =0038 0000000000000000 ffffffff 00af9a00 DPL=0 CS64 [-R-]
SS =0030 0000000000000000 ffffffff 00cf9300 DPL=0 DS   [-WA]
DS =0030 0000000000000000 ffffffff 00cf9300 DPL=0 DS   [-WA]
FS =0030 0000000000000000 ffffffff 00cf9300 DPL=0 DS   [-WA]
GS =0030 0000000000000000 ffffffff 00cf9300 DPL=0 DS   [-WA]
LDT=0000 0000000000000000 0000ffff 00008200 DPL=0 LDT
TR =0048 000000001f5db058 00000067 00008900 DPL=0 TSS64-avl
GDT=     000000001f5db000 00000057
IDT=     000000001f090018 00000fff
CR0=80010033 CR2=0000000000000000 CR3=000000001f801000 CR4=00000668
DR0=0000000000000000 DR1=0000000000000000 DR2=0000000000000000 DR3=0000000000000000 
DR6=00000000ffff0ff0 DR7=0000000000000400
CCS=0000000000000044 CCD=0000000000000000 CCO=EFLAGS
EFER=0000000000000d00
Servicing hardware INT=0x20
   359: v=20 e=0000 i=0 cpl=0 IP=0038:000000001f6e979e pc=000000001f6e979e SP=0030:000000001fe8e4f0 env->regs[R_EAX]=0000000000000000
RAX=0000000000000000 RBX=00000000ffc03512 RCX=0000000000000101 RDX=0000000000000000
RSI=0000000000000013 RDI=00000000ffc03512 RBP=000000001fe8e520 RSP=000000001fe8e4f0
R8 =00000000000004a8 R9 =000000001fe8e5e8 R10=000000001e761798 R11=000000001f6e9834
R12=000000001e9bf018 R13=0000000000000013 R14=000000000000006b R15=000000001fe8e5e8
RIP=000000001f6e979e RFL=00000246 [---Z-P-] CPL=0 II=0 A20=1 SMM=0 HLT=0
ES =0030 0000000000000000 ffffffff 00cf9300 DPL=0 DS   [-WA]
CS =0038 0000000000000000 ffffffff 00af9a00 DPL=0 CS64 [-R-]
SS =0030 0000000000000000 ffffffff 00cf9300 DPL=0 DS   [-WA]
DS =0030 0000000000000000 ffffffff 00cf9300 DPL=0 DS   [-WA]
FS =0030 0000000000000000 ffffffff 00cf9300 DPL=0 DS   [-WA]
GS =0030 0000000000000000 ffffffff 00cf9300 DPL=0 DS   [-WA]
LDT=0000 0000000000000000 0000ffff 00008200 DPL=0 LDT
TR =0048 000000001f5db058 00000067 00008900 DPL=0 TSS64-avl
GDT=     000000001f5db000 00000057
IDT=     000000001f090018 00000fff
CR0=80010033 CR2=0000000000000000 CR3=000000001f801000 CR4=00000668
DR0=0000000000000000 DR1=0000000000000000 DR2=0000000000000000 DR3=0000000000000000 
DR6=00000000ffff0ff0 DR7=0000000000000400
CCS=0000000000000044 CCD=0000000000000000 CCO=EFLAGS
EFER=0000000000000d00
Servicing hardware INT=0x20
   360: v=20 e=0000 i=0 cpl=0 IP=0038:000000001f6e9700 pc=000000001f6e9700 SP=0030:000000001fe8e4d0 env->regs[R_EAX]=0000000000000000
RAX=0000000000000000 RBX=00000000ffc034aa RCX=0000000000000101 RDX=0000000000000000
RSI=0000000000000010 RDI=00000000ffc034aa RBP=000000001fe8e520 RSP=000000001fe8e4d0
R8 =00000000000004aa R9 =000000001fe8e5e8 R10=000000001e761798 R11=000000001f6e9834
R12=000000001e9bf01a R13=0000000000000010 R14=0000000000000000 R15=000000001fe8e5e8
RIP=000000001f6e9700 RFL=00000206 [-----P-] CPL=0 II=0 A20=1 SMM=0 HLT=0
ES =0030 0000000000000000 ffffffff 00cf9300 DPL=0 DS   [-WA]
CS =0038 0000000000000000 ffffffff 00af9a00 DPL=0 CS64 [-R-]
SS =0030 0000000000000000 ffffffff 00cf9300 DPL=0 DS   [-WA]
DS =0030 0000000000000000 ffffffff 00cf9300 DPL=0 DS   [-WA]
FS =0030 0000000000000000 ffffffff 00cf9300 DPL=0 DS   [-WA]
GS =0030 0000000000000000 ffffffff 00cf9300 DPL=0 DS   [-WA]
LDT=0000 0000000000000000 0000ffff 00008200 DPL=0 LDT
TR =0048 000000001f5db058 00000067 00008900 DPL=0 TSS64-avl
GDT=     000000001f5db000 00000057
IDT=     000000001f090018 00000fff
CR0=80010033 CR2=0000000000000000 CR3=000000001f801000 CR4=00000668
DR0=0000000000000000 DR1=0000000000000000 DR2=0000000000000000 DR3=0000000000000000 
DR6=00000000ffff0ff0 DR7=0000000000000400
CCS=0000000000000004 CCD=000000001fe8e4b8 CCO=EFLAGS
EFER=0000000000000d00
Servicing hardware INT=0x20
   361: v=20 e=0000 i=0 cpl=0 IP=0038:000000001fea5bcc pc=000000001fea5bcc SP=0030:000000001fe8e780 env->regs[R_EAX]=00000000000000af
RAX=00000000000000af RBX=000000001e749000 RCX=0000000000000000 RDX=000000001e749018
RSI=000000001e7ba000 RDI=000000001e753f00 RBP=000000001fe8e7f0 RSP=000000001fe8e780
R8 =00000000000000af R9 =000000000000b000 R10=0000000000000500 R11=000000001fea8360
R12=000000001e749018 R13=000000000000af10 R14=000000000000000b R15=0000000000000000
RIP=000000001fea5bcc RFL=00000206 [-----P-] CPL=0 II=0 A20=1 SMM=0 HLT=0
ES =0030 0000000000000000 ffffffff 00cf9300 DPL=0 DS   [-WA]
CS =0038 0000000000000000 ffffffff 00af9a00 DPL=0 CS64 [-R-]
SS =0030 0000000000000000 ffffffff 00cf9300 DPL=0 DS   [-WA]
DS =0030 0000000000000000 ffffffff 00cf9300 DPL=0 DS   [-WA]
FS =0030 0000000000000000 ffffffff 00cf9300 DPL=0 DS   [-WA]
GS =0030 0000000000000000 ffffffff 00cf9300 DPL=0 DS   [-WA]
LDT=0000 0000000000000000 0000ffff 00008200 DPL=0 LDT
TR =0048 000000001f5db058 00000067 00008900 DPL=0 TSS64-avl
GDT=     000000001f5db000 00000057
IDT=     000000001f090018 00000fff
CR0=80010033 CR2=0000000000000000 CR3=000000001f801000 CR4=00000668
DR0=0000000000000000 DR1=0000000000000000 DR2=0000000000000000 DR3=0000000000000000 
DR6=00000000ffff0ff0 DR7=0000000000000400
CCS=0000000000000004 CCD=000000000000aee8 CCO=EFLAGS
EFER=0000000000000d00
Servicing hardware INT=0x20
   362: v=20 e=0000 i=0 cpl=0 IP=0038:000000001fe94346 pc=000000001fe94346 SP=0030:000000001fe8e590 env->regs[R_EAX]=000000001e8f6020
RAX=000000001e8f6020 RBX=0000000000000000 RCX=0000000000000000 RDX=0000000000000000
RSI=000000001e8f7cd8 RDI=000000001e8f8798 RBP=000000001fe8e600 RSP=000000001fe8e590
R8 =000000001fe8e688 R9 =000000001f4ecb18 R10=0000000000000000 R11=000000001e75ef88
R12=0000000000000001 R13=000000001f4ecb18 R14=000000001fe8e688 R15=000000001e8f7c98
RIP=000000001fe94346 RFL=00000246 [---Z-P-] CPL=0 II=0 A20=1 SMM=0 HLT=0
ES =0030 0000000000000000 ffffffff 00cf9300 DPL=0 DS   [-WA]
CS =0038 0000000000000000 ffffffff 00af9a00 DPL=0 CS64 [-R-]
SS =0030 0000000000000000 ffffffff 00cf9300 DPL=0 DS   [-WA]
DS =0030 0000000000000000 ffffffff 00cf9300 DPL=0 DS   [-WA]
FS =0030 0000000000000000 ffffffff 00cf9300 DPL=0 DS   [-WA]
GS =0030 0000000000000000 ffffffff 00cf9300 DPL=0 DS   [-WA]
LDT=0000 0000000000000000 0000ffff 00008200 DPL=0 LDT
TR =0048 000000001f5db058 00000067 00008900 DPL=0 TSS64-avl
GDT=     000000001f5db000 00000057
IDT=     000000001f090018 00000fff
CR0=80010033 CR2=0000000000000000 CR3=000000001f801000 CR4=00000668
DR0=0000000000000000 DR1=0000000000000000 DR2=0000000000000000 DR3=0000000000000000 
DR6=00000000ffff0ff0 DR7=0000000000000400
CCS=0000000000000044 CCD=0000000000000000 CCO=EFLAGS
EFER=0000000000000d00
Servicing hardware INT=0x20
   363: v=20 e=0000 i=0 cpl=0 IP=0038:000000001fe8f439 pc=000000001fe8f439 SP=0030:000000001fe8e678 env->regs[R_EAX]=000000001e7ff698
RAX=000000001e7ff698 RBX=000000001e7ff698 RCX=000000001e7cec18 RDX=000000001e7ff618
RSI=000000001f4ec018 RDI=000000001e7cec18 RBP=000000001fe8e6c0 RSP=000000001fe8e678
R8 =000000001fe8e7f8 R9 =000000001f4ecb18 R10=000000000000000b R11=000000001e761703
R12=0000000000000001 R13=000000001f4ecb18 R14=000000001fe8e7f8 R15=000000001e8f3050
RIP=000000001fe8f439 RFL=00000202 [-------] CPL=0 II=0 A20=1 SMM=0 HLT=0
ES =0030 0000000000000000 ffffffff 00cf9300 DPL=0 DS   [-WA]
CS =0038 0000000000000000 ffffffff 00af9a00 DPL=0 CS64 [-R-]
SS =0030 0000000000000000 ffffffff 00cf9300 DPL=0 DS   [-WA]
DS =0030 0000000000000000 ffffffff 00cf9300 DPL=0 DS   [-WA]
FS =0030 0000000000000000 ffffffff 00cf9300 DPL=0 DS   [-WA]
GS =0030 0000000000000000 ffffffff 00cf9300 DPL=0 DS   [-WA]
LDT=0000 0000000000000000 0000ffff 00008200 DPL=0 LDT
TR =0048 000000001f5db058 00000067 00008900 DPL=0 TSS64-avl
GDT=     000000001f5db000 00000057
IDT=     000000001f090018 00000fff
CR0=80010033 CR2=0000000000000000 CR3=000000001f801000 CR4=00000668
DR0=0000000000000000 DR1=0000000000000000 DR2=0000000000000000 DR3=0000000000000000 
DR6=00000000ffff0ff0 DR7=0000000000000400
CCS=0000000000000000 CCD=000000001e7ff698 CCO=EFLAGS
EFER=0000000000000d00
Servicing hardware INT=0x20
   364: v=20 e=0000 i=0 cpl=0 IP=0038:000000001fe94717 pc=000000001fe94717 SP=0030:000000001fe8e7c0 env->regs[R_EAX]=0000000000000000
RAX=0000000000000000 RBX=000000000000002c RCX=000000001e75ed18 RDX=0000000000000021
RSI=000000001e7e2ee0 RDI=0000000000000021 RBP=000000001fe8e810 RSP=000000001fe8e7c0
R8 =0000000000000001 R9 =000000001f4ecb18 R10=000000001e75ed18 R11=000000000000002c
R12=000000001e762498 R13=000000001e801a98 R14=000000001fe8e8b8 R15=0000000000000000
RIP=000000001fe94717 RFL=00000297 [--S-APC] CPL=0 II=0 A20=1 SMM=0 HLT=0
ES =0030 0000000000000000 ffffffff 00cf9300 DPL=0 DS   [-WA]
CS =0038 0000000000000000 ffffffff 00af9a00 DPL=0 CS64 [-R-]
SS =0030 0000000000000000 ffffffff 00cf9300 DPL=0 DS   [-WA]
DS =0030 0000000000000000 ffffffff 00cf9300 DPL=0 DS   [-WA]
FS =0030 0000000000000000 ffffffff 00cf9300 DPL=0 DS   [-WA]
GS =0030 0000000000000000 ffffffff 00cf9300 DPL=0 DS   [-WA]
LDT=0000 0000000000000000 0000ffff 00008200 DPL=0 LDT
TR =0048 000000001f5db058 00000067 00008900 DPL=0 TSS64-avl
GDT=     000000001f5db000 00000057
IDT=     000000001f090018 00000fff
CR0=80010033 CR2=0000000000000000 CR3=000000001f801000 CR4=00000668
DR0=0000000000000000 DR1=0000000000000000 DR2=0000000000000000 DR3=0000000000000000 
DR6=00000000ffff0ff0 DR7=0000000000000400
CCS=0000000000000095 CCD=ffffffffffffffd4 CCO=EFLAGS
EFER=0000000000000d00
Servicing hardware INT=0x20
   365: v=20 e=0000 i=0 cpl=0 IP=0038:000000001fe9e402 pc=000000001fe9e402 SP=0030:000000001fe8e680 env->regs[R_EAX]=0000000000000000
RAX=0000000000000000 RBX=0000000000000004 RCX=0000000000000004 RDX=000000001e879700
RSI=000000001e879750 RDI=000000001fea8600 RBP=000000001fe8e6f0 RSP=000000001fe8e680
R8 =000000001fe8e7e8 R9 =000000001e89d098 R10=000000001e75ed18 R11=000000000000002c
R12=0000000000000010 R13=000000001e89d098 R14=000000001fe8e7e8 R15=000000001feb2ac0
RIP=000000001fe9e402 RFL=00000246 [---Z-P-] CPL=0 II=0 A20=1 SMM=0 HLT=0
ES =0030 0000000000000000 ffffffff 00cf9300 DPL=0 DS   [-WA]
CS =0038 0000000000000000 ffffffff 00af9a00 DPL=0 CS64 [-R-]
SS =0030 0000000000000000 ffffffff 00cf9300 DPL=0 DS   [-WA]
DS =0030 0000000000000000 ffffffff 00cf9300 DPL=0 DS   [-WA]
FS =0030 0000000000000000 ffffffff 00cf9300 DPL=0 DS   [-WA]
GS =0030 0000000000000000 ffffffff 00cf9300 DPL=0 DS   [-WA]
LDT=0000 0000000000000000 0000ffff 00008200 DPL=0 LDT
TR =0048 000000001f5db058 00000067 00008900 DPL=0 TSS64-avl
GDT=     000000001f5db000 00000057
IDT=     000000001f090018 00000fff
CR0=80010033 CR2=0000000000000000 CR3=000000001f801000 CR4=00000668
DR0=0000000000000000 DR1=0000000000000000 DR2=0000000000000000 DR3=0000000000000000 
DR6=00000000ffff0ff0 DR7=0000000000000400
CCS=0000000000000044 CCD=0000000000000000 CCO=EFLAGS
EFER=0000000000000d00
Servicing hardware INT=0x20
   366: v=20 e=0000 i=0 cpl=0 IP=0038:000000001fe8fcba pc=000000001fe8fcba SP=0030:000000001fe8e7b8 env->regs[R_EAX]=0000000000000004
RAX=0000000000000004 RBX=000000000000002c RCX=0000000000000010 RDX=000000001e762498
RSI=000000001fe8e8b8 RDI=000000001e7f1998 RBP=000000001fe8e810 RSP=000000001fe8e7b8
R8 =000000001e75ed18 R9 =0000000000000000 R10=000000001e762498 R11=000000000000002c
R12=000000001e75ed18 R13=000000001e7f1998 R14=000000001fe8e8b8 R15=0000000000000000
RIP=000000001fe8fcba RFL=00000206 [-----P-] CPL=0 II=0 A20=1 SMM=0 HLT=0
ES =0030 0000000000000000 ffffffff 00cf9300 DPL=0 DS   [-WA]
CS =0038 0000000000000000 ffffffff 00af9a00 DPL=0 CS64 [-R-]
SS =0030 0000000000000000 ffffffff 00cf9300 DPL=0 DS   [-WA]
DS =0030 0000000000000000 ffffffff 00cf9300 DPL=0 DS   [-WA]
FS =0030 0000000000000000 ffffffff 00cf9300 DPL=0 DS   [-WA]
GS =0030 0000000000000000 ffffffff 00cf9300 DPL=0 DS   [-WA]
LDT=0000 0000000000000000 0000ffff 00008200 DPL=0 LDT
TR =0048 000000001f5db058 00000067 00008900 DPL=0 TSS64-avl
GDT=     000000001f5db000 00000057
IDT=     000000001f090018 00000fff
CR0=80010033 CR2=0000000000000000 CR3=000000001f801000 CR4=00000668
DR0=0000000000000000 DR1=0000000000000000 DR2=0000000000000000 DR3=0000000000000000 
DR6=00000000ffff0ff0 DR7=0000000000000400
CCS=0000000000000004 CCD=000000001fe8e7a0 CCO=EFLAGS
EFER=0000000000000d00
Servicing hardware INT=0x20
   367: v=20 e=0000 i=0 cpl=0 IP=0038:000000001fe8fcd6 pc=000000001fe8fcd6 SP=0030:000000001fe8e790 env->regs[R_EAX]=000000001e8f5c98
RAX=000000001e8f5c98 RBX=000000000000002c RCX=000000001e8f5c18 RDX=000000001e8f5c18
RSI=000000001fe8e8b8 RDI=000000001e8f5c18 RBP=000000001fe8e7b0 RSP=000000001fe8e790
R8 =000000001e762498 R9 =0000000000000000 R10=000000001e75ed18 R11=000000000000002c
R12=000000001e762498 R13=000000001e8f5c18 R14=000000001fe8e8b8 R15=0000000000000000
RIP=000000001fe8fcd6 RFL=00000202 [-------] CPL=0 II=0 A20=1 SMM=0 HLT=0
ES =0030 0000000000000000 ffffffff 00cf9300 DPL=0 DS   [-WA]
CS =0038 0000000000000000 ffffffff 00af9a00 DPL=0 CS64 [-R-]
SS =0030 0000000000000000 ffffffff 00cf9300 DPL=0 DS   [-WA]
DS =0030 0000000000000000 ffffffff 00cf9300 DPL=0 DS   [-WA]
FS =0030 0000000000000000 ffffffff 00cf9300 DPL=0 DS   [-WA]
GS =0030 0000000000000000 ffffffff 00cf9300 DPL=0 DS   [-WA]
LDT=0000 0000000000000000 0000ffff 00008200 DPL=0 LDT
TR =0048 000000001f5db058 00000067 00008900 DPL=0 TSS64-avl
GDT=     000000001f5db000 00000057
IDT=     000000001f090018 00000fff
CR0=80010033 CR2=0000000000000000 CR3=000000001f801000 CR4=00000668
DR0=0000000000000000 DR1=0000000000000000 DR2=0000000000000000 DR3=0000000000000000 
DR6=00000000ffff0ff0 DR7=0000000000000400
CCS=0000000000000000 CCD=000000001fe8e768 CCO=EFLAGS
EFER=0000000000000d00
Servicing hardware INT=0x20
   368: v=20 e=0000 i=0 cpl=0 IP=0038:000000001fe94c61 pc=000000001fe94c61 SP=0030:000000001fe8e820 env->regs[R_EAX]=000000000000001a
RAX=000000000000001a RBX=0000000000000000 RCX=0000000000000001 RDX=0000000000000002
RSI=000000001e8d7ce0 RDI=000000000000002b RBP=000000001fe8e900 RSP=000000001fe8e820
R8 =0000000000000010 R9 =000000000000000a R10=000000001e75ed18 R11=000000000000002c
R12=0000000000000000 R13=000000001e75ed18 R14=000000000000002c R15=0000000000000001
RIP=000000001fe94c61 RFL=00000216 [----AP-] CPL=0 II=0 A20=1 SMM=0 HLT=0
ES =0030 0000000000000000 ffffffff 00cf9300 DPL=0 DS   [-WA]
CS =0038 0000000000000000 ffffffff 00af9a00 DPL=0 CS64 [-R-]
SS =0030 0000000000000000 ffffffff 00cf9300 DPL=0 DS   [-WA]
DS =0030 0000000000000000 ffffffff 00cf9300 DPL=0 DS   [-WA]
FS =0030 0000000000000000 ffffffff 00cf9300 DPL=0 DS   [-WA]
GS =0030 0000000000000000 ffffffff 00cf9300 DPL=0 DS   [-WA]
LDT=0000 0000000000000000 0000ffff 00008200 DPL=0 LDT
TR =0048 000000001f5db058 00000067 00008900 DPL=0 TSS64-avl
GDT=     000000001f5db000 00000057
IDT=     000000001f090018 00000fff
CR0=80010033 CR2=0000000000000000 CR3=000000001f801000 CR4=00000668
DR0=0000000000000000 DR1=0000000000000000 DR2=0000000000000000 DR3=0000000000000000 
DR6=00000000ffff0ff0 DR7=0000000000000400
CCS=0000000000000014 CCD=0000000000000006 CCO=EFLAGS
EFER=0000000000000d00
Servicing hardware INT=0x20
   369: v=20 e=0000 i=0 cpl=0 IP=0038:000000001e88c8ca pc=000000001e88c8ca SP=0030:000000001fe8e3f0 env->regs[R_EAX]=0000000000000000
RAX=0000000000000000 RBX=000000001e88dcde RCX=000000001e75ed98 RDX=0000000000000000
RSI=000000001e76a718 RDI=0000000000000000 RBP=000000001fe8e460 RSP=000000001fe8e3f0
R8 =0000000000000049 R9 =000000001e75e960 R10=0000000000000045 R11=000000001e75e918
R12=0000000000000000 R13=000000001e75ee18 R14=000000001e75e918 R15=000000001fe8e420
RIP=000000001e88c8ca RFL=00000246 [---Z-P-] CPL=0 II=0 A20=1 SMM=0 HLT=0
ES =0030 0000000000000000 ffffffff 00cf9300 DPL=0 DS   [-WA]
CS =0038 0000000000000000 ffffffff 00af9a00 DPL=0 CS64 [-R-]
SS =0030 0000000000000000 ffffffff 00cf9300 DPL=0 DS   [-WA]
DS =0030 0000000000000000 ffffffff 00cf9300 DPL=0 DS   [-WA]
FS =0030 0000000000000000 ffffffff 00cf9300 DPL=0 DS   [-WA]
GS =0030 0000000000000000 ffffffff 00cf9300 DPL=0 DS   [-WA]
LDT=0000 0000000000000000 0000ffff 00008200 DPL=0 LDT
TR =0048 000000001f5db058 00000067 00008900 DPL=0 TSS64-avl
GDT=     000000001f5db000 00000057
IDT=     000000001f090018 00000fff
CR0=80010033 CR2=0000000000000000 CR3=000000001f801000 CR4=00000668
DR0=0000000000000000 DR1=0000000000000000 DR2=0000000000000000 DR3=0000000000000000 
DR6=00000000ffff0ff0 DR7=0000000000000400
CCS=0000000000000044 CCD=0000000000000000 CCO=EFLAGS
EFER=0000000000000d00
Servicing hardware INT=0x20
   370: v=20 e=0000 i=0 cpl=0 IP=0038:000000001fe8f439 pc=000000001fe8f439 SP=0030:000000001fe8e3d8 env->regs[R_EAX]=0000000000000000
RAX=0000000000000000 RBX=000000001ec76718 RCX=000000001e769018 RDX=000000001ec76118
RSI=000000001f4ec018 RDI=000000001e769018 RBP=000000001fe8e420 RSP=000000001fe8e3d8
R8 =000000001fe8e518 R9 =000000001e86d898 R10=0000000000000000 R11=000000001f6daab0
R12=0000000000000010 R13=000000001e86d898 R14=000000001fe8e518 R15=000000001e7fd420
RIP=000000001fe8f439 RFL=00000206 [-----P-] CPL=0 II=0 A20=1 SMM=0 HLT=0
ES =0030 0000000000000000 ffffffff 00cf9300 DPL=0 DS   [-WA]
CS =0038 0000000000000000 ffffffff 00af9a00 DPL=0 CS64 [-R-]
SS =0030 0000000000000000 ffffffff 00cf9300 DPL=0 DS   [-WA]
DS =0030 0000000000000000 ffffffff 00cf9300 DPL=0 DS   [-WA]
FS =0030 0000000000000000 ffffffff 00cf9300 DPL=0 DS   [-WA]
GS =0030 0000000000000000 ffffffff 00cf9300 DPL=0 DS   [-WA]
LDT=0000 0000000000000000 0000ffff 00008200 DPL=0 LDT
TR =0048 000000001f5db058 00000067 00008900 DPL=0 TSS64-avl
GDT=     000000001f5db000 00000057
IDT=     000000001f090018 00000fff
CR0=80010033 CR2=0000000000000000 CR3=000000001f801000 CR4=00000668
DR0=0000000000000000 DR1=0000000000000000 DR2=0000000000000000 DR3=0000000000000000 
DR6=00000000ffff0ff0 DR7=0000000000000400
CCS=0000000000000004 CCD=000000001ec76718 CCO=EFLAGS
EFER=0000000000000d00
Servicing hardware INT=0x20
   371: v=20 e=0000 i=0 cpl=0 IP=0038:000000001ec24465 pc=000000001ec24465 SP=0030:000000001fe8e4d0 env->regs[R_EAX]=0000000000000001
RAX=0000000000000001 RBX=0000000000000001 RCX=0000000000000001 RDX=0000000000000cf8
RSI=0000000080000980 RDI=0000000000000001 RBP=000000001fe8e530 RSP=000000001fe8e4d0
R8 =0000000000000000 R9 =0000000000000cf8 R10=000000001ec4b3f0 R11=0000000000000001
R12=0000000000000000 R13=000000000000900a R14=0000000000000001 R15=0000000000000000
RIP=000000001ec24465 RFL=00000202 [-------] CPL=0 II=0 A20=1 SMM=0 HLT=0
ES =0030 0000000000000000 ffffffff 00cf9300 DPL=0 DS   [-WA]
CS =0038 0000000000000000 ffffffff 00af9a00 DPL=0 CS64 [-R-]
SS =0030 0000000000000000 ffffffff 00cf9300 DPL=0 DS   [-WA]
DS =0030 0000000000000000 ffffffff 00cf9300 DPL=0 DS   [-WA]
FS =0030 0000000000000000 ffffffff 00cf9300 DPL=0 DS   [-WA]
GS =0030 0000000000000000 ffffffff 00cf9300 DPL=0 DS   [-WA]
LDT=0000 0000000000000000 0000ffff 00008200 DPL=0 LDT
TR =0048 000000001f5db058 00000067 00008900 DPL=0 TSS64-avl
GDT=     000000001f5db000 00000057
IDT=     000000001f090018 00000fff
CR0=80010033 CR2=0000000000000000 CR3=000000001f801000 CR4=00000668
DR0=0000000000000000 DR1=0000000000000000 DR2=0000000000000000 DR3=0000000000000000 
DR6=00000000ffff0ff0 DR7=0000000000000400
CCS=0000000000000038 CCD=0000000000000001 CCO=LOGICB
EFER=0000000000000d00
Servicing hardware INT=0x20
   372: v=20 e=0000 i=0 cpl=0 IP=0038:000000001e8ab51d pc=000000001e8ab51d SP=0030:000000001fe8e2e0 env->regs[R_EAX]=0000000000000000
RAX=0000000000000000 RBX=000000001e7cf418 RCX=0000000000000000 RDX=0000000000000008
RSI=8000000000000003 RDI=000000001e7cf418 RBP=000000001fe8e330 RSP=000000001fe8e2e0
R8 =0000000000000001 R9 =000000001fe8e358 R10=0000000000000000 R11=0000000000000001
R12=000000001fe8e37f R13=0000000000000000 R14=00000000ffffffe0 R15=000000001e762620
RIP=000000001e8ab51d RFL=00000246 [---Z-P-] CPL=0 II=0 A20=1 SMM=0 HLT=0
ES =0030 0000000000000000 ffffffff 00cf9300 DPL=0 DS   [-WA]
CS =0038 0000000000000000 ffffffff 00af9a00 DPL=0 CS64 [-R-]
SS =0030 0000000000000000 ffffffff 00cf9300 DPL=0 DS   [-WA]
DS =0030 0000000000000000 ffffffff 00cf9300 DPL=0 DS   [-WA]
FS =0030 0000000000000000 ffffffff 00cf9300 DPL=0 DS   [-WA]
GS =0030 0000000000000000 ffffffff 00cf9300 DPL=0 DS   [-WA]
LDT=0000 0000000000000000 0000ffff 00008200 DPL=0 LDT
TR =0048 000000001f5db058 00000067 00008900 DPL=0 TSS64-avl
GDT=     000000001f5db000 00000057
IDT=     000000001f090018 00000fff
CR0=80010033 CR2=0000000000000000 CR3=000000001f801000 CR4=00000668
DR0=0000000000000000 DR1=0000000000000000 DR2=0000000000000000 DR3=0000000000000000 
DR6=00000000ffff0ff0 DR7=0000000000000400
CCS=0000000000000044 CCD=0000000000000000 CCO=EFLAGS
EFER=0000000000000d00
Servicing hardware INT=0x20
   373: v=20 e=0000 i=0 cpl=0 IP=0038:000000001e880e5a pc=000000001e880e5a SP=0030:000000001fe8e388 env->regs[R_EAX]=000000001e75d018
RAX=000000001e75d018 RBX=0000000000000000 RCX=000000001e75d018 RDX=000000001fe8e4e0
RSI=000000001fe8e4e0 RDI=000000001e75d018 RBP=000000001fe8e3d0 RSP=000000001fe8e388
R8 =0000000000000200 R9 =000000001fe8e6df R10=8000000000000002 R11=0000000000000000
R12=0000000000000001 R13=0000000000000000 R14=00000000ffffffe0 R15=000000001e762620
RIP=000000001e880e5a RFL=00000212 [----A--] CPL=0 II=0 A20=1 SMM=0 HLT=0
ES =0030 0000000000000000 ffffffff 00cf9300 DPL=0 DS   [-WA]
CS =0038 0000000000000000 ffffffff 00af9a00 DPL=0 CS64 [-R-]
SS =0030 0000000000000000 ffffffff 00cf9300 DPL=0 DS   [-WA]
DS =0030 0000000000000000 ffffffff 00cf9300 DPL=0 DS   [-WA]
FS =0030 0000000000000000 ffffffff 00cf9300 DPL=0 DS   [-WA]
GS =0030 0000000000000000 ffffffff 00cf9300 DPL=0 DS   [-WA]
LDT=0000 0000000000000000 0000ffff 00008200 DPL=0 LDT
TR =0048 000000001f5db058 00000067 00008900 DPL=0 TSS64-avl
GDT=     000000001f5db000 00000057
IDT=     000000001f090018 00000fff
CR0=80010033 CR2=0000000000000000 CR3=000000001f801000 CR4=00000668
DR0=0000000000000000 DR1=0000000000000000 DR2=0000000000000000 DR3=0000000000000000 
DR6=00000000ffff0ff0 DR7=0000000000000400
CCS=0000000000000010 CCD=00000000017314c8 CCO=EFLAGS
EFER=0000000000000d00
Servicing hardware INT=0x20
   374: v=20 e=0000 i=0 cpl=0 IP=0038:000000001e865c60 pc=000000001e865c60 SP=0030:000000001fe8e200 env->regs[R_EAX]=000000000000021f
RAX=000000000000021f RBX=0000000000000190 RCX=000000000000b008 RDX=0000000000abe0a4
RSI=0000000000abe2c3 RDI=000000001fe8e38c RBP=000000001fe8e230 RSP=000000001fe8e200
R8 =000000001fe8e250 R9 =000000000000b008 R10=0000000000000000 R11=0000000000000000
R12=0000000000007531 R13=0000000000000000 R14=000000001fe8e4a1 R15=00000000ffffff00
RIP=000000001e865c60 RFL=00000202 [-------] CPL=0 II=0 A20=1 SMM=0 HLT=0
ES =0030 0000000000000000 ffffffff 00cf9300 DPL=0 DS   [-WA]
CS =0038 0000000000000000 ffffffff 00af9a00 DPL=0 CS64 [-R-]
SS =0030 0000000000000000 ffffffff 00cf9300 DPL=0 DS   [-WA]
DS =0030 0000000000000000 ffffffff 00cf9300 DPL=0 DS   [-WA]
FS =0030 0000000000000000 ffffffff 00cf9300 DPL=0 DS   [-WA]
GS =0030 0000000000000000 ffffffff 00cf9300 DPL=0 DS   [-WA]
LDT=0000 0000000000000000 0000ffff 00008200 DPL=0 LDT
TR =0048 000000001f5db058 00000067 00008900 DPL=0 TSS64-avl
GDT=     000000001f5db000 00000057
IDT=     000000001f090018 00000fff
CR0=80010033 CR2=0000000000000000 CR3=000000001f801000 CR4=00000668
DR0=0000000000000000 DR1=0000000000000000 DR2=0000000000000000 DR3=0000000000000000 
DR6=00000000ffff0ff0 DR7=0000000000000400
CCS=0000000000000000 CCD=000000000000021f CCO=EFLAGS
EFER=0000000000000d00
Servicing hardware INT=0x20
   375: v=20 e=0000 i=0 cpl=0 IP=0038:000000001e865a33 pc=000000001e865a33 SP=0030:000000001fe8e5e0 env->regs[R_EAX]=8000000000000002
RAX=8000000000000002 RBX=0000000000000000 RCX=000000001e75e698 RDX=0000000000000000
RSI=0000000000000000 RDI=000000001fe8e660 RBP=000000001fe8e620 RSP=000000001fe8e5e0
R8 =0000000000000000 R9 =000000001fe8e660 R10=0000000000000000 R11=000000001e7cfe98
R12=0000000000000000 R13=000000001e75ce98 R14=0000000000000000 R15=0000000000000000
RIP=000000001e865a33 RFL=00000206 [-----P-] CPL=0 II=0 A20=1 SMM=0 HLT=0
ES =0030 0000000000000000 ffffffff 00cf9300 DPL=0 DS   [-WA]
CS =0038 0000000000000000 ffffffff 00af9a00 DPL=0 CS64 [-R-]
SS =0030 0000000000000000 ffffffff 00cf9300 DPL=0 DS   [-WA]
DS =0030 0000000000000000 ffffffff 00cf9300 DPL=0 DS   [-WA]
FS =0030 0000000000000000 ffffffff 00cf9300 DPL=0 DS   [-WA]
GS =0030 0000000000000000 ffffffff 00cf9300 DPL=0 DS   [-WA]
LDT=0000 0000000000000000 0000ffff 00008200 DPL=0 LDT
TR =0048 000000001f5db058 00000067 00008900 DPL=0 TSS64-avl
GDT=     000000001f5db000 00000057
IDT=     000000001f090018 00000fff
CR0=80010033 CR2=0000000000000000 CR3=000000001f801000 CR4=00000668
DR0=0000000000000000 DR1=0000000000000000 DR2=0000000000000000 DR3=0000000000000000 
DR6=00000000ffff0ff0 DR7=0000000000000400
CCS=0000000000000004 CCD=000000001fe8e660 CCO=EFLAGS
EFER=0000000000000d00
Servicing hardware INT=0x20
   376: v=20 e=0000 i=0 cpl=0 IP=0038:000000001e86ff4c pc=000000001e86ff4c SP=0030:000000001fe8e5c0 env->regs[R_EAX]=0000000000000000
RAX=0000000000000000 RBX=000000001e870f04 RCX=000000000000006e RDX=000000001e870f04
RSI=000000001e75cb18 RDI=0000000000000000 RBP=000000001fe8e610 RSP=000000001fe8e5c0
R8 =0000000000000002 R9 =0000000000000002 R10=0000000000000001 R11=000000001e870f04
R12=000000001e75c470 R13=000000001e75c478 R14=0000000000000000 R15=000000001e75c478
RIP=000000001e86ff4c RFL=00000206 [-----P-] CPL=0 II=0 A20=1 SMM=0 HLT=0
ES =0030 0000000000000000 ffffffff 00cf9300 DPL=0 DS   [-WA]
CS =0038 0000000000000000 ffffffff 00af9a00 DPL=0 CS64 [-R-]
SS =0030 0000000000000000 ffffffff 00cf9300 DPL=0 DS   [-WA]
DS =0030 0000000000000000 ffffffff 00cf9300 DPL=0 DS   [-WA]
FS =0030 0000000000000000 ffffffff 00cf9300 DPL=0 DS   [-WA]
GS =0030 0000000000000000 ffffffff 00cf9300 DPL=0 DS   [-WA]
LDT=0000 0000000000000000 0000ffff 00008200 DPL=0 LDT
TR =0048 000000001f5db058 00000067 00008900 DPL=0 TSS64-avl
GDT=     000000001f5db000 00000057
IDT=     000000001f090018 00000fff
CR0=80010033 CR2=0000000000000000 CR3=000000001f801000 CR4=00000668
DR0=0000000000000000 DR1=0000000000000000 DR2=0000000000000000 DR3=0000000000000000 
DR6=00000000ffff0ff0 DR7=0000000000000400
CCS=0000000000000004 CCD=000000001e75cb18 CCO=EFLAGS
EFER=0000000000000d00
Servicing hardware INT=0x20
   377: v=20 e=0000 i=0 cpl=0 IP=0038:000000001e86520b pc=000000001e86520b SP=0030:000000001fe8e590 env->regs[R_EAX]=000000001e75dfa0
RAX=000000001e75dfa0 RBX=000000001fe8e6c8 RCX=0000000000000000 RDX=000000001e75e7e0
RSI=000000001e75e698 RDI=000000001fe8e670 RBP=000000001fe8e5d0 RSP=000000001fe8e590
R8 =0000000000000010 R9 =0000000000000001 R10=000000000000001c R11=000000001e7cfe98
R12=0000000000000000 R13=000000001e8876c0 R14=000000001e8876c0 R15=0000000000000001
RIP=000000001e86520b RFL=00000202 [-------] CPL=0 II=0 A20=1 SMM=0 HLT=0
ES =0030 0000000000000000 ffffffff 00cf9300 DPL=0 DS   [-WA]
CS =0038 0000000000000000 ffffffff 00af9a00 DPL=0 CS64 [-R-]
SS =0030 0000000000000000 ffffffff 00cf9300 DPL=0 DS   [-WA]
DS =0030 0000000000000000 ffffffff 00cf9300 DPL=0 DS   [-WA]
FS =0030 0000000000000000 ffffffff 00cf9300 DPL=0 DS   [-WA]
GS =0030 0000000000000000 ffffffff 00cf9300 DPL=0 DS   [-WA]
LDT=0000 0000000000000000 0000ffff 00008200 DPL=0 LDT
TR =0048 000000001f5db058 00000067 00008900 DPL=0 TSS64-avl
GDT=     000000001f5db000 00000057
IDT=     000000001f090018 00000fff
CR0=80010033 CR2=0000000000000000 CR3=000000001f801000 CR4=00000668
DR0=0000000000000000 DR1=0000000000000000 DR2=0000000000000000 DR3=0000000000000000 
DR6=00000000ffff0ff0 DR7=0000000000000400
CCS=0000000000000000 CCD=0000000000000001 CCO=EFLAGS
EFER=0000000000000d00
Servicing hardware INT=0x20
   378: v=20 e=0000 i=0 cpl=0 IP=0038:000000001e8650d6 pc=000000001e8650d6 SP=0030:000000001fe8e588 env->regs[R_EAX]=ffffffffffffff02
RAX=ffffffffffffff02 RBX=000000001fe8e6c8 RCX=000000001fe8e6ca RDX=000000001e86a5c2
RSI=000000001e75e698 RDI=000000001fe8e670 RBP=000000001fe8e5d0 RSP=000000001fe8e588
R8 =000000000000000e R9 =000000001e89e818 R10=0000000000000000 R11=000000001e759708
R12=000000001e759a18 R13=000000001e8876c0 R14=000000001e759798 R15=000000001e758000
RIP=000000001e8650d6 RFL=00000282 [--S----] CPL=0 II=0 A20=1 SMM=0 HLT=0
ES =0030 0000000000000000 ffffffff 00cf9300 DPL=0 DS   [-WA]
CS =0038 0000000000000000 ffffffff 00af9a00 DPL=0 CS64 [-R-]
SS =0030 0000000000000000 ffffffff 00cf9300 DPL=0 DS   [-WA]
DS =0030 0000000000000000 ffffffff 00cf9300 DPL=0 DS   [-WA]
FS =0030 0000000000000000 ffffffff 00cf9300 DPL=0 DS   [-WA]
GS =0030 0000000000000000 ffffffff 00cf9300 DPL=0 DS   [-WA]
LDT=0000 0000000000000000 0000ffff 00008200 DPL=0 LDT
TR =0048 000000001f5db058 00000067 00008900 DPL=0 TSS64-avl
GDT=     000000001f5db000 00000057
IDT=     000000001f090018 00000fff
CR0=80010033 CR2=0000000000000000 CR3=000000001f801000 CR4=00000668
DR0=0000000000000000 DR1=0000000000000000 DR2=0000000000000000 DR3=0000000000000000 
DR6=00000000ffff0ff0 DR7=0000000000000400
CCS=0000000000000080 CCD=ffffffffffffff02 CCO=EFLAGS
EFER=0000000000000d00
Servicing hardware INT=0x20
   379: v=20 e=0000 i=0 cpl=0 IP=0038:000000001e873099 pc=000000001e873099 SP=0030:000000001fe8e3e0 env->regs[R_EAX]=000000001fe8e412
RAX=000000001fe8e412 RBX=000000001fe8e52f RCX=0000000000000000 RDX=0000000000000006
RSI=000000001e7597a8 RDI=000000001fe8e548 RBP=000000001fe8e490 RSP=000000001fe8e3e0
R8 =0000000000000000 R9 =000000001fe8e52f R10=000000001fea7110 R11=000000001e758f88
R12=0000000011e1a300 R13=000000001e759198 R14=000000001fe8e412 R15=0000000000000000
RIP=000000001e873099 RFL=00000206 [-----P-] CPL=0 II=0 A20=1 SMM=0 HLT=0
ES =0030 0000000000000000 ffffffff 00cf9300 DPL=0 DS   [-WA]
CS =0038 0000000000000000 ffffffff 00af9a00 DPL=0 CS64 [-R-]
SS =0030 0000000000000000 ffffffff 00cf9300 DPL=0 DS   [-WA]
DS =0030 0000000000000000 ffffffff 00cf9300 DPL=0 DS   [-WA]
FS =0030 0000000000000000 ffffffff 00cf9300 DPL=0 DS   [-WA]
GS =0030 0000000000000000 ffffffff 00cf9300 DPL=0 DS   [-WA]
LDT=0000 0000000000000000 0000ffff 00008200 DPL=0 LDT
TR =0048 000000001f5db058 00000067 00008900 DPL=0 TSS64-avl
GDT=     000000001f5db000 00000057
IDT=     000000001f090018 00000fff
CR0=80010033 CR2=0000000000000000 CR3=000000001f801000 CR4=00000668
DR0=0000000000000000 DR1=0000000000000000 DR2=0000000000000000 DR3=0000000000000000 
DR6=00000000ffff0ff0 DR7=0000000000000400
CCS=0000000000000004 CCD=0000000000000006 CCO=EFLAGS
EFER=0000000000000d00
Servicing hardware INT=0x20
   380: v=20 e=0000 i=0 cpl=0 IP=0038:000000001ec24465 pc=000000001ec24465 SP=0030:000000001fe8de60 env->regs[R_EAX]=0000000000000001
RAX=0000000000000001 RBX=0000000000000001 RCX=0000000000000001 RDX=0000000000000cf8
RSI=0000000080000900 RDI=0000000000000001 RBP=000000001fe8dec0 RSP=000000001fe8de60
R8 =0000000000000000 R9 =0000000000000cf8 R10=000000001ec4b3f0 R11=0000000000000001
R12=0000000000000000 R13=0000000000009006 R14=0000000000000001 R15=0000000000000001
RIP=000000001ec24465 RFL=00000202 [-------] CPL=0 II=0 A20=1 SMM=0 HLT=0
ES =0030 0000000000000000 ffffffff 00cf9300 DPL=0 DS   [-WA]
CS =0038 0000000000000000 ffffffff 00af9a00 DPL=0 CS64 [-R-]
SS =0030 0000000000000000 ffffffff 00cf9300 DPL=0 DS   [-WA]
DS =0030 0000000000000000 ffffffff 00cf9300 DPL=0 DS   [-WA]
FS =0030 0000000000000000 ffffffff 00cf9300 DPL=0 DS   [-WA]
GS =0030 0000000000000000 ffffffff 00cf9300 DPL=0 DS   [-WA]
LDT=0000 0000000000000000 0000ffff 00008200 DPL=0 LDT
TR =0048 000000001f5db058 00000067 00008900 DPL=0 TSS64-avl
GDT=     000000001f5db000 00000057
IDT=     000000001f090018 00000fff
CR0=80010033 CR2=0000000000000000 CR3=000000001f801000 CR4=00000668
DR0=0000000000000000 DR1=0000000000000000 DR2=0000000000000000 DR3=0000000000000000 
DR6=00000000ffff0ff0 DR7=0000000000000400
CCS=0000000000000038 CCD=0000000000000001 CCO=LOGICB
EFER=0000000000000d00
Servicing hardware INT=0x20
   381: v=20 e=0000 i=0 cpl=0 IP=0038:000000001e878af2 pc=000000001e878af2 SP=0030:000000001fe8e4a0 env->regs[R_EAX]=0000000000000000
RAX=0000000000000000 RBX=0000000000000000 RCX=000000001ec6dec0 RDX=000000001e759a98
RSI=000000001e758160 RDI=000000001e758198 RBP=000000001fe8e630 RSP=000000001fe8e4a0
R8 =00000000000000af R9 =000000001f4ecb18 R10=000000001fea7110 R11=000000001e75e988
R12=000000001fe8e570 R13=000000001e759a2a R14=000000001fe8e558 R15=000000001e758018
RIP=000000001e878af2 RFL=00000202 [-------] CPL=0 II=0 A20=1 SMM=0 HLT=0
ES =0030 0000000000000000 ffffffff 00cf9300 DPL=0 DS   [-WA]
CS =0038 0000000000000000 ffffffff 00af9a00 DPL=0 CS64 [-R-]
SS =0030 0000000000000000 ffffffff 00cf9300 DPL=0 DS   [-WA]
DS =0030 0000000000000000 ffffffff 00cf9300 DPL=0 DS   [-WA]
FS =0030 0000000000000000 ffffffff 00cf9300 DPL=0 DS   [-WA]
GS =0030 0000000000000000 ffffffff 00cf9300 DPL=0 DS   [-WA]
LDT=0000 0000000000000000 0000ffff 00008200 DPL=0 LDT
TR =0048 000000001f5db058 00000067 00008900 DPL=0 TSS64-avl
GDT=     000000001f5db000 00000057
IDT=     000000001f090018 00000fff
CR0=80010033 CR2=0000000000000000 CR3=000000001f801000 CR4=00000668
DR0=0000000000000000 DR1=0000000000000000 DR2=0000000000000000 DR3=0000000000000000 
DR6=00000000ffff0ff0 DR7=0000000000000400
CCS=0000000000000000 CCD=000000001fe8e458 CCO=EFLAGS
EFER=0000000000000d00
Servicing hardware INT=0x20
   382: v=20 e=0000 i=0 cpl=0 IP=0038:000000001fe8f440 pc=000000001fe8f440 SP=0030:000000001fe8e4a8 env->regs[R_EAX]=0000000000000000
RAX=0000000000000000 RBX=000000001ec10618 RCX=000000001e759a98 RDX=000000001ec10318
RSI=000000001f4ec018 RDI=000000001e759a98 RBP=000000001fe8e4f0 RSP=000000001fe8e4a8
R8 =000000001fe8e5e8 R9 =000000001e8d6518 R10=0000000000000000 R11=000000001e758e08
R12=0000000000000010 R13=000000001e8d6518 R14=000000001fe8e5e8 R15=000000001e899660
RIP=000000001fe8f440 RFL=00000283 [--S---C] CPL=0 II=0 A20=1 SMM=0 HLT=0
ES =0030 0000000000000000 ffffffff 00cf9300 DPL=0 DS   [-WA]
CS =0038 0000000000000000 ffffffff 00af9a00 DPL=0 CS64 [-R-]
SS =0030 0000000000000000 ffffffff 00cf9300 DPL=0 DS   [-WA]
DS =0030 0000000000000000 ffffffff 00cf9300 DPL=0 DS   [-WA]
FS =0030 0000000000000000 ffffffff 00cf9300 DPL=0 DS   [-WA]
GS =0030 0000000000000000 ffffffff 00cf9300 DPL=0 DS   [-WA]
LDT=0000 0000000000000000 0000ffff 00008200 DPL=0 LDT
TR =0048 000000001f5db058 00000067 00008900 DPL=0 TSS64-avl
GDT=     000000001f5db000 00000057
IDT=     000000001f090018 00000fff
CR0=80010033 CR2=0000000000000000 CR3=000000001f801000 CR4=00000668
DR0=0000000000000000 DR1=0000000000000000 DR2=0000000000000000 DR3=0000000000000000 
DR6=00000000ffff0ff0 DR7=0000000000000400
CCS=0000000000000081 CCD=ffffffffffb49780 CCO=EFLAGS
EFER=0000000000000d00
Servicing hardware INT=0x20
   383: v=20 e=0000 i=0 cpl=0 IP=0038:000000001e89bd42 pc=000000001e89bd42 SP=0030:000000001fe8e258 env->regs[R_EAX]=0000000000000001
RAX=0000000000000001 RBX=0000000000000800 RCX=0000000000000800 RDX=0000000000000000
RSI=0000000000000000 RDI=0000000000000000 RBP=000000001fe8e2f0 RSP=000000001fe8e258
R8 =0000000000000000 R9 =000000001e757018 R10=000000001fea7110 R11=000000001e757e88
R12=000000001e757018 R13=0000000000000000 R14=0000000000000001 R15=000000001fe8e350
RIP=000000001e89bd42 RFL=00000246 [---Z-P-] CPL=0 II=0 A20=1 SMM=0 HLT=0
ES =0030 0000000000000000 ffffffff 00cf9300 DPL=0 DS   [-WA]
CS =0038 0000000000000000 ffffffff 00af9a00 DPL=0 CS64 [-R-]
SS =0030 0000000000000000 ffffffff 00cf9300 DPL=0 DS   [-WA]
DS =0030 0000000000000000 ffffffff 00cf9300 DPL=0 DS   [-WA]
FS =0030 0000000000000000 ffffffff 00cf9300 DPL=0 DS   [-WA]
GS =0030 0000000000000000 ffffffff 00cf9300 DPL=0 DS   [-WA]
LDT=0000 0000000000000000 0000ffff 00008200 DPL=0 LDT
TR =0048 000000001f5db058 00000067 00008900 DPL=0 TSS64-avl
GDT=     000000001f5db000 00000057
IDT=     000000001f090018 00000fff
CR0=80010033 CR2=0000000000000000 CR3=000000001f801000 CR4=00000668
DR0=0000000000000000 DR1=0000000000000000 DR2=0000000000000000 DR3=0000000000000000 
DR6=00000000ffff0ff0 DR7=0000000000000400
CCS=0000000000000044 CCD=0000000000000000 CCO=EFLAGS
EFER=0000000000000d00
Servicing hardware INT=0x20
   384: v=20 e=0000 i=0 cpl=0 IP=0038:000000001f0926c6 pc=000000001f0926c6 SP=0030:000000001fe8dd60 env->regs[R_EAX]=0000000000000058
RAX=0000000000000058 RBX=000000001fe8de6f RCX=0000000000000000 RDX=0000000000000177
RSI=0000000000000000 RDI=0000000000000001 RBP=000000001fe8ddc0 RSP=000000001fe8dd60
R8 =000000001fe8de6f R9 =0000000000000177 R10=0000000000000000 R11=0000000000000000
R12=0000000000000177 R13=0000000000000001 R14=0000000000000000 R15=0000000000000001
RIP=000000001f0926c6 RFL=00000246 [---Z-P-] CPL=0 II=0 A20=1 SMM=0 HLT=0
ES =0030 0000000000000000 ffffffff 00cf9300 DPL=0 DS   [-WA]
CS =0038 0000000000000000 ffffffff 00af9a00 DPL=0 CS64 [-R-]
SS =0030 0000000000000000 ffffffff 00cf9300 DPL=0 DS   [-WA]
DS =0030 0000000000000000 ffffffff 00cf9300 DPL=0 DS   [-WA]
FS =0030 0000000000000000 ffffffff 00cf9300 DPL=0 DS   [-WA]
GS =0030 0000000000000000 ffffffff 00cf9300 DPL=0 DS   [-WA]
LDT=0000 0000000000000000 0000ffff 00008200 DPL=0 LDT
TR =0048 000000001f5db058 00000067 00008900 DPL=0 TSS64-avl
GDT=     000000001f5db000 00000057
IDT=     000000001f090018 00000fff
CR0=80010033 CR2=0000000000000000 CR3=000000001f801000 CR4=00000668
DR0=0000000000000000 DR1=0000000000000000 DR2=0000000000000000 DR3=0000000000000000 
DR6=00000000ffff0ff0 DR7=0000000000000400
CCS=0000000000000044 CCD=0000000000000000 CCO=EFLAGS
EFER=0000000000000d00
Servicing hardware INT=0x20
   385: v=20 e=0000 i=0 cpl=0 IP=0038:000000001e84c3e9 pc=000000001e84c3e9 SP=0030:000000001fe8e530 env->regs[R_EAX]=000000001e724018
RAX=000000001e724018 RBX=000000001e724018 RCX=0000000000000000 RDX=0000000000000000
RSI=000000001e758038 RDI=000000001e758ba0 RBP=000000001fe8e630 RSP=000000001fe8e530
R8 =000000001e87dc18 R9 =0000000000005000 R10=0000000000000000 R11=000000001fea8360
R12=000000001e759a98 R13=000000001e84cd40 R14=000000001e758bb8 R15=0000000000000000
RIP=000000001e84c3e9 RFL=00000206 [-----P-] CPL=0 II=0 A20=1 SMM=0 HLT=0
ES =0030 0000000000000000 ffffffff 00cf9300 DPL=0 DS   [-WA]
CS =0038 0000000000000000 ffffffff 00af9a00 DPL=0 CS64 [-R-]
SS =0030 0000000000000000 ffffffff 00cf9300 DPL=0 DS   [-WA]
DS =0030 0000000000000000 ffffffff 00cf9300 DPL=0 DS   [-WA]
FS =0030 0000000000000000 ffffffff 00cf9300 DPL=0 DS   [-WA]
GS =0030 0000000000000000 ffffffff 00cf9300 DPL=0 DS   [-WA]
LDT=0000 0000000000000000 0000ffff 00008200 DPL=0 LDT
TR =0048 000000001f5db058 00000067 00008900 DPL=0 TSS64-avl
GDT=     000000001f5db000 00000057
IDT=     000000001f090018 00000fff
CR0=80010033 CR2=0000000000000000 CR3=000000001f801000 CR4=00000668
DR0=0000000000000000 DR1=0000000000000000 DR2=0000000000000000 DR3=0000000000000000 
DR6=00000000ffff0ff0 DR7=0000000000000400
CCS=0000000000000004 CCD=000000001e724018 CCO=EFLAGS
EFER=0000000000000d00
Servicing hardware INT=0x20
   386: v=20 e=0000 i=0 cpl=0 IP=0038:000000001e84c8f3 pc=000000001e84c8f3 SP=0030:000000001fe8e530 env->regs[R_EAX]=0000000000000000
RAX=0000000000000000 RBX=000000001e724018 RCX=000000001ec6dec0 RDX=0000000000000004
RSI=000000001e758038 RDI=000000001e724018 RBP=000000001fe8e630 RSP=000000001fe8e530
R8 =00000000000000af R9 =000000001e759a98 R10=0000000000000005 R11=000000001fea8360
R12=000000001e759a98 R13=000000001e84cd40 R14=000000001e758bb8 R15=8000000000000003
RIP=000000001e84c8f3 RFL=00000202 [-------] CPL=0 II=0 A20=1 SMM=0 HLT=0
ES =0030 0000000000000000 ffffffff 00cf9300 DPL=0 DS   [-WA]
CS =0038 0000000000000000 ffffffff 00af9a00 DPL=0 CS64 [-R-]
SS =0030 0000000000000000 ffffffff 00cf9300 DPL=0 DS   [-WA]
DS =0030 0000000000000000 ffffffff 00cf9300 DPL=0 DS   [-WA]
FS =0030 0000000000000000 ffffffff 00cf9300 DPL=0 DS   [-WA]
GS =0030 0000000000000000 ffffffff 00cf9300 DPL=0 DS   [-WA]
LDT=0000 0000000000000000 0000ffff 00008200 DPL=0 LDT
TR =0048 000000001f5db058 00000067 00008900 DPL=0 TSS64-avl
GDT=     000000001f5db000 00000057
IDT=     000000001f090018 00000fff
CR0=80010033 CR2=0000000000000000 CR3=000000001f801000 CR4=00000668
DR0=0000000000000000 DR1=0000000000000000 DR2=0000000000000000 DR3=0000000000000000 
DR6=00000000ffff0ff0 DR7=0000000000000400
CCS=0000000000000000 CCD=000000001fe8e520 CCO=EFLAGS
EFER=0000000000000d00
Servicing hardware INT=0x20
   387: v=20 e=0000 i=0 cpl=0 IP=0038:000000001ec23f17 pc=000000001ec23f17 SP=0030:000000001fe8df48 env->regs[R_EAX]=000000001ec4b3f0
RAX=000000001ec4b3f0 RBX=000000001e7cf428 RCX=000000001ec4b3f0 RDX=0000000000000002
RSI=0000000000000002 RDI=000000001e7cf418 RBP=000000001fe8dfa0 RSP=000000001fe8df48
R8 =000000001e710000 R9 =000000001fe8e030 R10=0000000000011000 R11=000000001fea8360
R12=000000001fe8e038 R13=0000000000000200 R14=000000001e757298 R15=000000001e75e698
RIP=000000001ec23f17 RFL=00000246 [---Z-P-] CPL=0 II=0 A20=1 SMM=0 HLT=0
ES =0030 0000000000000000 ffffffff 00cf9300 DPL=0 DS   [-WA]
CS =0038 0000000000000000 ffffffff 00af9a00 DPL=0 CS64 [-R-]
SS =0030 0000000000000000 ffffffff 00cf9300 DPL=0 DS   [-WA]
DS =0030 0000000000000000 ffffffff 00cf9300 DPL=0 DS   [-WA]
FS =0030 0000000000000000 ffffffff 00cf9300 DPL=0 DS   [-WA]
GS =0030 0000000000000000 ffffffff 00cf9300 DPL=0 DS   [-WA]
LDT=0000 0000000000000000 0000ffff 00008200 DPL=0 LDT
TR =0048 000000001f5db058 00000067 00008900 DPL=0 TSS64-avl
GDT=     000000001f5db000 00000057
IDT=     000000001f090018 00000fff
CR0=80010033 CR2=0000000000000000 CR3=000000001f801000 CR4=00000668
DR0=0000000000000000 DR1=0000000000000000 DR2=0000000000000000 DR3=0000000000000000 
DR6=00000000ffff0ff0 DR7=0000000000000400
CCS=0000000000000044 CCD=0000000000000000 CCO=EFLAGS
EFER=0000000000000d00
Servicing hardware INT=0x20
   388: v=20 e=0000 i=0 cpl=0 IP=0038:000000001e865c60 pc=000000001e865c60 SP=0030:000000001fe8df70 env->regs[R_EAX]=00000000000032c1
RAX=00000000000032c1 RBX=0000000000002710 RCX=000000000000b008 RDX=0000000000b38670
RSI=0000000000b3b931 RDI=000000001e75e754 RBP=000000001fe8dfa0 RSP=000000001fe8df70
R8 =000000001fe8dfc0 R9 =000000000000b008 R10=0000000000000000 R11=0000000000000000
R12=0000000000000011 R13=000000000000c040 R14=000000001e710000 R15=0000000000000000
RIP=000000001e865c60 RFL=00000202 [-------] CPL=0 II=0 A20=1 SMM=0 HLT=0
ES =0030 0000000000000000 ffffffff 00cf9300 DPL=0 DS   [-WA]
CS =0038 0000000000000000 ffffffff 00af9a00 DPL=0 CS64 [-R-]
SS =0030 0000000000000000 ffffffff 00cf9300 DPL=0 DS   [-WA]
DS =0030 0000000000000000 ffffffff 00cf9300 DPL=0 DS   [-WA]
FS =0030 0000000000000000 ffffffff 00cf9300 DPL=0 DS   [-WA]
GS =0030 0000000000000000 ffffffff 00cf9300 DPL=0 DS   [-WA]
LDT=0000 0000000000000000 0000ffff 00008200 DPL=0 LDT
TR =0048 000000001f5db058 00000067 00008900 DPL=0 TSS64-avl
GDT=     000000001f5db000 00000057
IDT=     000000001f090018 00000fff
CR0=80010033 CR2=0000000000000000 CR3=000000001f801000 CR4=00000668
DR0=0000000000000000 DR1=0000000000000000 DR2=0000000000000000 DR3=0000000000000000 
DR6=00000000ffff0ff0 DR7=0000000000000400
CCS=0000000000000000 CCD=00000000000032c1 CCO=EFLAGS
EFER=0000000000000d00
Servicing hardware INT=0x20
   389: v=20 e=0000 i=0 cpl=0 IP=0038:000000001e865c60 pc=000000001e865c60 SP=0030:000000001fe8df10 env->regs[R_EAX]=00000000000000f0
RAX=00000000000000f0 RBX=0000000000000064 RCX=000000000000b008 RDX=0000000000b43199
RSI=0000000000b43289 RDI=000000001e75e754 RBP=000000001fe8df40 RSP=000000001fe8df10
R8 =000000001fe8df3f R9 =000000000000b008 R10=0000000000000000 R11=0000000000000000
R12=0000000000000011 R13=000000000004bae6 R14=000000001e710000 R15=0000000000000000
RIP=000000001e865c60 RFL=00000206 [-----P-] CPL=0 II=0 A20=1 SMM=0 HLT=0
ES =0030 0000000000000000 ffffffff 00cf9300 DPL=0 DS   [-WA]
CS =0038 0000000000000000 ffffffff 00af9a00 DPL=0 CS64 [-R-]
SS =0030 0000000000000000 ffffffff 00cf9300 DPL=0 DS   [-WA]
DS =0030 0000000000000000 ffffffff 00cf9300 DPL=0 DS   [-WA]
FS =0030 0000000000000000 ffffffff 00cf9300 DPL=0 DS   [-WA]
GS =0030 0000000000000000 ffffffff 00cf9300 DPL=0 DS   [-WA]
LDT=0000 0000000000000000 0000ffff 00008200 DPL=0 LDT
TR =0048 000000001f5db058 00000067 00008900 DPL=0 TSS64-avl
GDT=     000000001f5db000 00000057
IDT=     000000001f090018 00000fff
CR0=80010033 CR2=0000000000000000 CR3=000000001f801000 CR4=00000668
DR0=0000000000000000 DR1=0000000000000000 DR2=0000000000000000 DR3=0000000000000000 
DR6=00000000ffff0ff0 DR7=0000000000000400
CCS=0000000000000004 CCD=00000000000000f0 CCO=EFLAGS
EFER=0000000000000d00
Servicing hardware INT=0x20
   390: v=20 e=0000 i=0 cpl=0 IP=0038:000000001e865c60 pc=000000001e865c60 SP=0030:000000001fe8df10 env->regs[R_EAX]=000000000000339c
RAX=000000000000339c RBX=0000000000002710 RCX=000000000000b008 RDX=0000000000b49dd5
RSI=0000000000b4d171 RDI=000000001e75e754 RBP=000000001fe8df40 RSP=000000001fe8df10
R8 =000000001fe8df60 R9 =000000000000b008 R10=0000000000000000 R11=0000000000000000
R12=0000000000000011 R13=000000000000c040 R14=000000001e710000 R15=0000000000000000
RIP=000000001e865c60 RFL=00000206 [-----P-] CPL=0 II=0 A20=1 SMM=0 HLT=0
ES =0030 0000000000000000 ffffffff 00cf9300 DPL=0 DS   [-WA]
CS =0038 0000000000000000 ffffffff 00af9a00 DPL=0 CS64 [-R-]
SS =0030 0000000000000000 ffffffff 00cf9300 DPL=0 DS   [-WA]
DS =0030 0000000000000000 ffffffff 00cf9300 DPL=0 DS   [-WA]
FS =0030 0000000000000000 ffffffff 00cf9300 DPL=0 DS   [-WA]
GS =0030 0000000000000000 ffffffff 00cf9300 DPL=0 DS   [-WA]
LDT=0000 0000000000000000 0000ffff 00008200 DPL=0 LDT
TR =0048 000000001f5db058 00000067 00008900 DPL=0 TSS64-avl
GDT=     000000001f5db000 00000057
IDT=     000000001f090018 00000fff
CR0=80010033 CR2=0000000000000000 CR3=000000001f801000 CR4=00000668
DR0=0000000000000000 DR1=0000000000000000 DR2=0000000000000000 DR3=0000000000000000 
DR6=00000000ffff0ff0 DR7=0000000000000400
CCS=0000000000000004 CCD=000000000000339c CCO=EFLAGS
EFER=0000000000000d00
Servicing hardware INT=0x20
   391: v=20 e=0000 i=0 cpl=0 IP=0038:000000001e865c60 pc=000000001e865c60 SP=0030:000000001fe8df10 env->regs[R_EAX]=00000000000000a7
RAX=00000000000000a7 RBX=0000000000000064 RCX=000000000000b008 RDX=0000000000b529d7
RSI=0000000000b52a7e RDI=000000001e75e754 RBP=000000001fe8df40 RSP=000000001fe8df10
R8 =000000001fe8df3f R9 =000000000000b008 R10=0000000000000000 R11=0000000000000000
R12=0000000000000011 R13=000000000004baee R14=000000001e710000 R15=0000000000000000
RIP=000000001e865c60 RFL=00000202 [-------] CPL=0 II=0 A20=1 SMM=0 HLT=0
ES =0030 0000000000000000 ffffffff 00cf9300 DPL=0 DS   [-WA]
CS =0038 0000000000000000 ffffffff 00af9a00 DPL=0 CS64 [-R-]
SS =0030 0000000000000000 ffffffff 00cf9300 DPL=0 DS   [-WA]
DS =0030 0000000000000000 ffffffff 00cf9300 DPL=0 DS   [-WA]
FS =0030 0000000000000000 ffffffff 00cf9300 DPL=0 DS   [-WA]
GS =0030 0000000000000000 ffffffff 00cf9300 DPL=0 DS   [-WA]
LDT=0000 0000000000000000 0000ffff 00008200 DPL=0 LDT
TR =0048 000000001f5db058 00000067 00008900 DPL=0 TSS64-avl
GDT=     000000001f5db000 00000057
IDT=     000000001f090018 00000fff
CR0=80010033 CR2=0000000000000000 CR3=000000001f801000 CR4=00000668
DR0=0000000000000000 DR1=0000000000000000 DR2=0000000000000000 DR3=0000000000000000 
DR6=00000000ffff0ff0 DR7=0000000000000400
CCS=0000000000000000 CCD=00000000000000a7 CCO=EFLAGS
EFER=0000000000000d00
Servicing hardware INT=0x20
   392: v=20 e=0000 i=0 cpl=0 IP=0038:000000001e865c60 pc=000000001e865c60 SP=0030:000000001fe8df10 env->regs[R_EAX]=0000000000000a76
RAX=0000000000000a76 RBX=0000000000002710 RCX=000000000000b008 RDX=0000000000b5b5be
RSI=0000000000b5c034 RDI=000000001e75e754 RBP=000000001fe8df40 RSP=000000001fe8df10
R8 =000000001fe8df60 R9 =000000000000b008 R10=0000000000000000 R11=0000000000000000
R12=0000000000000011 R13=000000000000c040 R14=000000001e710000 R15=0000000000000000
RIP=000000001e865c60 RFL=00000202 [-------] CPL=0 II=0 A20=1 SMM=0 HLT=0
ES =0030 0000000000000000 ffffffff 00cf9300 DPL=0 DS   [-WA]
CS =0038 0000000000000000 ffffffff 00af9a00 DPL=0 CS64 [-R-]
SS =0030 0000000000000000 ffffffff 00cf9300 DPL=0 DS   [-WA]
DS =0030 0000000000000000 ffffffff 00cf9300 DPL=0 DS   [-WA]
FS =0030 0000000000000000 ffffffff 00cf9300 DPL=0 DS   [-WA]
GS =0030 0000000000000000 ffffffff 00cf9300 DPL=0 DS   [-WA]
LDT=0000 0000000000000000 0000ffff 00008200 DPL=0 LDT
TR =0048 000000001f5db058 00000067 00008900 DPL=0 TSS64-avl
GDT=     000000001f5db000 00000057
IDT=     000000001f090018 00000fff
CR0=80010033 CR2=0000000000000000 CR3=000000001f801000 CR4=00000668
DR0=0000000000000000 DR1=0000000000000000 DR2=0000000000000000 DR3=0000000000000000 
DR6=00000000ffff0ff0 DR7=0000000000000400
CCS=0000000000000000 CCD=0000000000000a76 CCO=EFLAGS
EFER=0000000000000d00
Servicing hardware INT=0x20
   393: v=20 e=0000 i=0 cpl=0 IP=0038:000000001e865c60 pc=000000001e865c60 SP=0030:000000001fe8df10 env->regs[R_EAX]=00000000000061d0
RAX=00000000000061d0 RBX=0000000000002710 RCX=000000000000b008 RDX=0000000000b64173
RSI=0000000000b6a343 RDI=000000001e75e754 RBP=000000001fe8df40 RSP=000000001fe8df10
R8 =000000001fe8df60 R9 =000000000000b008 R10=0000000000000000 R11=0000000000000000
R12=0000000000000011 R13=000000000000c040 R14=000000001e710000 R15=0000000000000000
RIP=000000001e865c60 RFL=00000202 [-------] CPL=0 II=0 A20=1 SMM=0 HLT=0
ES =0030 0000000000000000 ffffffff 00cf9300 DPL=0 DS   [-WA]
CS =0038 0000000000000000 ffffffff 00af9a00 DPL=0 CS64 [-R-]
SS =0030 0000000000000000 ffffffff 00cf9300 DPL=0 DS   [-WA]
DS =0030 0000000000000000 ffffffff 00cf9300 DPL=0 DS   [-WA]
FS =0030 0000000000000000 ffffffff 00cf9300 DPL=0 DS   [-WA]
GS =0030 0000000000000000 ffffffff 00cf9300 DPL=0 DS   [-WA]
LDT=0000 0000000000000000 0000ffff 00008200 DPL=0 LDT
TR =0048 000000001f5db058 00000067 00008900 DPL=0 TSS64-avl
GDT=     000000001f5db000 00000057
IDT=     000000001f090018 00000fff
CR0=80010033 CR2=0000000000000000 CR3=000000001f801000 CR4=00000668
DR0=0000000000000000 DR1=0000000000000000 DR2=0000000000000000 DR3=0000000000000000 
DR6=00000000ffff0ff0 DR7=0000000000000400
CCS=0000000000000000 CCD=00000000000061d0 CCO=EFLAGS
EFER=0000000000000d00
Servicing hardware INT=0x20
   394: v=20 e=0000 i=0 cpl=0 IP=0038:000000001e865c60 pc=000000001e865c60 SP=0030:000000001fe8df10 env->regs[R_EAX]=0000000000008736
RAX=0000000000008736 RBX=0000000000002710 RCX=000000000000b008 RDX=0000000000b6cd18
RSI=0000000000b7544e RDI=000000001e75e754 RBP=000000001fe8df40 RSP=000000001fe8df10
R8 =000000001fe8df60 R9 =000000000000b008 R10=0000000000000000 R11=0000000000000000
R12=0000000000000011 R13=000000000000c040 R14=000000001e710000 R15=0000000000000000
RIP=000000001e865c60 RFL=00000206 [-----P-] CPL=0 II=0 A20=1 SMM=0 HLT=0
ES =0030 0000000000000000 ffffffff 00cf9300 DPL=0 DS   [-WA]
CS =0038 0000000000000000 ffffffff 00af9a00 DPL=0 CS64 [-R-]
SS =0030 0000000000000000 ffffffff 00cf9300 DPL=0 DS   [-WA]
DS =0030 0000000000000000 ffffffff 00cf9300 DPL=0 DS   [-WA]
FS =0030 0000000000000000 ffffffff 00cf9300 DPL=0 DS   [-WA]
GS =0030 0000000000000000 ffffffff 00cf9300 DPL=0 DS   [-WA]
LDT=0000 0000000000000000 0000ffff 00008200 DPL=0 LDT
TR =0048 000000001f5db058 00000067 00008900 DPL=0 TSS64-avl
GDT=     000000001f5db000 00000057
IDT=     000000001f090018 00000fff
CR0=80010033 CR2=0000000000000000 CR3=000000001f801000 CR4=00000668
DR0=0000000000000000 DR1=0000000000000000 DR2=0000000000000000 DR3=0000000000000000 
DR6=00000000ffff0ff0 DR7=0000000000000400
CCS=0000000000000004 CCD=0000000000008736 CCO=EFLAGS
EFER=0000000000000d00
Servicing hardware INT=0x20
   395: v=20 e=0000 i=0 cpl=0 IP=0038:000000001f0ac3ce pc=000000001f0ac3ce SP=0030:000000001fe8dcd0 env->regs[R_EAX]=0000000000000008
RAX=0000000000000008 RBX=000000001fe8de34 RCX=0000000000000010 RDX=0000000000000000
RSI=0000000000000008 RDI=0000000000000007 RBP=000000001fe8dcf0 RSP=000000001fe8dcd0
R8 =0000000000000021 R9 =0000000000000000 R10=0000000000000000 R11=0000000000000000
R12=000000001e71b000 R13=0000000000000007 R14=000fffffc0000000 R15=0000000000001000
RIP=000000001f0ac3ce RFL=00000293 [--S-A-C] CPL=0 II=0 A20=1 SMM=0 HLT=0
ES =0030 0000000000000000 ffffffff 00cf9300 DPL=0 DS   [-WA]
CS =0038 0000000000000000 ffffffff 00af9a00 DPL=0 CS64 [-R-]
SS =0030 0000000000000000 ffffffff 00cf9300 DPL=0 DS   [-WA]
DS =0030 0000000000000000 ffffffff 00cf9300 DPL=0 DS   [-WA]
FS =0030 0000000000000000 ffffffff 00cf9300 DPL=0 DS   [-WA]
GS =0030 0000000000000000 ffffffff 00cf9300 DPL=0 DS   [-WA]
LDT=0000 0000000000000000 0000ffff 00008200 DPL=0 LDT
TR =0048 000000001f5db058 00000067 00008900 DPL=0 TSS64-avl
GDT=     000000001f5db000 00000057
IDT=     000000001f090018 00000fff
CR0=80010033 CR2=0000000000000000 CR3=000000001f801000 CR4=00000668
DR0=0000000000000000 DR1=0000000000000000 DR2=0000000000000000 DR3=0000000000000000 
DR6=00000000ffff0ff0 DR7=0000000000000400
CCS=0000000000000091 CCD=fffffffffffffff2 CCO=EFLAGS
EFER=0000000000000d00
Servicing hardware INT=0x20
   396: v=20 e=0000 i=0 cpl=0 IP=0038:000000001e865c60 pc=000000001e865c60 SP=0030:000000001fe8df70 env->regs[R_EAX]=0000000000003703
RAX=0000000000003703 RBX=0000000000002710 RCX=000000000000b008 RDX=0000000000b7e4d4
RSI=0000000000b81bd7 RDI=000000001e75e754 RBP=000000001fe8dfa0 RSP=000000001fe8df70
R8 =000000001fe8dfc0 R9 =000000000000b008 R10=0000000000000000 R11=0000000000000000
R12=0000000000000011 R13=000000000000c040 R14=000000001e710000 R15=0000000000000000
RIP=000000001e865c60 RFL=00000206 [-----P-] CPL=0 II=0 A20=1 SMM=0 HLT=0
ES =0030 0000000000000000 ffffffff 00cf9300 DPL=0 DS   [-WA]
CS =0038 0000000000000000 ffffffff 00af9a00 DPL=0 CS64 [-R-]
SS =0030 0000000000000000 ffffffff 00cf9300 DPL=0 DS   [-WA]
DS =0030 0000000000000000 ffffffff 00cf9300 DPL=0 DS   [-WA]
FS =0030 0000000000000000 ffffffff 00cf9300 DPL=0 DS   [-WA]
GS =0030 0000000000000000 ffffffff 00cf9300 DPL=0 DS   [-WA]
LDT=0000 0000000000000000 0000ffff 00008200 DPL=0 LDT
TR =0048 000000001f5db058 00000067 00008900 DPL=0 TSS64-avl
GDT=     000000001f5db000 00000057
IDT=     000000001f090018 00000fff
CR0=80010033 CR2=0000000000000000 CR3=000000001f801000 CR4=00000668
DR0=0000000000000000 DR1=0000000000000000 DR2=0000000000000000 DR3=0000000000000000 
DR6=00000000ffff0ff0 DR7=0000000000000400
CCS=0000000000000004 CCD=0000000000003703 CCO=EFLAGS
EFER=0000000000000d00
Servicing hardware INT=0x20
   397: v=20 e=0000 i=0 cpl=0 IP=0038:000000001fe8f439 pc=000000001fe8f439 SP=0030:000000001fe8e3c8 env->regs[R_EAX]=000000001e87fc98
RAX=000000001e87fc98 RBX=000000001e87fc98 RCX=000000001e757c98 RDX=000000001e87fc18
RSI=000000001f4ec018 RDI=000000001e757c98 RBP=000000001fe8e410 RSP=000000001fe8e3c8
R8 =000000001fe8e500 R9 =000000001e8afb98 R10=0000000000000000 R11=000000001e756e08
R12=0000000000000010 R13=000000001e8afb98 R14=000000001fe8e500 R15=000000001e88e700
RIP=000000001fe8f439 RFL=00000202 [-------] CPL=0 II=0 A20=1 SMM=0 HLT=0
ES =0030 0000000000000000 ffffffff 00cf9300 DPL=0 DS   [-WA]
CS =0038 0000000000000000 ffffffff 00af9a00 DPL=0 CS64 [-R-]
SS =0030 0000000000000000 ffffffff 00cf9300 DPL=0 DS   [-WA]
DS =0030 0000000000000000 ffffffff 00cf9300 DPL=0 DS   [-WA]
FS =0030 0000000000000000 ffffffff 00cf9300 DPL=0 DS   [-WA]
GS =0030 0000000000000000 ffffffff 00cf9300 DPL=0 DS   [-WA]
LDT=0000 0000000000000000 0000ffff 00008200 DPL=0 LDT
TR =0048 000000001f5db058 00000067 00008900 DPL=0 TSS64-avl
GDT=     000000001f5db000 00000057
IDT=     000000001f090018 00000fff
CR0=80010033 CR2=0000000000000000 CR3=000000001f801000 CR4=00000668
DR0=0000000000000000 DR1=0000000000000000 DR2=0000000000000000 DR3=0000000000000000 
DR6=00000000ffff0ff0 DR7=0000000000000400
CCS=0000000000000000 CCD=000000001e87fc98 CCO=EFLAGS
EFER=0000000000000d00
Servicing hardware INT=0x20
   398: v=20 e=0000 i=0 cpl=0 IP=0038:000000001e865c60 pc=000000001e865c60 SP=0030:000000001fe8dd90 env->regs[R_EAX]=00000000000028ed
RAX=00000000000028ed RBX=0000000000002710 RCX=000000000000b008 RDX=0000000000b8fc79
RSI=0000000000b92566 RDI=000000001e75e754 RBP=000000001fe8ddc0 RSP=000000001fe8dd90
R8 =000000001fe8dde0 R9 =000000000000b008 R10=0000000000000000 R11=0000000000000000
R12=0000000000000011 R13=000000000000c040 R14=000000001e710000 R15=0000000000000000
RIP=000000001e865c60 RFL=00000206 [-----P-] CPL=0 II=0 A20=1 SMM=0 HLT=0
ES =0030 0000000000000000 ffffffff 00cf9300 DPL=0 DS   [-WA]
CS =0038 0000000000000000 ffffffff 00af9a00 DPL=0 CS64 [-R-]
SS =0030 0000000000000000 ffffffff 00cf9300 DPL=0 DS   [-WA]
DS =0030 0000000000000000 ffffffff 00cf9300 DPL=0 DS   [-WA]
FS =0030 0000000000000000 ffffffff 00cf9300 DPL=0 DS   [-WA]
GS =0030 0000000000000000 ffffffff 00cf9300 DPL=0 DS   [-WA]
LDT=0000 0000000000000000 0000ffff 00008200 DPL=0 LDT
TR =0048 000000001f5db058 00000067 00008900 DPL=0 TSS64-avl
GDT=     000000001f5db000 00000057
IDT=     000000001f090018 00000fff
CR0=80010033 CR2=0000000000000000 CR3=000000001f801000 CR4=00000668
DR0=0000000000000000 DR1=0000000000000000 DR2=0000000000000000 DR3=0000000000000000 
DR6=00000000ffff0ff0 DR7=0000000000000400
CCS=0000000000000004 CCD=00000000000028ed CCO=EFLAGS
EFER=0000000000000d00
Servicing hardware INT=0x20
   399: v=20 e=0000 i=0 cpl=0 IP=0038:000000001e865c60 pc=000000001e865c60 SP=0030:000000001fe8dbd0 env->regs[R_EAX]=00000000000052eb
RAX=00000000000052eb RBX=0000000000002710 RCX=000000000000b008 RDX=0000000000b9885e
RSI=0000000000b9db49 RDI=000000001e75e754 RBP=000000001fe8dc00 RSP=000000001fe8dbd0
R8 =000000001fe8dc20 R9 =000000000000b008 R10=0000000000000000 R11=0000000000000000
R12=0000000000000011 R13=000000000000c040 R14=000000001e710000 R15=0000000000000000
RIP=000000001e865c60 RFL=00000206 [-----P-] CPL=0 II=0 A20=1 SMM=0 HLT=0
ES =0030 0000000000000000 ffffffff 00cf9300 DPL=0 DS   [-WA]
CS =0038 0000000000000000 ffffffff 00af9a00 DPL=0 CS64 [-R-]
SS =0030 0000000000000000 ffffffff 00cf9300 DPL=0 DS   [-WA]
DS =0030 0000000000000000 ffffffff 00cf9300 DPL=0 DS   [-WA]
FS =0030 0000000000000000 ffffffff 00cf9300 DPL=0 DS   [-WA]
GS =0030 0000000000000000 ffffffff 00cf9300 DPL=0 DS   [-WA]
LDT=0000 0000000000000000 0000ffff 00008200 DPL=0 LDT
TR =0048 000000001f5db058 00000067 00008900 DPL=0 TSS64-avl
GDT=     000000001f5db000 00000057
IDT=     000000001f090018 00000fff
CR0=80010033 CR2=0000000000000000 CR3=000000001f801000 CR4=00000668
DR0=0000000000000000 DR1=0000000000000000 DR2=0000000000000000 DR3=0000000000000000 
DR6=00000000ffff0ff0 DR7=0000000000000400
CCS=0000000000000004 CCD=00000000000052eb CCO=EFLAGS
EFER=0000000000000d00
Servicing hardware INT=0x20
   400: v=20 e=0000 i=0 cpl=0 IP=0038:000000001e865c60 pc=000000001e865c60 SP=0030:000000001fe8dbd0 env->regs[R_EAX]=0000000000007f14
RAX=0000000000007f14 RBX=0000000000002710 RCX=000000000000b008 RDX=0000000000ba141a
RSI=0000000000ba932e RDI=000000001e75e754 RBP=000000001fe8dc00 RSP=000000001fe8dbd0
R8 =000000001fe8dc20 R9 =000000000000b008 R10=0000000000000000 R11=0000000000000000
R12=0000000000000011 R13=000000000000c040 R14=000000001e710000 R15=0000000000000000
RIP=000000001e865c60 RFL=00000206 [-----P-] CPL=0 II=0 A20=1 SMM=0 HLT=0
ES =0030 0000000000000000 ffffffff 00cf9300 DPL=0 DS   [-WA]
CS =0038 0000000000000000 ffffffff 00af9a00 DPL=0 CS64 [-R-]
SS =0030 0000000000000000 ffffffff 00cf9300 DPL=0 DS   [-WA]
DS =0030 0000000000000000 ffffffff 00cf9300 DPL=0 DS   [-WA]
FS =0030 0000000000000000 ffffffff 00cf9300 DPL=0 DS   [-WA]
GS =0030 0000000000000000 ffffffff 00cf9300 DPL=0 DS   [-WA]
LDT=0000 0000000000000000 0000ffff 00008200 DPL=0 LDT
TR =0048 000000001f5db058 00000067 00008900 DPL=0 TSS64-avl
GDT=     000000001f5db000 00000057
IDT=     000000001f090018 00000fff
CR0=80010033 CR2=0000000000000000 CR3=000000001f801000 CR4=00000668
DR0=0000000000000000 DR1=0000000000000000 DR2=0000000000000000 DR3=0000000000000000 
DR6=00000000ffff0ff0 DR7=0000000000000400
CCS=0000000000000004 CCD=0000000000007f14 CCO=EFLAGS
EFER=0000000000000d00
Servicing hardware INT=0x20
   401: v=20 e=0000 i=0 cpl=0 IP=0038:000000001fea5bcc pc=000000001fea5bcc SP=0030:000000001fe8dab0 env->regs[R_EAX]=00000000000000af
RAX=00000000000000af RBX=0000000000000007 RCX=0000000000000000 RDX=000000001e708000
RSI=000000001fea97e8 RDI=000000001e719000 RBP=000000001fe8db50 RSP=000000001fe8dab0
R8 =00000000000000af R9 =0000000000000011 R10=0000000000000000 R11=000000001fea8360
R12=000000001e718fff R13=000000001fea82d0 R14=000000001e719000 R15=000000001fea7fa0
RIP=000000001fea5bcc RFL=00000206 [-----P-] CPL=0 II=0 A20=1 SMM=0 HLT=0
ES =0030 0000000000000000 ffffffff 00cf9300 DPL=0 DS   [-WA]
CS =0038 0000000000000000 ffffffff 00af9a00 DPL=0 CS64 [-R-]
SS =0030 0000000000000000 ffffffff 00cf9300 DPL=0 DS   [-WA]
DS =0030 0000000000000000 ffffffff 00cf9300 DPL=0 DS   [-WA]
FS =0030 0000000000000000 ffffffff 00cf9300 DPL=0 DS   [-WA]
GS =0030 0000000000000000 ffffffff 00cf9300 DPL=0 DS   [-WA]
LDT=0000 0000000000000000 0000ffff 00008200 DPL=0 LDT
TR =0048 000000001f5db058 00000067 00008900 DPL=0 TSS64-avl
GDT=     000000001f5db000 00000057
IDT=     000000001f090018 00000fff
CR0=80010033 CR2=0000000000000000 CR3=000000001f801000 CR4=00000668
DR0=0000000000000000 DR1=0000000000000000 DR2=0000000000000000 DR3=0000000000000000 
DR6=00000000ffff0ff0 DR7=0000000000000400
CCS=0000000000000004 CCD=0000000000011000 CCO=EFLAGS
EFER=0000000000000d00
Servicing hardware INT=0x20
   402: v=20 e=0000 i=0 cpl=0 IP=0038:000000001e865c60 pc=000000001e865c60 SP=0030:000000001fe8dd90 env->regs[R_EAX]=000000000000226e
RAX=000000000000226e RBX=0000000000002710 RCX=000000000000b008 RDX=0000000000bb2be8
RSI=0000000000bb4e56 RDI=000000001e75e754 RBP=000000001fe8ddc0 RSP=000000001fe8dd90
R8 =000000001fe8dde0 R9 =000000000000b008 R10=0000000000000000 R11=0000000000000000
R12=0000000000000011 R13=000000000000c040 R14=000000001e710000 R15=0000000000000000
RIP=000000001e865c60 RFL=00000202 [-------] CPL=0 II=0 A20=1 SMM=0 HLT=0
ES =0030 0000000000000000 ffffffff 00cf9300 DPL=0 DS   [-WA]
CS =0038 0000000000000000 ffffffff 00af9a00 DPL=0 CS64 [-R-]
SS =0030 0000000000000000 ffffffff 00cf9300 DPL=0 DS   [-WA]
DS =0030 0000000000000000 ffffffff 00cf9300 DPL=0 DS   [-WA]
FS =0030 0000000000000000 ffffffff 00cf9300 DPL=0 DS   [-WA]
GS =0030 0000000000000000 ffffffff 00cf9300 DPL=0 DS   [-WA]
LDT=0000 0000000000000000 0000ffff 00008200 DPL=0 LDT
TR =0048 000000001f5db058 00000067 00008900 DPL=0 TSS64-avl
GDT=     000000001f5db000 00000057
IDT=     000000001f090018 00000fff
CR0=80010033 CR2=0000000000000000 CR3=000000001f801000 CR4=00000668
DR0=0000000000000000 DR1=0000000000000000 DR2=0000000000000000 DR3=0000000000000000 
DR6=00000000ffff0ff0 DR7=0000000000000400
CCS=0000000000000000 CCD=000000000000226e CCO=EFLAGS
EFER=0000000000000d00
Servicing hardware INT=0x20
   403: v=20 e=0000 i=0 cpl=0 IP=0038:000000001e865c60 pc=000000001e865c60 SP=0030:000000001fe8def0 env->regs[R_EAX]=0000000000005740
RAX=0000000000005740 RBX=0000000000002710 RCX=000000000000b008 RDX=0000000000bbb792
RSI=0000000000bc0ed2 RDI=000000001e75e754 RBP=000000001fe8df20 RSP=000000001fe8def0
R8 =000000001fe8df40 R9 =000000000000b008 R10=0000000000000000 R11=0000000000000000
R12=0000000000000011 R13=000000000000c040 R14=000000001e710000 R15=0000000000000000
RIP=000000001e865c60 RFL=00000202 [-------] CPL=0 II=0 A20=1 SMM=0 HLT=0
ES =0030 0000000000000000 ffffffff 00cf9300 DPL=0 DS   [-WA]
CS =0038 0000000000000000 ffffffff 00af9a00 DPL=0 CS64 [-R-]
SS =0030 0000000000000000 ffffffff 00cf9300 DPL=0 DS   [-WA]
DS =0030 0000000000000000 ffffffff 00cf9300 DPL=0 DS   [-WA]
FS =0030 0000000000000000 ffffffff 00cf9300 DPL=0 DS   [-WA]
GS =0030 0000000000000000 ffffffff 00cf9300 DPL=0 DS   [-WA]
LDT=0000 0000000000000000 0000ffff 00008200 DPL=0 LDT
TR =0048 000000001f5db058 00000067 00008900 DPL=0 TSS64-avl
GDT=     000000001f5db000 00000057
IDT=     000000001f090018 00000fff
CR0=80010033 CR2=0000000000000000 CR3=000000001f801000 CR4=00000668
DR0=0000000000000000 DR1=0000000000000000 DR2=0000000000000000 DR3=0000000000000000 
DR6=00000000ffff0ff0 DR7=0000000000000400
CCS=0000000000000000 CCD=0000000000005740 CCO=EFLAGS
EFER=0000000000000d00
Servicing hardware INT=0x20
   404: v=20 e=0000 i=0 cpl=0 IP=0038:000000001e865c60 pc=000000001e865c60 SP=0030:000000001fe8de40 env->regs[R_EAX]=0000000000008b3d
RAX=0000000000008b3d RBX=0000000000002710 RCX=000000000000b008 RDX=0000000000bc434c
RSI=0000000000bcce89 RDI=000000001e75e754 RBP=000000001fe8de70 RSP=000000001fe8de40
R8 =000000001fe8de90 R9 =000000000000b008 R10=0000000000000000 R11=0000000000000000
R12=0000000000000011 R13=000000000000c040 R14=000000001e710000 R15=0000000000000000
RIP=000000001e865c60 RFL=00000202 [-------] CPL=0 II=0 A20=1 SMM=0 HLT=0
ES =0030 0000000000000000 ffffffff 00cf9300 DPL=0 DS   [-WA]
CS =0038 0000000000000000 ffffffff 00af9a00 DPL=0 CS64 [-R-]
SS =0030 0000000000000000 ffffffff 00cf9300 DPL=0 DS   [-WA]
DS =0030 0000000000000000 ffffffff 00cf9300 DPL=0 DS   [-WA]
FS =0030 0000000000000000 ffffffff 00cf9300 DPL=0 DS   [-WA]
GS =0030 0000000000000000 ffffffff 00cf9300 DPL=0 DS   [-WA]
LDT=0000 0000000000000000 0000ffff 00008200 DPL=0 LDT
TR =0048 000000001f5db058 00000067 00008900 DPL=0 TSS64-avl
GDT=     000000001f5db000 00000057
IDT=     000000001f090018 00000fff
CR0=80010033 CR2=0000000000000000 CR3=000000001f801000 CR4=00000668
DR0=0000000000000000 DR1=0000000000000000 DR2=0000000000000000 DR3=0000000000000000 
DR6=00000000ffff0ff0 DR7=0000000000000400
CCS=0000000000000000 CCD=0000000000008b3d CCO=EFLAGS
EFER=0000000000000d00
Servicing hardware INT=0x20
   405: v=20 e=0000 i=0 cpl=0 IP=0038:000000001fe9da59 pc=000000001fe9da59 SP=0030:000000001fe8dbd8 env->regs[R_EAX]=0000000000000008
RAX=0000000000000008 RBX=000000001f4ecf18 RCX=000000001f4ecf30 RDX=000000001ec6dd30
RSI=0000000000000000 RDI=000000001ec6dd30 RBP=000000001fe8dc30 RSP=000000001fe8dbd8
R8 =000000001ec74808 R9 =000000001fe8ddf8 R10=0000000000000000 R11=0000000000000000
R12=000000001f4ecf20 R13=000000001ec6dd30 R14=000000001fea85f0 R15=0000000000000000
RIP=000000001fe9da59 RFL=00000202 [-------] CPL=0 II=0 A20=1 SMM=0 HLT=0
ES =0030 0000000000000000 ffffffff 00cf9300 DPL=0 DS   [-WA]
CS =0038 0000000000000000 ffffffff 00af9a00 DPL=0 CS64 [-R-]
SS =0030 0000000000000000 ffffffff 00cf9300 DPL=0 DS   [-WA]
DS =0030 0000000000000000 ffffffff 00cf9300 DPL=0 DS   [-WA]
FS =0030 0000000000000000 ffffffff 00cf9300 DPL=0 DS   [-WA]
GS =0030 0000000000000000 ffffffff 00cf9300 DPL=0 DS   [-WA]
LDT=0000 0000000000000000 0000ffff 00008200 DPL=0 LDT
TR =0048 000000001f5db058 00000067 00008900 DPL=0 TSS64-avl
GDT=     000000001f5db000 00000057
IDT=     000000001f090018 00000fff
CR0=80010033 CR2=0000000000000000 CR3=000000001f801000 CR4=00000668
DR0=0000000000000000 DR1=0000000000000000 DR2=0000000000000000 DR3=0000000000000000 
DR6=00000000ffff0ff0 DR7=0000000000000400
CCS=0000000000000000 CCD=000000001fe8dbe0 CCO=EFLAGS
EFER=0000000000000d00
Servicing hardware INT=0x20
   406: v=20 e=0000 i=0 cpl=0 IP=0038:000000001e865c60 pc=000000001e865c60 SP=0030:000000001fe8de40 env->regs[R_EAX]=0000000000002ddc
RAX=0000000000002ddc RBX=0000000000002710 RCX=000000000000b008 RDX=0000000000bd5b20
RSI=0000000000bd88fc RDI=000000001e75e754 RBP=000000001fe8de70 RSP=000000001fe8de40
R8 =000000001fe8de90 R9 =000000000000b008 R10=0000000000000000 R11=0000000000000000
R12=0000000000000011 R13=000000000000c040 R14=000000001e710000 R15=0000000000000000
RIP=000000001e865c60 RFL=00000202 [-------] CPL=0 II=0 A20=1 SMM=0 HLT=0
ES =0030 0000000000000000 ffffffff 00cf9300 DPL=0 DS   [-WA]
CS =0038 0000000000000000 ffffffff 00af9a00 DPL=0 CS64 [-R-]
SS =0030 0000000000000000 ffffffff 00cf9300 DPL=0 DS   [-WA]
DS =0030 0000000000000000 ffffffff 00cf9300 DPL=0 DS   [-WA]
FS =0030 0000000000000000 ffffffff 00cf9300 DPL=0 DS   [-WA]
GS =0030 0000000000000000 ffffffff 00cf9300 DPL=0 DS   [-WA]
LDT=0000 0000000000000000 0000ffff 00008200 DPL=0 LDT
TR =0048 000000001f5db058 00000067 00008900 DPL=0 TSS64-avl
GDT=     000000001f5db000 00000057
IDT=     000000001f090018 00000fff
CR0=80010033 CR2=0000000000000000 CR3=000000001f801000 CR4=00000668
DR0=0000000000000000 DR1=0000000000000000 DR2=0000000000000000 DR3=0000000000000000 
DR6=00000000ffff0ff0 DR7=0000000000000400
CCS=0000000000000000 CCD=0000000000002ddc CCO=EFLAGS
EFER=0000000000000d00
Servicing hardware INT=0x20
   407: v=20 e=0000 i=0 cpl=0 IP=0038:000000001fea5bca pc=000000001fea5bca SP=0030:000000001fe8e2b0 env->regs[R_EAX]=00000000000000af
RAX=00000000000000af RBX=000000001e090000 RCX=00000000003f0001 RDX=000000001e090018
RSI=000000001e511000 RDI=000000001e120017 RBP=000000001fe8e320 RSP=000000001fe8e2b0
R8 =00000000000000af R9 =0000000000481000 R10=0000000000000000 R11=000000001fea8360
R12=000000001e090018 R13=0000000000480028 R14=0000000000000481 R15=0000000000000000
RIP=000000001fea5bca RFL=00010206 [-----P-] CPL=0 II=0 A20=1 SMM=0 HLT=0
ES =0030 0000000000000000 ffffffff 00cf9300 DPL=0 DS   [-WA]
CS =0038 0000000000000000 ffffffff 00af9a00 DPL=0 CS64 [-R-]
SS =0030 0000000000000000 ffffffff 00cf9300 DPL=0 DS   [-WA]
DS =0030 0000000000000000 ffffffff 00cf9300 DPL=0 DS   [-WA]
FS =0030 0000000000000000 ffffffff 00cf9300 DPL=0 DS   [-WA]
GS =0030 0000000000000000 ffffffff 00cf9300 DPL=0 DS   [-WA]
LDT=0000 0000000000000000 0000ffff 00008200 DPL=0 LDT
TR =0048 000000001f5db058 00000067 00008900 DPL=0 TSS64-avl
GDT=     000000001f5db000 00000057
IDT=     000000001f090018 00000fff
CR0=80010033 CR2=0000000000000000 CR3=000000001f801000 CR4=00000668
DR0=0000000000000000 DR1=0000000000000000 DR2=0000000000000000 DR3=0000000000000000 
DR6=00000000ffff0ff0 DR7=0000000000000400
CCS=0000000000000004 CCD=0000000000480000 CCO=EFLAGS
EFER=0000000000000d00
Servicing hardware INT=0x20
   408: v=20 e=0000 i=0 cpl=0 IP=0038:000000001fea5bca pc=000000001fea5bca SP=0030:000000001fe8e2b0 env->regs[R_EAX]=00000000000000af
RAX=00000000000000af RBX=000000001e090000 RCX=00000000002d0001 RDX=000000001e090018
RSI=000000001e511000 RDI=000000001e240017 RBP=000000001fe8e320 RSP=000000001fe8e2b0
R8 =00000000000000af R9 =0000000000481000 R10=0000000000000000 R11=000000001fea8360
R12=000000001e090018 R13=0000000000480028 R14=0000000000000481 R15=0000000000000000
RIP=000000001fea5bca RFL=00010206 [-----P-] CPL=0 II=0 A20=1 SMM=0 HLT=0
ES =0030 0000000000000000 ffffffff 00cf9300 DPL=0 DS   [-WA]
CS =0038 0000000000000000 ffffffff 00af9a00 DPL=0 CS64 [-R-]
SS =0030 0000000000000000 ffffffff 00cf9300 DPL=0 DS   [-WA]
DS =0030 0000000000000000 ffffffff 00cf9300 DPL=0 DS   [-WA]
FS =0030 0000000000000000 ffffffff 00cf9300 DPL=0 DS   [-WA]
GS =0030 0000000000000000 ffffffff 00cf9300 DPL=0 DS   [-WA]
LDT=0000 0000000000000000 0000ffff 00008200 DPL=0 LDT
TR =0048 000000001f5db058 00000067 00008900 DPL=0 TSS64-avl
GDT=     000000001f5db000 00000057
IDT=     000000001f090018 00000fff
CR0=80010033 CR2=0000000000000000 CR3=000000001f801000 CR4=00000668
DR0=0000000000000000 DR1=0000000000000000 DR2=0000000000000000 DR3=0000000000000000 
DR6=00000000ffff0ff0 DR7=0000000000000400
CCS=0000000000000004 CCD=0000000000000000 CCO=EFLAGS
EFER=0000000000000d00
Servicing hardware INT=0x20
   409: v=20 e=0000 i=0 cpl=0 IP=0038:000000001fea5bca pc=000000001fea5bca SP=0030:000000001fe8e2b0 env->regs[R_EAX]=00000000000000af
RAX=00000000000000af RBX=000000001e090000 RCX=00000000001c0001 RDX=000000001e090018
RSI=000000001e511000 RDI=000000001e350017 RBP=000000001fe8e320 RSP=000000001fe8e2b0
R8 =00000000000000af R9 =0000000000481000 R10=0000000000000000 R11=000000001fea8360
R12=000000001e090018 R13=0000000000480028 R14=0000000000000481 R15=0000000000000000
RIP=000000001fea5bca RFL=00010206 [-----P-] CPL=0 II=0 A20=1 SMM=0 HLT=0
ES =0030 0000000000000000 ffffffff 00cf9300 DPL=0 DS   [-WA]
CS =0038 0000000000000000 ffffffff 00af9a00 DPL=0 CS64 [-R-]
SS =0030 0000000000000000 ffffffff 00cf9300 DPL=0 DS   [-WA]
DS =0030 0000000000000000 ffffffff 00cf9300 DPL=0 DS   [-WA]
FS =0030 0000000000000000 ffffffff 00cf9300 DPL=0 DS   [-WA]
GS =0030 0000000000000000 ffffffff 00cf9300 DPL=0 DS   [-WA]
LDT=0000 0000000000000000 0000ffff 00008200 DPL=0 LDT
TR =0048 000000001f5db058 00000067 00008900 DPL=0 TSS64-avl
GDT=     000000001f5db000 00000057
IDT=     000000001f090018 00000fff
CR0=80010033 CR2=0000000000000000 CR3=000000001f801000 CR4=00000668
DR0=0000000000000000 DR1=0000000000000000 DR2=0000000000000000 DR3=0000000000000000 
DR6=00000000ffff0ff0 DR7=0000000000000400
CCS=0000000000000004 CCD=0000000000000000 CCO=EFLAGS
EFER=0000000000000d00
Servicing hardware INT=0x20
   410: v=20 e=0000 i=0 cpl=0 IP=0038:000000001fea5bca pc=000000001fea5bca SP=0030:000000001fe8e2b0 env->regs[R_EAX]=00000000000000af
RAX=00000000000000af RBX=000000001e090000 RCX=00000000000a0001 RDX=000000001e090018
RSI=000000001e511000 RDI=000000001e470017 RBP=000000001fe8e320 RSP=000000001fe8e2b0
R8 =00000000000000af R9 =0000000000481000 R10=0000000000000000 R11=000000001fea8360
R12=000000001e090018 R13=0000000000480028 R14=0000000000000481 R15=0000000000000000
RIP=000000001fea5bca RFL=00010206 [-----P-] CPL=0 II=0 A20=1 SMM=0 HLT=0
ES =0030 0000000000000000 ffffffff 00cf9300 DPL=0 DS   [-WA]
CS =0038 0000000000000000 ffffffff 00af9a00 DPL=0 CS64 [-R-]
SS =0030 0000000000000000 ffffffff 00cf9300 DPL=0 DS   [-WA]
DS =0030 0000000000000000 ffffffff 00cf9300 DPL=0 DS   [-WA]
FS =0030 0000000000000000 ffffffff 00cf9300 DPL=0 DS   [-WA]
GS =0030 0000000000000000 ffffffff 00cf9300 DPL=0 DS   [-WA]
LDT=0000 0000000000000000 0000ffff 00008200 DPL=0 LDT
TR =0048 000000001f5db058 00000067 00008900 DPL=0 TSS64-avl
GDT=     000000001f5db000 00000057
IDT=     000000001f090018 00000fff
CR0=80010033 CR2=0000000000000000 CR3=000000001f801000 CR4=00000668
DR0=0000000000000000 DR1=0000000000000000 DR2=0000000000000000 DR3=0000000000000000 
DR6=00000000ffff0ff0 DR7=0000000000000400
CCS=0000000000000004 CCD=0000000000000000 CCO=EFLAGS
EFER=0000000000000d00
Servicing hardware INT=0x20
   411: v=20 e=0000 i=0 cpl=0 IP=0038:000000001e84ca43 pc=000000001e84ca43 SP=0030:000000001fe8e428 env->regs[R_EAX]=0000000000000000
RAX=0000000000000000 RBX=000000001e714018 RCX=0000000000030001 RDX=0000000000000000
RSI=0000000000080000 RDI=000000001e390010 RBP=000000001fe8e540 RSP=000000001fe8e428
R8 =000000001e7211ff R9 =000000001fe8e221 R10=000000001fe8e221 R11=000000001fea8360
R12=000000001e757c98 R13=000000001e84cd40 R14=0000000000000002 R15=0000000000000200
RIP=000000001e84ca43 RFL=00010246 [---Z-P-] CPL=0 II=0 A20=1 SMM=0 HLT=0
ES =0030 0000000000000000 ffffffff 00cf9300 DPL=0 DS   [-WA]
CS =0038 0000000000000000 ffffffff 00af9a00 DPL=0 CS64 [-R-]
SS =0030 0000000000000000 ffffffff 00cf9300 DPL=0 DS   [-WA]
DS =0030 0000000000000000 ffffffff 00cf9300 DPL=0 DS   [-WA]
FS =0030 0000000000000000 ffffffff 00cf9300 DPL=0 DS   [-WA]
GS =0030 0000000000000000 ffffffff 00cf9300 DPL=0 DS   [-WA]
LDT=0000 0000000000000000 0000ffff 00008200 DPL=0 LDT
TR =0048 000000001f5db058 00000067 00008900 DPL=0 TSS64-avl
GDT=     000000001f5db000 00000057
IDT=     000000001f090018 00000fff
CR0=80010033 CR2=0000000000000000 CR3=000000001f801000 CR4=00000668
DR0=0000000000000000 DR1=0000000000000000 DR2=0000000000000000 DR3=0000000000000000 
DR6=00000000ffff0ff0 DR7=0000000000000400
CCS=0000000000000044 CCD=0000000000000000 CCO=EFLAGS
EFER=0000000000000d00
Servicing hardware INT=0x20
   412: v=20 e=0000 i=0 cpl=0 IP=0038:000000001fea5bcc pc=000000001fea5bcc SP=0030:000000001fe8e530 env->regs[R_EAX]=00000000000000af
RAX=00000000000000af RBX=000000001e757600 RCX=0000000000000000 RDX=000000001e757618
RSI=000000001fea9d68 RDI=000000001e757778 RBP=000000001fe8e5a0 RSP=000000001fe8e530
R8 =00000000000000af R9 =000000001fe8e7a0 R10=0000000000000000 R11=000000000000002c
R12=000000001e757618 R13=0000000000000188 R14=0000000000000003 R15=0000000000000000
RIP=000000001fea5bcc RFL=00000206 [-----P-] CPL=0 II=0 A20=1 SMM=0 HLT=0
ES =0030 0000000000000000 ffffffff 00cf9300 DPL=0 DS   [-WA]
CS =0038 0000000000000000 ffffffff 00af9a00 DPL=0 CS64 [-R-]
SS =0030 0000000000000000 ffffffff 00cf9300 DPL=0 DS   [-WA]
DS =0030 0000000000000000 ffffffff 00cf9300 DPL=0 DS   [-WA]
FS =0030 0000000000000000 ffffffff 00cf9300 DPL=0 DS   [-WA]
GS =0030 0000000000000000 ffffffff 00cf9300 DPL=0 DS   [-WA]
LDT=0000 0000000000000000 0000ffff 00008200 DPL=0 LDT
TR =0048 000000001f5db058 00000067 00008900 DPL=0 TSS64-avl
GDT=     000000001f5db000 00000057
IDT=     000000001f090018 00000fff
CR0=80010033 CR2=0000000000000000 CR3=000000001f801000 CR4=00000668
DR0=0000000000000000 DR1=0000000000000000 DR2=0000000000000000 DR3=0000000000000000 
DR6=00000000ffff0ff0 DR7=0000000000000400
CCS=0000000000000004 CCD=0000000000000160 CCO=EFLAGS
EFER=0000000000000d00
Servicing hardware INT=0x20
   413: v=20 e=0000 i=0 cpl=0 IP=0038:000000001fe8f283 pc=000000001fe8f283 SP=0030:000000001fe8e560 env->regs[R_EAX]=0000000000000000
RAX=0000000000000000 RBX=0000000000002710 RCX=000000000000b008 RDX=0000000000c12c58
RSI=0000000000000000 RDI=0000000000002710 RBP=000000001fe8e590 RSP=000000001fe8e560
R8 =00000000000000af R9 =000000000000b008 R10=000000001ec4b3f0 R11=0000000000000001
R12=ffffffff00000001 R13=000000001e535ef8 R14=0000000000000004 R15=000000001e535f18
RIP=000000001fe8f283 RFL=00000246 [---Z-P-] CPL=0 II=0 A20=1 SMM=0 HLT=0
ES =0030 0000000000000000 ffffffff 00cf9300 DPL=0 DS   [-WA]
CS =0038 0000000000000000 ffffffff 00af9a00 DPL=0 CS64 [-R-]
SS =0030 0000000000000000 ffffffff 00cf9300 DPL=0 DS   [-WA]
DS =0030 0000000000000000 ffffffff 00cf9300 DPL=0 DS   [-WA]
FS =0030 0000000000000000 ffffffff 00cf9300 DPL=0 DS   [-WA]
GS =0030 0000000000000000 ffffffff 00cf9300 DPL=0 DS   [-WA]
LDT=0000 0000000000000000 0000ffff 00008200 DPL=0 LDT
TR =0048 000000001f5db058 00000067 00008900 DPL=0 TSS64-avl
GDT=     000000001f5db000 00000057
IDT=     000000001f090018 00000fff
CR0=80010033 CR2=0000000000000000 CR3=000000001f801000 CR4=00000668
DR0=0000000000000000 DR1=0000000000000000 DR2=0000000000000000 DR3=0000000000000000 
DR6=00000000ffff0ff0 DR7=0000000000000400
CCS=0000000000000044 CCD=0000000100000000 CCO=EFLAGS
EFER=0000000000000d00
Servicing hardware INT=0x20
   414: v=20 e=0000 i=0 cpl=0 IP=0038:000000001ec5d370 pc=000000001ec5d370 SP=0030:000000001fe8e520 env->regs[R_EAX]=00000000000007d1
RAX=00000000000007d1 RBX=0000000000c1c185 RCX=000000000000b008 RDX=0000000000c1b9b4
RSI=0000000000000000 RDI=0000000000000dfb RBP=000000001fe8e530 RSP=000000001fe8e520
R8 =00000000000000af R9 =000000000000b008 R10=000000001ec4b3f0 R11=0000000000000001
R12=0000000000000000 R13=000000001e535ef8 R14=0000000000000004 R15=000000001e535f18
RIP=000000001ec5d370 RFL=00000206 [-----P-] CPL=0 II=0 A20=1 SMM=0 HLT=0
ES =0030 0000000000000000 ffffffff 00cf9300 DPL=0 DS   [-WA]
CS =0038 0000000000000000 ffffffff 00af9a00 DPL=0 CS64 [-R-]
SS =0030 0000000000000000 ffffffff 00cf9300 DPL=0 DS   [-WA]
DS =0030 0000000000000000 ffffffff 00cf9300 DPL=0 DS   [-WA]
FS =0030 0000000000000000 ffffffff 00cf9300 DPL=0 DS   [-WA]
GS =0030 0000000000000000 ffffffff 00cf9300 DPL=0 DS   [-WA]
LDT=0000 0000000000000000 0000ffff 00008200 DPL=0 LDT
TR =0048 000000001f5db058 00000067 00008900 DPL=0 TSS64-avl
GDT=     000000001f5db000 00000057
IDT=     000000001f090018 00000fff
CR0=80010033 CR2=0000000000000000 CR3=000000001f801000 CR4=00000668
DR0=0000000000000000 DR1=0000000000000000 DR2=0000000000000000 DR3=0000000000000000 
DR6=00000000ffff0ff0 DR7=0000000000000400
CCS=0000000000000004 CCD=00000000000007d1 CCO=EFLAGS
EFER=0000000000000d00
Servicing hardware INT=0x20
   415: v=20 e=0000 i=0 cpl=0 IP=0038:000000001ec5d370 pc=000000001ec5d370 SP=0030:000000001fe8e520 env->regs[R_EAX]=0000000000000ae2
RAX=0000000000000ae2 RBX=0000000000c25078 RCX=000000000000b008 RDX=0000000000c24596
RSI=0000000000000000 RDI=0000000000000dfb RBP=000000001fe8e530 RSP=000000001fe8e520
R8 =00000000000000af R9 =000000000000b008 R10=000000001ec4b3f0 R11=0000000000000001
R12=0000000000000000 R13=000000001e535ef8 R14=0000000000000004 R15=000000001e535f18
RIP=000000001ec5d370 RFL=00000206 [-----P-] CPL=0 II=0 A20=1 SMM=0 HLT=0
ES =0030 0000000000000000 ffffffff 00cf9300 DPL=0 DS   [-WA]
CS =0038 0000000000000000 ffffffff 00af9a00 DPL=0 CS64 [-R-]
SS =0030 0000000000000000 ffffffff 00cf9300 DPL=0 DS   [-WA]
DS =0030 0000000000000000 ffffffff 00cf9300 DPL=0 DS   [-WA]
FS =0030 0000000000000000 ffffffff 00cf9300 DPL=0 DS   [-WA]
GS =0030 0000000000000000 ffffffff 00cf9300 DPL=0 DS   [-WA]
LDT=0000 0000000000000000 0000ffff 00008200 DPL=0 LDT
TR =0048 000000001f5db058 00000067 00008900 DPL=0 TSS64-avl
GDT=     000000001f5db000 00000057
IDT=     000000001f090018 00000fff
CR0=80010033 CR2=0000000000000000 CR3=000000001f801000 CR4=00000668
DR0=0000000000000000 DR1=0000000000000000 DR2=0000000000000000 DR3=0000000000000000 
DR6=00000000ffff0ff0 DR7=0000000000000400
CCS=0000000000000004 CCD=0000000000000ae2 CCO=EFLAGS
EFER=0000000000000d00
Servicing hardware INT=0x20
   416: v=20 e=0000 i=0 cpl=0 IP=0038:000000001ec5d370 pc=000000001ec5d370 SP=0030:000000001fe8e520 env->regs[R_EAX]=0000000000000b7e
RAX=0000000000000b7e RBX=0000000000c2dcd7 RCX=000000000000b008 RDX=0000000000c2d159
RSI=0000000000000000 RDI=0000000000000dfb RBP=000000001fe8e530 RSP=000000001fe8e520
R8 =00000000000000af R9 =000000000000b008 R10=000000001ec4b3f0 R11=0000000000000001
R12=0000000000000000 R13=000000001e535ef8 R14=0000000000000004 R15=000000001e535f18
RIP=000000001ec5d370 RFL=00000206 [-----P-] CPL=0 II=0 A20=1 SMM=0 HLT=0
ES =0030 0000000000000000 ffffffff 00cf9300 DPL=0 DS   [-WA]
CS =0038 0000000000000000 ffffffff 00af9a00 DPL=0 CS64 [-R-]
SS =0030 0000000000000000 ffffffff 00cf9300 DPL=0 DS   [-WA]
DS =0030 0000000000000000 ffffffff 00cf9300 DPL=0 DS   [-WA]
FS =0030 0000000000000000 ffffffff 00cf9300 DPL=0 DS   [-WA]
GS =0030 0000000000000000 ffffffff 00cf9300 DPL=0 DS   [-WA]
LDT=0000 0000000000000000 0000ffff 00008200 DPL=0 LDT
TR =0048 000000001f5db058 00000067 00008900 DPL=0 TSS64-avl
GDT=     000000001f5db000 00000057
IDT=     000000001f090018 00000fff
CR0=80010033 CR2=0000000000000000 CR3=000000001f801000 CR4=00000668
DR0=0000000000000000 DR1=0000000000000000 DR2=0000000000000000 DR3=0000000000000000 
DR6=00000000ffff0ff0 DR7=0000000000000400
CCS=0000000000000004 CCD=0000000000000b7e CCO=EFLAGS
EFER=0000000000000d00
Servicing hardware INT=0x20
   417: v=20 e=0000 i=0 cpl=0 IP=0038:000000001e5194f0 pc=000000001e5194f0 SP=0030:000000001fe8e620 env->regs[R_EAX]=0000000081040000
RAX=0000000081040000 RBX=000000001e5376d0 RCX=000000000000b008 RDX=0000000080080702
RSI=000000000000000d RDI=00000000000003e8 RBP=0000000000140260 RSP=000000001fe8e620
R8 =00000000000000af R9 =000000000000b008 R10=000000001ec4b3f0 R11=0000000000000001
R12=0000000000140260 R13=000000001e535ef8 R14=0000000000000004 R15=000000001e535f18
RIP=000000001e5194f0 RFL=00000202 [-------] CPL=0 II=0 A20=1 SMM=0 HLT=0
ES =0030 0000000000000000 ffffffff 00cf9300 DPL=0 DS   [-WA]
CS =0038 0000000000000000 ffffffff 00af9a00 DPL=0 CS64 [-R-]
SS =0030 0000000000000000 ffffffff 00cf9300 DPL=0 DS   [-WA]
DS =0030 0000000000000000 ffffffff 00cf9300 DPL=0 DS   [-WA]
FS =0030 0000000000000000 ffffffff 00cf9300 DPL=0 DS   [-WA]
GS =0030 0000000000000000 ffffffff 00cf9300 DPL=0 DS   [-WA]
LDT=0000 0000000000000000 0000ffff 00008200 DPL=0 LDT
TR =0048 000000001f5db058 00000067 00008900 DPL=0 TSS64-avl
GDT=     000000001f5db000 00000057
IDT=     000000001f090018 00000fff
CR0=80010033 CR2=0000000000000000 CR3=000000001f801000 CR4=00000668
DR0=0000000000000000 DR1=0000000000000000 DR2=0000000000000000 DR3=0000000000000000 
DR6=00000000ffff0ff0 DR7=0000000000000400
CCS=0000000000000000 CCD=0000000000000002 CCO=EFLAGS
EFER=0000000000000d00
Servicing hardware INT=0x20
   418: v=20 e=0000 i=0 cpl=0 IP=0038:000000001e51c67b pc=000000001e51c67b SP=0030:000000001fe8e3b8 env->regs[R_EAX]=0000000000000023
RAX=0000000000000023 RBX=000000001fe8e4a0 RCX=000000000000000f RDX=0000000000000010
RSI=000000000000010b RDI=000000001e537f08 RBP=0000000000000010 RSP=000000001fe8e3b8
R8 =0000000000000001 R9 =0000000000000021 R10=000000001fe8e490 R11=000000001fe8e480
R12=000000000000010b R13=000000000000001c R14=000000001e537ca8 R15=000000001e536b38
RIP=000000001e51c67b RFL=00000202 [-------] CPL=0 II=0 A20=1 SMM=0 HLT=0
ES =0030 0000000000000000 ffffffff 00cf9300 DPL=0 DS   [-WA]
CS =0038 0000000000000000 ffffffff 00af9a00 DPL=0 CS64 [-R-]
SS =0030 0000000000000000 ffffffff 00cf9300 DPL=0 DS   [-WA]
DS =0030 0000000000000000 ffffffff 00cf9300 DPL=0 DS   [-WA]
FS =0030 0000000000000000 ffffffff 00cf9300 DPL=0 DS   [-WA]
GS =0030 0000000000000000 ffffffff 00cf9300 DPL=0 DS   [-WA]
LDT=0000 0000000000000000 0000ffff 00008200 DPL=0 LDT
TR =0048 000000001f5db058 00000067 00008900 DPL=0 TSS64-avl
GDT=     000000001f5db000 00000057
IDT=     000000001f090018 00000fff
CR0=80010033 CR2=0000000000000000 CR3=000000001f801000 CR4=00000668
DR0=0000000000000000 DR1=0000000000000000 DR2=0000000000000000 DR3=0000000000000000 
DR6=00000000ffff0ff0 DR7=0000000000000400
CCS=0000000000000000 CCD=000000000000010b CCO=EFLAGS
EFER=0000000000000d00
Servicing hardware INT=0x20
   419: v=20 e=0000 i=0 cpl=0 IP=0038:000000001fe9da59 pc=000000001fe9da59 SP=0030:000000001fe8e6b8 env->regs[R_EAX]=0000000009ca0600
RAX=0000000009ca0600 RBX=000000001ec75698 RCX=000000001ec756b0 RDX=000000001fea8650
RSI=0000000000000000 RDI=000000001fea8650 RBP=000000001fe8e710 RSP=000000001fe8e6b8
R8 =0000000000000000 R9 =000000001fe8e890 R10=000000001e712318 R11=000000000000002c
R12=000000001ec756a0 R13=000000001fea8650 R14=000000001fea85f0 R15=0000000000000000
RIP=000000001fe9da59 RFL=00000206 [-----P-] CPL=0 II=0 A20=1 SMM=0 HLT=0
ES =0030 0000000000000000 ffffffff 00cf9300 DPL=0 DS   [-WA]
CS =0038 0000000000000000 ffffffff 00af9a00 DPL=0 CS64 [-R-]
SS =0030 0000000000000000 ffffffff 00cf9300 DPL=0 DS   [-WA]
DS =0030 0000000000000000 ffffffff 00cf9300 DPL=0 DS   [-WA]
FS =0030 0000000000000000 ffffffff 00cf9300 DPL=0 DS   [-WA]
GS =0030 0000000000000000 ffffffff 00cf9300 DPL=0 DS   [-WA]
LDT=0000 0000000000000000 0000ffff 00008200 DPL=0 LDT
TR =0048 000000001f5db058 00000067 00008900 DPL=0 TSS64-avl
GDT=     000000001f5db000 00000057
IDT=     000000001f090018 00000fff
CR0=80010033 CR2=0000000000000000 CR3=000000001f801000 CR4=00000668
DR0=0000000000000000 DR1=0000000000000000 DR2=0000000000000000 DR3=0000000000000000 
DR6=00000000ffff0ff0 DR7=0000000000000400
CCS=0000000000000004 CCD=000000001fe8e6c0 CCO=EFLAGS
EFER=0000000000000d00
Servicing hardware INT=0x20
   420: v=20 e=0000 i=0 cpl=0 IP=0038:000000001fe9471d pc=000000001fe9471d SP=0030:000000001fe8e7c0 env->regs[R_EAX]=0000000000000022
RAX=0000000000000022 RBX=000000000000002c RCX=000000001e756618 RDX=0000000000000022
RSI=000000001e7eafc0 RDI=0000000000000022 RBP=000000001fe8e810 RSP=000000001fe8e7c0
R8 =0000000000000001 R9 =000000001f4ecb18 R10=000000001e756618 R11=000000000000002c
R12=000000001e712318 R13=000000001e800d18 R14=000000001fe8e8b8 R15=0000000000000000
RIP=000000001fe9471d RFL=00000246 [---Z-P-] CPL=0 II=0 A20=1 SMM=0 HLT=0
ES =0030 0000000000000000 ffffffff 00cf9300 DPL=0 DS   [-WA]
CS =0038 0000000000000000 ffffffff 00af9a00 DPL=0 CS64 [-R-]
SS =0030 0000000000000000 ffffffff 00cf9300 DPL=0 DS   [-WA]
DS =0030 0000000000000000 ffffffff 00cf9300 DPL=0 DS   [-WA]
FS =0030 0000000000000000 ffffffff 00cf9300 DPL=0 DS   [-WA]
GS =0030 0000000000000000 ffffffff 00cf9300 DPL=0 DS   [-WA]
LDT=0000 0000000000000000 0000ffff 00008200 DPL=0 LDT
TR =0048 000000001f5db058 00000067 00008900 DPL=0 TSS64-avl
GDT=     000000001f5db000 00000057
IDT=     000000001f090018 00000fff
CR0=80010033 CR2=0000000000000000 CR3=000000001f801000 CR4=00000668
DR0=0000000000000000 DR1=0000000000000000 DR2=0000000000000000 DR3=0000000000000000 
DR6=00000000ffff0ff0 DR7=0000000000000400
CCS=0000000000000044 CCD=0000000000000000 CCO=EFLAGS
EFER=0000000000000d00
Servicing hardware INT=0x20
   421: v=20 e=0000 i=0 cpl=0 IP=0038:000000001fea5bcc pc=000000001fea5bcc SP=0030:000000001fe8e700 env->regs[R_EAX]=00000000000000af
RAX=00000000000000af RBX=000000001fea9d20 RCX=0000000000000000 RDX=000000001e712300
RSI=000000001fe8e7ec RDI=000000001e712488 RBP=000000001fe8e770 RSP=000000001fe8e700
R8 =00000000000000af R9 =000000001f4ecb18 R10=000000001e756618 R11=000000000000002c
R12=000000001e712318 R13=0000000000000188 R14=000000001e712300 R15=0000000030646870
RIP=000000001fea5bcc RFL=00000206 [-----P-] CPL=0 II=0 A20=1 SMM=0 HLT=0
ES =0030 0000000000000000 ffffffff 00cf9300 DPL=0 DS   [-WA]
CS =0038 0000000000000000 ffffffff 00af9a00 DPL=0 CS64 [-R-]
SS =0030 0000000000000000 ffffffff 00cf9300 DPL=0 DS   [-WA]
DS =0030 0000000000000000 ffffffff 00cf9300 DPL=0 DS   [-WA]
FS =0030 0000000000000000 ffffffff 00cf9300 DPL=0 DS   [-WA]
GS =0030 0000000000000000 ffffffff 00cf9300 DPL=0 DS   [-WA]
LDT=0000 0000000000000000 0000ffff 00008200 DPL=0 LDT
TR =0048 000000001f5db058 00000067 00008900 DPL=0 TSS64-avl
GDT=     000000001f5db000 00000057
IDT=     000000001f090018 00000fff
CR0=80010033 CR2=0000000000000000 CR3=000000001f801000 CR4=00000668
DR0=0000000000000000 DR1=0000000000000000 DR2=0000000000000000 DR3=0000000000000000 
DR6=00000000ffff0ff0 DR7=0000000000000400
CCS=0000000000000004 CCD=0000000000000188 CCO=EFLAGS
EFER=0000000000000d00
Servicing hardware INT=0x20
   422: v=20 e=0000 i=0 cpl=0 IP=0038:000000001fe9e413 pc=000000001fe9e413 SP=0030:000000001fe8e680 env->regs[R_EAX]=0000000000000000
RAX=0000000000000000 RBX=0000000000000004 RCX=0000000000000004 RDX=000000001e885200
RSI=000000001e8852c0 RDI=000000001fea8600 RBP=000000001fe8e6f0 RSP=000000001fe8e680
R8 =000000001fe8e7e0 R9 =000000001e8aea18 R10=000000001e712598 R11=000000000000002c
R12=0000000000000010 R13=000000001e8aea18 R14=000000001fe8e7e0 R15=000000001feb2ac0
RIP=000000001fe9e413 RFL=00000293 [--S-A-C] CPL=0 II=0 A20=1 SMM=0 HLT=0
ES =0030 0000000000000000 ffffffff 00cf9300 DPL=0 DS   [-WA]
CS =0038 0000000000000000 ffffffff 00af9a00 DPL=0 CS64 [-R-]
SS =0030 0000000000000000 ffffffff 00cf9300 DPL=0 DS   [-WA]
DS =0030 0000000000000000 ffffffff 00cf9300 DPL=0 DS   [-WA]
FS =0030 0000000000000000 ffffffff 00cf9300 DPL=0 DS   [-WA]
GS =0030 0000000000000000 ffffffff 00cf9300 DPL=0 DS   [-WA]
LDT=0000 0000000000000000 0000ffff 00008200 DPL=0 LDT
TR =0048 000000001f5db058 00000067 00008900 DPL=0 TSS64-avl
GDT=     000000001f5db000 00000057
IDT=     000000001f090018 00000fff
CR0=80010033 CR2=0000000000000000 CR3=000000001f801000 CR4=00000668
DR0=0000000000000000 DR1=0000000000000000 DR2=0000000000000000 DR3=0000000000000000 
DR6=00000000ffff0ff0 DR7=0000000000000400
CCS=0000000000000091 CCD=ffffffffffffffe6 CCO=EFLAGS
EFER=0000000000000d00
Servicing hardware INT=0x20
   423: v=20 e=0000 i=0 cpl=0 IP=0038:000000001fe8f439 pc=000000001fe8f439 SP=0030:000000001fe8e6b8 env->regs[R_EAX]=000000001e86d698
RAX=000000001e86d698 RBX=000000001e86d698 RCX=000000001e87da18 RDX=000000001e86d618
RSI=000000001f4ec018 RDI=000000001e87da18 RBP=000000001fe8e700 RSP=000000001fe8e6b8
R8 =000000001fe8e7f8 R9 =000000001e87da18 R10=000000001e710018 R11=000000000000002c
R12=0000000000000010 R13=000000001e87da18 R14=000000001fe8e7f8 R15=000000001e8463e0
RIP=000000001fe8f439 RFL=00000202 [-------] CPL=0 II=0 A20=1 SMM=0 HLT=0
ES =0030 0000000000000000 ffffffff 00cf9300 DPL=0 DS   [-WA]
CS =0038 0000000000000000 ffffffff 00af9a00 DPL=0 CS64 [-R-]
SS =0030 0000000000000000 ffffffff 00cf9300 DPL=0 DS   [-WA]
DS =0030 0000000000000000 ffffffff 00cf9300 DPL=0 DS   [-WA]
FS =0030 0000000000000000 ffffffff 00cf9300 DPL=0 DS   [-WA]
GS =0030 0000000000000000 ffffffff 00cf9300 DPL=0 DS   [-WA]
LDT=0000 0000000000000000 0000ffff 00008200 DPL=0 LDT
TR =0048 000000001f5db058 00000067 00008900 DPL=0 TSS64-avl
GDT=     000000001f5db000 00000057
IDT=     000000001f090018 00000fff
CR0=80010033 CR2=0000000000000000 CR3=000000001f801000 CR4=00000668
DR0=0000000000000000 DR1=0000000000000000 DR2=0000000000000000 DR3=0000000000000000 
DR6=00000000ffff0ff0 DR7=0000000000000400
CCS=0000000000000000 CCD=000000001e86d698 CCO=EFLAGS
EFER=0000000000000d00
Servicing hardware INT=0x20
   424: v=20 e=0000 i=0 cpl=0 IP=0038:000000001fea570a pc=000000001fea570a SP=0030:000000001fe8e660 env->regs[R_EAX]=ffffffffffffffff
RAX=ffffffffffffffff RBX=000000001ec76718 RCX=000000001e87da18 RDX=000000001ec76118
RSI=000000001f4ec018 RDI=000000001e87da18 RBP=000000001fe8e6a0 RSP=000000001fe8e660
R8 =000000001fe8e7d8 R9 =000000001f4ecb18 R10=000000001e710d18 R11=000000000000002c
R12=0000000000000001 R13=000000001f4ecb18 R14=000000001fe8e7d8 R15=000000001fea8650
RIP=000000001fea570a RFL=00000286 [--S--P-] CPL=0 II=0 A20=1 SMM=0 HLT=0
ES =0030 0000000000000000 ffffffff 00cf9300 DPL=0 DS   [-WA]
CS =0038 0000000000000000 ffffffff 00af9a00 DPL=0 CS64 [-R-]
SS =0030 0000000000000000 ffffffff 00cf9300 DPL=0 DS   [-WA]
DS =0030 0000000000000000 ffffffff 00cf9300 DPL=0 DS   [-WA]
FS =0030 0000000000000000 ffffffff 00cf9300 DPL=0 DS   [-WA]
GS =0030 0000000000000000 ffffffff 00cf9300 DPL=0 DS   [-WA]
LDT=0000 0000000000000000 0000ffff 00008200 DPL=0 LDT
TR =0048 000000001f5db058 00000067 00008900 DPL=0 TSS64-avl
GDT=     000000001f5db000 00000057
IDT=     000000001f090018 00000fff
CR0=80010033 CR2=0000000000000000 CR3=000000001f801000 CR4=00000668
DR0=0000000000000000 DR1=0000000000000000 DR2=0000000000000000 DR3=0000000000000000 
DR6=00000000ffff0ff0 DR7=0000000000000400
CCS=0000000000000084 CCD=ffffffffffffffff CCO=EFLAGS
EFER=0000000000000d00
Servicing hardware INT=0x20
   425: v=20 e=0000 i=0 cpl=0 IP=0038:000000001fe8fd73 pc=000000001fe8fd73 SP=0030:000000001fe8e7b8 env->regs[R_EAX]=0000000000000003
RAX=0000000000000003 RBX=000000000000002c RCX=000000000000002c RDX=000000001e710018
RSI=000000001fe8e8b8 RDI=000000001fea8600 RBP=000000001fe8e810 RSP=000000001fe8e7b8
R8 =000000001e710d18 R9 =0000000000000000 R10=000000001e710018 R11=000000000000002c
R12=000000001e710d18 R13=000000001e8f6e98 R14=000000001fe8e8b8 R15=0000000000000000
RIP=000000001fe8fd73 RFL=00000206 [-----P-] CPL=0 II=0 A20=1 SMM=0 HLT=0
ES =0030 0000000000000000 ffffffff 00cf9300 DPL=0 DS   [-WA]
CS =0038 0000000000000000 ffffffff 00af9a00 DPL=0 CS64 [-R-]
SS =0030 0000000000000000 ffffffff 00cf9300 DPL=0 DS   [-WA]
DS =0030 0000000000000000 ffffffff 00cf9300 DPL=0 DS   [-WA]
FS =0030 0000000000000000 ffffffff 00cf9300 DPL=0 DS   [-WA]
GS =0030 0000000000000000 ffffffff 00cf9300 DPL=0 DS   [-WA]
LDT=0000 0000000000000000 0000ffff 00008200 DPL=0 LDT
TR =0048 000000001f5db058 00000067 00008900 DPL=0 TSS64-avl
GDT=     000000001f5db000 00000057
IDT=     000000001f090018 00000fff
CR0=80010033 CR2=0000000000000000 CR3=000000001f801000 CR4=00000668
DR0=0000000000000000 DR1=0000000000000000 DR2=0000000000000000 DR3=0000000000000000 
DR6=00000000ffff0ff0 DR7=0000000000000400
CCS=0000000000000004 CCD=000000001fe8e7c0 CCO=EFLAGS
EFER=0000000000000d00
Servicing hardware INT=0x20
   426: v=20 e=0000 i=0 cpl=0 IP=0038:000000001fe94717 pc=000000001fe94717 SP=0030:000000001fe8e7c0 env->regs[R_EAX]=000000000000001b
RAX=000000000000001b RBX=000000000000002c RCX=000000001e710018 RDX=0000000000000000
RSI=000000001e8d7ce0 RDI=0000000000000001 RBP=000000001fe8e810 RSP=000000001fe8e7c0
R8 =0000000000000001 R9 =000000001f4ecb18 R10=000000001e710018 R11=000000000000002c
R12=000000001e710d18 R13=000000001e8f8798 R14=000000001fe8e8b8 R15=0000000000000000
RIP=000000001fe94717 RFL=00000293 [--S-A-C] CPL=0 II=0 A20=1 SMM=0 HLT=0
ES =0030 0000000000000000 ffffffff 00cf9300 DPL=0 DS   [-WA]
CS =0038 0000000000000000 ffffffff 00af9a00 DPL=0 CS64 [-R-]
SS =0030 0000000000000000 ffffffff 00cf9300 DPL=0 DS   [-WA]
DS =0030 0000000000000000 ffffffff 00cf9300 DPL=0 DS   [-WA]
FS =0030 0000000000000000 ffffffff 00cf9300 DPL=0 DS   [-WA]
GS =0030 0000000000000000 ffffffff 00cf9300 DPL=0 DS   [-WA]
LDT=0000 0000000000000000 0000ffff 00008200 DPL=0 LDT
TR =0048 000000001f5db058 00000067 00008900 DPL=0 TSS64-avl
GDT=     000000001f5db000 00000057
IDT=     000000001f090018 00000fff
CR0=80010033 CR2=0000000000000000 CR3=000000001f801000 CR4=00000668
DR0=0000000000000000 DR1=0000000000000000 DR2=0000000000000000 DR3=0000000000000000 
DR6=00000000ffff0ff0 DR7=0000000000000400
CCS=0000000000000091 CCD=ffffffffffffffef CCO=EFLAGS
EFER=0000000000000d00
Servicing hardware INT=0x20
   427: v=20 e=0000 i=0 cpl=0 IP=0038:000000001fe8f439 pc=000000001fe8f439 SP=0030:000000001fe8e738 env->regs[R_EAX]=0000000000000004
RAX=0000000000000004 RBX=000000001ec76718 RCX=000000001e801a98 RDX=000000001ec76118
RSI=000000001f4ec018 RDI=000000001e801a98 RBP=000000001fe8e780 RSP=000000001fe8e738
R8 =000000001e710d18 R9 =0000000000000000 R10=000000001e710018 R11=000000000000002c
R12=000000001e710d18 R13=000000001e801a98 R14=000000001fe8e8b8 R15=0000000000000000
RIP=000000001fe8f439 RFL=00000206 [-----P-] CPL=0 II=0 A20=1 SMM=0 HLT=0
ES =0030 0000000000000000 ffffffff 00cf9300 DPL=0 DS   [-WA]
CS =0038 0000000000000000 ffffffff 00af9a00 DPL=0 CS64 [-R-]
SS =0030 0000000000000000 ffffffff 00cf9300 DPL=0 DS   [-WA]
DS =0030 0000000000000000 ffffffff 00cf9300 DPL=0 DS   [-WA]
FS =0030 0000000000000000 ffffffff 00cf9300 DPL=0 DS   [-WA]
GS =0030 0000000000000000 ffffffff 00cf9300 DPL=0 DS   [-WA]
LDT=0000 0000000000000000 0000ffff 00008200 DPL=0 LDT
TR =0048 000000001f5db058 00000067 00008900 DPL=0 TSS64-avl
GDT=     000000001f5db000 00000057
IDT=     000000001f090018 00000fff
CR0=80010033 CR2=0000000000000000 CR3=000000001f801000 CR4=00000668
DR0=0000000000000000 DR1=0000000000000000 DR2=0000000000000000 DR3=0000000000000000 
DR6=00000000ffff0ff0 DR7=0000000000000400
CCS=0000000000000004 CCD=000000001ec76718 CCO=EFLAGS
EFER=0000000000000d00
Servicing hardware INT=0x20
   428: v=20 e=0000 i=0 cpl=0 IP=0038:000000001ec24690 pc=000000001ec24690 SP=0030:000000001fe8e590 env->regs[R_EAX]=0000000000000001
RAX=0000000000000001 RBX=0000000000000008 RCX=0000000000000001 RDX=0000000000000cf8
RSI=0000000000000001 RDI=0000000000000000 RBP=000000001fe8e5f0 RSP=000000001fe8e590
R8 =0000000000000000 R9 =0000000000000cf8 R10=000000001ec4b3f0 R11=0000000000000001
R12=0000000006000002 R13=0000000000000008 R14=0000000000000004 R15=0000000000000008
RIP=000000001ec24690 RFL=00000202 [-------] CPL=0 II=0 A20=1 SMM=0 HLT=0
ES =0030 0000000000000000 ffffffff 00cf9300 DPL=0 DS   [-WA]
CS =0038 0000000000000000 ffffffff 00af9a00 DPL=0 CS64 [-R-]
SS =0030 0000000000000000 ffffffff 00cf9300 DPL=0 DS   [-WA]
DS =0030 0000000000000000 ffffffff 00cf9300 DPL=0 DS   [-WA]
FS =0030 0000000000000000 ffffffff 00cf9300 DPL=0 DS   [-WA]
GS =0030 0000000000000000 ffffffff 00cf9300 DPL=0 DS   [-WA]
LDT=0000 0000000000000000 0000ffff 00008200 DPL=0 LDT
TR =0048 000000001f5db058 00000067 00008900 DPL=0 TSS64-avl
GDT=     000000001f5db000 00000057
IDT=     000000001f090018 00000fff
CR0=80010033 CR2=0000000000000000 CR3=000000001f801000 CR4=00000668
DR0=0000000000000000 DR1=0000000000000000 DR2=0000000000000000 DR3=0000000000000000 
DR6=00000000ffff0ff0 DR7=0000000000000400
CCS=0000000000000038 CCD=0000000000000001 CCO=LOGICB
EFER=0000000000000d00
Servicing hardware INT=0x20
   429: v=20 e=0000 i=0 cpl=0 IP=0038:000000001f6d995a pc=000000001f6d995a SP=0030:000000001fe8e2c0 env->regs[R_EAX]=00000000000000ff
RAX=00000000000000ff RBX=0000000000000006 RCX=0000000000020001 RDX=000000001e9bf018
RSI=000000001f5c9198 RDI=000000001e9df017 RBP=000000001fe8e390 RSP=000000001fe8e2c0
R8 =00000000000000ff R9 =0000000000000000 R10=000000001e710298 R11=0000000000000008
R12=000000001fe8e3e0 R13=000000001e9bf018 R14=0000000000000000 R15=000000001fe8e3e0
RIP=000000001f6d995a RFL=00010206 [-----P-] CPL=0 II=0 A20=1 SMM=0 HLT=0
ES =0030 0000000000000000 ffffffff 00cf9300 DPL=0 DS   [-WA]
CS =0038 0000000000000000 ffffffff 00af9a00 DPL=0 CS64 [-R-]
SS =0030 0000000000000000 ffffffff 00cf9300 DPL=0 DS   [-WA]
DS =0030 0000000000000000 ffffffff 00cf9300 DPL=0 DS   [-WA]
FS =0030 0000000000000000 ffffffff 00cf9300 DPL=0 DS   [-WA]
GS =0030 0000000000000000 ffffffff 00cf9300 DPL=0 DS   [-WA]
LDT=0000 0000000000000000 0000ffff 00008200 DPL=0 LDT
TR =0048 000000001f5db058 00000067 00008900 DPL=0 TSS64-avl
GDT=     000000001f5db000 00000057
IDT=     000000001f090018 00000fff
CR0=80010033 CR2=0000000000000000 CR3=000000001f801000 CR4=00000668
DR0=0000000000000000 DR1=0000000000000000 DR2=0000000000000000 DR3=0000000000000000 
DR6=00000000ffff0ff0 DR7=0000000000000400
CCS=0000000000000004 CCD=0000000000040000 CCO=EFLAGS
EFER=0000000000000d00
Servicing hardware INT=0x20
   430: v=20 e=0000 i=0 cpl=0 IP=0038:000000001fe8fa0d pc=000000001fe8fa0d SP=0030:000000001fe8e5f0 env->regs[R_EAX]=00000000005fd400
RAX=00000000005fd400 RBX=000000001e76aea0 RCX=e939470bca580b89 RDX=000000001e7fd400
RSI=000000001e7fd420 RDI=000000001e76ab18 RBP=000000001fe8e630 RSP=000000001fe8e5f0
R8 =000000001fe8e6f8 R9 =000000001e86d898 R10=0000000000000000 R11=000000000000002c
R12=000000001e76ab30 R13=000000001e7fd420 R14=000000001fe8e6f8 R15=000000001e7fd420
RIP=000000001fe8fa0d RFL=00000206 [-----P-] CPL=0 II=0 A20=1 SMM=0 HLT=0
ES =0030 0000000000000000 ffffffff 00cf9300 DPL=0 DS   [-WA]
CS =0038 0000000000000000 ffffffff 00af9a00 DPL=0 CS64 [-R-]
SS =0030 0000000000000000 ffffffff 00cf9300 DPL=0 DS   [-WA]
DS =0030 0000000000000000 ffffffff 00cf9300 DPL=0 DS   [-WA]
FS =0030 0000000000000000 ffffffff 00cf9300 DPL=0 DS   [-WA]
GS =0030 0000000000000000 ffffffff 00cf9300 DPL=0 DS   [-WA]
LDT=0000 0000000000000000 0000ffff 00008200 DPL=0 LDT
TR =0048 000000001f5db058 00000067 00008900 DPL=0 TSS64-avl
GDT=     000000001f5db000 00000057
IDT=     000000001f090018 00000fff
CR0=80010033 CR2=0000000000000000 CR3=000000001f801000 CR4=00000668
DR0=0000000000000000 DR1=0000000000000000 DR2=0000000000000000 DR3=0000000000000000 
DR6=00000000ffff0ff0 DR7=0000000000000400
CCS=0000000000000004 CCD=00000000005fd400 CCO=EFLAGS
EFER=0000000000000d00
Servicing hardware INT=0x20
   431: v=20 e=0000 i=0 cpl=0 IP=0038:000000001e865c60 pc=000000001e865c60 SP=0030:000000001fe8df60 env->regs[R_EAX]=000000000000035a
RAX=000000000000035a RBX=0000000000000190 RCX=000000000000b008 RDX=0000000000cb0286
RSI=0000000000cb05e0 RDI=000000001fe8e0c0 RBP=000000001fe8df90 RSP=000000001fe8df60
R8 =000000001fe8dfb0 R9 =000000000000b008 R10=0000000000000000 R11=0000000000000000
R12=00000000000493e1 R13=0000000000000000 R14=000000001e75e7a0 R15=00000000ffffff00
RIP=000000001e865c60 RFL=00000206 [-----P-] CPL=0 II=0 A20=1 SMM=0 HLT=0
ES =0030 0000000000000000 ffffffff 00cf9300 DPL=0 DS   [-WA]
CS =0038 0000000000000000 ffffffff 00af9a00 DPL=0 CS64 [-R-]
SS =0030 0000000000000000 ffffffff 00cf9300 DPL=0 DS   [-WA]
DS =0030 0000000000000000 ffffffff 00cf9300 DPL=0 DS   [-WA]
FS =0030 0000000000000000 ffffffff 00cf9300 DPL=0 DS   [-WA]
GS =0030 0000000000000000 ffffffff 00cf9300 DPL=0 DS   [-WA]
LDT=0000 0000000000000000 0000ffff 00008200 DPL=0 LDT
TR =0048 000000001f5db058 00000067 00008900 DPL=0 TSS64-avl
GDT=     000000001f5db000 00000057
IDT=     000000001f090018 00000fff
CR0=80010033 CR2=0000000000000000 CR3=000000001f801000 CR4=00000668
DR0=0000000000000000 DR1=0000000000000000 DR2=0000000000000000 DR3=0000000000000000 
DR6=00000000ffff0ff0 DR7=0000000000000400
CCS=0000000000000004 CCD=000000000000035a CCO=EFLAGS
EFER=0000000000000d00
Servicing hardware INT=0x20
   432: v=20 e=0000 i=0 cpl=0 IP=0038:000000001e865c60 pc=000000001e865c60 SP=0030:000000001fe8e020 env->regs[R_EAX]=0000000000000594
RAX=0000000000000594 RBX=0000000000000190 RCX=000000000000b008 RDX=0000000000cb8ec0
RSI=0000000000cb9454 RDI=000000001fe8e180 RBP=000000001fe8e050 RSP=000000001fe8e020
R8 =000000001fe8e070 R9 =000000000000b008 R10=0000000000000000 R11=0000000000000000
R12=00000000000493e1 R13=0000000000000000 R14=000000001e75e7a0 R15=00000000ffffff00
RIP=000000001e865c60 RFL=00000202 [-------] CPL=0 II=0 A20=1 SMM=0 HLT=0
ES =0030 0000000000000000 ffffffff 00cf9300 DPL=0 DS   [-WA]
CS =0038 0000000000000000 ffffffff 00af9a00 DPL=0 CS64 [-R-]
SS =0030 0000000000000000 ffffffff 00cf9300 DPL=0 DS   [-WA]
DS =0030 0000000000000000 ffffffff 00cf9300 DPL=0 DS   [-WA]
FS =0030 0000000000000000 ffffffff 00cf9300 DPL=0 DS   [-WA]
GS =0030 0000000000000000 ffffffff 00cf9300 DPL=0 DS   [-WA]
LDT=0000 0000000000000000 0000ffff 00008200 DPL=0 LDT
TR =0048 000000001f5db058 00000067 00008900 DPL=0 TSS64-avl
GDT=     000000001f5db000 00000057
IDT=     000000001f090018 00000fff
CR0=80010033 CR2=0000000000000000 CR3=000000001f801000 CR4=00000668
DR0=0000000000000000 DR1=0000000000000000 DR2=0000000000000000 DR3=0000000000000000 
DR6=00000000ffff0ff0 DR7=0000000000000400
CCS=0000000000000000 CCD=0000000000000594 CCO=EFLAGS
EFER=0000000000000d00
Servicing hardware INT=0x20
   433: v=20 e=0000 i=0 cpl=0 IP=0038:000000001e865c60 pc=000000001e865c60 SP=0030:000000001fe8e060 env->regs[R_EAX]=0000000000004edf
RAX=0000000000004edf RBX=0000000000002710 RCX=000000000000b008 RDX=0000000000cc1a6e
RSI=0000000000cc694d RDI=000000001e75e754 RBP=000000001fe8e090 RSP=000000001fe8e060
R8 =000000001fe8e0b0 R9 =000000000000b008 R10=0000000000000000 R11=0000000000000000
R12=0000000000000011 R13=000000000000c040 R14=000000001e700000 R15=0000000000000000
RIP=000000001e865c60 RFL=00000202 [-------] CPL=0 II=0 A20=1 SMM=0 HLT=0
ES =0030 0000000000000000 ffffffff 00cf9300 DPL=0 DS   [-WA]
CS =0038 0000000000000000 ffffffff 00af9a00 DPL=0 CS64 [-R-]
SS =0030 0000000000000000 ffffffff 00cf9300 DPL=0 DS   [-WA]
DS =0030 0000000000000000 ffffffff 00cf9300 DPL=0 DS   [-WA]
FS =0030 0000000000000000 ffffffff 00cf9300 DPL=0 DS   [-WA]
GS =0030 0000000000000000 ffffffff 00cf9300 DPL=0 DS   [-WA]
LDT=0000 0000000000000000 0000ffff 00008200 DPL=0 LDT
TR =0048 000000001f5db058 00000067 00008900 DPL=0 TSS64-avl
GDT=     000000001f5db000 00000057
IDT=     000000001f090018 00000fff
CR0=80010033 CR2=0000000000000000 CR3=000000001f801000 CR4=00000668
DR0=0000000000000000 DR1=0000000000000000 DR2=0000000000000000 DR3=0000000000000000 
DR6=00000000ffff0ff0 DR7=0000000000000400
CCS=0000000000000000 CCD=0000000000004edf CCO=EFLAGS
EFER=0000000000000d00
Servicing hardware INT=0x20
   434: v=20 e=0000 i=0 cpl=0 IP=0038:000000001e865c60 pc=000000001e865c60 SP=0030:000000001fe8e000 env->regs[R_EAX]=000000000000727e
RAX=000000000000727e RBX=0000000000002710 RCX=000000000000b008 RDX=0000000000cca629
RSI=0000000000cd18a7 RDI=000000001e75e754 RBP=000000001fe8e030 RSP=000000001fe8e000
R8 =000000001fe8e050 R9 =000000000000b008 R10=0000000000000000 R11=0000000000000000
R12=0000000000000011 R13=000000000000c040 R14=000000001e700000 R15=0000000000000000
RIP=000000001e865c60 RFL=00000206 [-----P-] CPL=0 II=0 A20=1 SMM=0 HLT=0
ES =0030 0000000000000000 ffffffff 00cf9300 DPL=0 DS   [-WA]
CS =0038 0000000000000000 ffffffff 00af9a00 DPL=0 CS64 [-R-]
SS =0030 0000000000000000 ffffffff 00cf9300 DPL=0 DS   [-WA]
DS =0030 0000000000000000 ffffffff 00cf9300 DPL=0 DS   [-WA]
FS =0030 0000000000000000 ffffffff 00cf9300 DPL=0 DS   [-WA]
GS =0030 0000000000000000 ffffffff 00cf9300 DPL=0 DS   [-WA]
LDT=0000 0000000000000000 0000ffff 00008200 DPL=0 LDT
TR =0048 000000001f5db058 00000067 00008900 DPL=0 TSS64-avl
GDT=     000000001f5db000 00000057
IDT=     000000001f090018 00000fff
CR0=80010033 CR2=0000000000000000 CR3=000000001f801000 CR4=00000668
DR0=0000000000000000 DR1=0000000000000000 DR2=0000000000000000 DR3=0000000000000000 
DR6=00000000ffff0ff0 DR7=0000000000000400
CCS=0000000000000004 CCD=000000000000727e CCO=EFLAGS
EFER=0000000000000d00
Servicing hardware INT=0x20
   435: v=20 e=0000 i=0 cpl=0 IP=0038:000000001ec24465 pc=000000001ec24465 SP=0030:000000001fe8deb0 env->regs[R_EAX]=0000000000000001
RAX=0000000000000001 RBX=0000000000000001 RCX=0000000000000001 RDX=0000000000000cf8
RSI=0000000080000900 RDI=0000000000000001 RBP=000000001fe8df10 RSP=000000001fe8deb0
R8 =0000000000000000 R9 =0000000000000cf8 R10=000000001ec4b3f0 R11=0000000000000001
R12=0000000000000000 R13=0000000000009026 R14=0000000000000001 R15=0000000000000001
RIP=000000001ec24465 RFL=00000202 [-------] CPL=0 II=0 A20=1 SMM=0 HLT=0
ES =0030 0000000000000000 ffffffff 00cf9300 DPL=0 DS   [-WA]
CS =0038 0000000000000000 ffffffff 00af9a00 DPL=0 CS64 [-R-]
SS =0030 0000000000000000 ffffffff 00cf9300 DPL=0 DS   [-WA]
DS =0030 0000000000000000 ffffffff 00cf9300 DPL=0 DS   [-WA]
FS =0030 0000000000000000 ffffffff 00cf9300 DPL=0 DS   [-WA]
GS =0030 0000000000000000 ffffffff 00cf9300 DPL=0 DS   [-WA]
LDT=0000 0000000000000000 0000ffff 00008200 DPL=0 LDT
TR =0048 000000001f5db058 00000067 00008900 DPL=0 TSS64-avl
GDT=     000000001f5db000 00000057
IDT=     000000001f090018 00000fff
CR0=80010033 CR2=0000000000000000 CR3=000000001f801000 CR4=00000668
DR0=0000000000000000 DR1=0000000000000000 DR2=0000000000000000 DR3=0000000000000000 
DR6=00000000ffff0ff0 DR7=0000000000000400
CCS=0000000000000038 CCD=0000000000000001 CCO=LOGICB
EFER=0000000000000d00
Servicing hardware INT=0x20
   436: v=20 e=0000 i=0 cpl=0 IP=0038:000000001e865c60 pc=000000001e865c60 SP=0030:000000001fe8e000 env->regs[R_EAX]=0000000000001503
RAX=0000000000001503 RBX=0000000000002710 RCX=000000000000b008 RDX=0000000000cdbdfb
RSI=0000000000cdd2fe RDI=000000001e75e754 RBP=000000001fe8e030 RSP=000000001fe8e000
R8 =000000001fe8e050 R9 =000000000000b008 R10=0000000000000000 R11=0000000000000000
R12=0000000000000011 R13=000000000000c040 R14=000000001e080000 R15=0000000000000000
RIP=000000001e865c60 RFL=00000206 [-----P-] CPL=0 II=0 A20=1 SMM=0 HLT=0
ES =0030 0000000000000000 ffffffff 00cf9300 DPL=0 DS   [-WA]
CS =0038 0000000000000000 ffffffff 00af9a00 DPL=0 CS64 [-R-]
SS =0030 0000000000000000 ffffffff 00cf9300 DPL=0 DS   [-WA]
DS =0030 0000000000000000 ffffffff 00cf9300 DPL=0 DS   [-WA]
FS =0030 0000000000000000 ffffffff 00cf9300 DPL=0 DS   [-WA]
GS =0030 0000000000000000 ffffffff 00cf9300 DPL=0 DS   [-WA]
LDT=0000 0000000000000000 0000ffff 00008200 DPL=0 LDT
TR =0048 000000001f5db058 00000067 00008900 DPL=0 TSS64-avl
GDT=     000000001f5db000 00000057
IDT=     000000001f090018 00000fff
CR0=80010033 CR2=0000000000000000 CR3=000000001f801000 CR4=00000668
DR0=0000000000000000 DR1=0000000000000000 DR2=0000000000000000 DR3=0000000000000000 
DR6=00000000ffff0ff0 DR7=0000000000000400
CCS=0000000000000004 CCD=0000000000001503 CCO=EFLAGS
EFER=0000000000000d00
Servicing hardware INT=0x20
   437: v=20 e=0000 i=0 cpl=0 IP=0038:000000001e865c60 pc=000000001e865c60 SP=0030:000000001fe8e000 env->regs[R_EAX]=0000000000003f42
RAX=0000000000003f42 RBX=0000000000002710 RCX=000000000000b008 RDX=0000000000ce4994
RSI=0000000000ce88d6 RDI=000000001e75e754 RBP=000000001fe8e030 RSP=000000001fe8e000
R8 =000000001fe8e050 R9 =000000000000b008 R10=0000000000000000 R11=0000000000000000
R12=0000000000000011 R13=000000000000c040 R14=000000001e700000 R15=0000000000000000
RIP=000000001e865c60 RFL=00000206 [-----P-] CPL=0 II=0 A20=1 SMM=0 HLT=0
ES =0030 0000000000000000 ffffffff 00cf9300 DPL=0 DS   [-WA]
CS =0038 0000000000000000 ffffffff 00af9a00 DPL=0 CS64 [-R-]
SS =0030 0000000000000000 ffffffff 00cf9300 DPL=0 DS   [-WA]
DS =0030 0000000000000000 ffffffff 00cf9300 DPL=0 DS   [-WA]
FS =0030 0000000000000000 ffffffff 00cf9300 DPL=0 DS   [-WA]
GS =0030 0000000000000000 ffffffff 00cf9300 DPL=0 DS   [-WA]
LDT=0000 0000000000000000 0000ffff 00008200 DPL=0 LDT
TR =0048 000000001f5db058 00000067 00008900 DPL=0 TSS64-avl
GDT=     000000001f5db000 00000057
IDT=     000000001f090018 00000fff
CR0=80010033 CR2=0000000000000000 CR3=000000001f801000 CR4=00000668
DR0=0000000000000000 DR1=0000000000000000 DR2=0000000000000000 DR3=0000000000000000 
DR6=00000000ffff0ff0 DR7=0000000000000400
CCS=0000000000000004 CCD=0000000000003f42 CCO=EFLAGS
EFER=0000000000000d00
Servicing hardware INT=0x20
   438: v=20 e=0000 i=0 cpl=0 IP=0038:000000001e865c60 pc=000000001e865c60 SP=0030:000000001fe8e000 env->regs[R_EAX]=00000000000060ed
RAX=00000000000060ed RBX=0000000000002710 RCX=000000000000b008 RDX=0000000000ced570
RSI=0000000000cf365d RDI=000000001e75e754 RBP=000000001fe8e030 RSP=000000001fe8e000
R8 =000000001fe8e050 R9 =000000000000b008 R10=0000000000000000 R11=0000000000000000
R12=0000000000000011 R13=000000000000c040 R14=000000001e080000 R15=0000000000000000
RIP=000000001e865c60 RFL=00000206 [-----P-] CPL=0 II=0 A20=1 SMM=0 HLT=0
ES =0030 0000000000000000 ffffffff 00cf9300 DPL=0 DS   [-WA]
CS =0038 0000000000000000 ffffffff 00af9a00 DPL=0 CS64 [-R-]
SS =0030 0000000000000000 ffffffff 00cf9300 DPL=0 DS   [-WA]
DS =0030 0000000000000000 ffffffff 00cf9300 DPL=0 DS   [-WA]
FS =0030 0000000000000000 ffffffff 00cf9300 DPL=0 DS   [-WA]
GS =0030 0000000000000000 ffffffff 00cf9300 DPL=0 DS   [-WA]
LDT=0000 0000000000000000 0000ffff 00008200 DPL=0 LDT
TR =0048 000000001f5db058 00000067 00008900 DPL=0 TSS64-avl
GDT=     000000001f5db000 00000057
IDT=     000000001f090018 00000fff
CR0=80010033 CR2=0000000000000000 CR3=000000001f801000 CR4=00000668
DR0=0000000000000000 DR1=0000000000000000 DR2=0000000000000000 DR3=0000000000000000 
DR6=00000000ffff0ff0 DR7=0000000000000400
CCS=0000000000000004 CCD=00000000000060ed CCO=EFLAGS
EFER=0000000000000d00
Servicing hardware INT=0x20
   439: v=20 e=0000 i=0 cpl=0 IP=0038:000000001e865c60 pc=000000001e865c60 SP=0030:000000001fe8e060 env->regs[R_EAX]=0000000000008aa1
RAX=0000000000008aa1 RBX=0000000000002710 RCX=000000000000b008 RDX=0000000000cf613f
RSI=0000000000cfebe0 RDI=000000001e75e754 RBP=000000001fe8e090 RSP=000000001fe8e060
R8 =000000001fe8e0b0 R9 =000000000000b008 R10=0000000000000000 R11=0000000000000000
R12=0000000000000011 R13=000000000000c040 R14=000000001e080000 R15=0000000000000000
RIP=000000001e865c60 RFL=00000202 [-------] CPL=0 II=0 A20=1 SMM=0 HLT=0
ES =0030 0000000000000000 ffffffff 00cf9300 DPL=0 DS   [-WA]
CS =0038 0000000000000000 ffffffff 00af9a00 DPL=0 CS64 [-R-]
SS =0030 0000000000000000 ffffffff 00cf9300 DPL=0 DS   [-WA]
DS =0030 0000000000000000 ffffffff 00cf9300 DPL=0 DS   [-WA]
FS =0030 0000000000000000 ffffffff 00cf9300 DPL=0 DS   [-WA]
GS =0030 0000000000000000 ffffffff 00cf9300 DPL=0 DS   [-WA]
LDT=0000 0000000000000000 0000ffff 00008200 DPL=0 LDT
TR =0048 000000001f5db058 00000067 00008900 DPL=0 TSS64-avl
GDT=     000000001f5db000 00000057
IDT=     000000001f090018 00000fff
CR0=80010033 CR2=0000000000000000 CR3=000000001f801000 CR4=00000668
DR0=0000000000000000 DR1=0000000000000000 DR2=0000000000000000 DR3=0000000000000000 
DR6=00000000ffff0ff0 DR7=0000000000000400
CCS=0000000000000000 CCD=0000000000008aa1 CCO=EFLAGS
EFER=0000000000000d00
Servicing hardware INT=0x20
   440: v=20 e=0000 i=0 cpl=0 IP=0038:000000001f0acc1e pc=000000001f0acc1e SP=0030:000000001fe8de50 env->regs[R_EAX]=0000000000000008
RAX=0000000000000008 RBX=000000001fe8df84 RCX=0000000000000010 RDX=0000000000000000
RSI=0000000000000008 RDI=0000000000000007 RBP=000000001fe8ded0 RSP=000000001fe8de50
R8 =0000000000000021 R9 =000000001ec74807 R10=0000000000000000 R11=0000000000000000
R12=000000001e07f000 R13=0000000000000007 R14=000fffffc0000000 R15=0000000000011000
RIP=000000001f0acc1e RFL=00000293 [--S-A-C] CPL=0 II=0 A20=1 SMM=0 HLT=0
ES =0030 0000000000000000 ffffffff 00cf9300 DPL=0 DS   [-WA]
CS =0038 0000000000000000 ffffffff 00af9a00 DPL=0 CS64 [-R-]
SS =0030 0000000000000000 ffffffff 00cf9300 DPL=0 DS   [-WA]
DS =0030 0000000000000000 ffffffff 00cf9300 DPL=0 DS   [-WA]
FS =0030 0000000000000000 ffffffff 00cf9300 DPL=0 DS   [-WA]
GS =0030 0000000000000000 ffffffff 00cf9300 DPL=0 DS   [-WA]
LDT=0000 0000000000000000 0000ffff 00008200 DPL=0 LDT
TR =0048 000000001f5db058 00000067 00008900 DPL=0 TSS64-avl
GDT=     000000001f5db000 00000057
IDT=     000000001f090018 00000fff
CR0=80010033 CR2=0000000000000000 CR3=000000001f801000 CR4=00000668
DR0=0000000000000000 DR1=0000000000000000 DR2=0000000000000000 DR3=0000000000000000 
DR6=00000000ffff0ff0 DR7=0000000000000400
CCS=0000000000000091 CCD=fffffffffffffff2 CCO=EFLAGS
EFER=0000000000000d00
Servicing hardware INT=0x20
   441: v=20 e=0000 i=0 cpl=0 IP=0038:000000001fe94c61 pc=000000001fe94c61 SP=0030:000000001fe8e640 env->regs[R_EAX]=0000000000000017
RAX=0000000000000017 RBX=0000000000000000 RCX=0000000000000001 RDX=0000000000000002
RSI=000000001e8d7ce0 RDI=000000000000002b RBP=000000001fe8e720 RSP=000000001fe8e640
R8 =0000000000000010 R9 =0000000000000010 R10=000000001e710698 R11=000000000000002c
R12=0000000000000000 R13=000000001e710698 R14=000000000000002c R15=0000000000000001
RIP=000000001fe94c61 RFL=00000246 [---Z-P-] CPL=0 II=0 A20=1 SMM=0 HLT=0
ES =0030 0000000000000000 ffffffff 00cf9300 DPL=0 DS   [-WA]
CS =0038 0000000000000000 ffffffff 00af9a00 DPL=0 CS64 [-R-]
SS =0030 0000000000000000 ffffffff 00cf9300 DPL=0 DS   [-WA]
DS =0030 0000000000000000 ffffffff 00cf9300 DPL=0 DS   [-WA]
FS =0030 0000000000000000 ffffffff 00cf9300 DPL=0 DS   [-WA]
GS =0030 0000000000000000 ffffffff 00cf9300 DPL=0 DS   [-WA]
LDT=0000 0000000000000000 0000ffff 00008200 DPL=0 LDT
TR =0048 000000001f5db058 00000067 00008900 DPL=0 TSS64-avl
GDT=     000000001f5db000 00000057
IDT=     000000001f090018 00000fff
CR0=80010033 CR2=0000000000000000 CR3=000000001f801000 CR4=00000668
DR0=0000000000000000 DR1=0000000000000000 DR2=0000000000000000 DR3=0000000000000000 
DR6=00000000ffff0ff0 DR7=0000000000000400
CCS=0000000000000044 CCD=0000000000000000 CCO=EFLAGS
EFER=0000000000000d00
Servicing hardware INT=0x20
   442: v=20 e=0000 i=0 cpl=0 IP=0038:000000001fea56fc pc=000000001fea56fc SP=0030:000000001fe8e6a0 env->regs[R_EAX]=000000001e8d0c98
RAX=000000001e8d0c98 RBX=000000001e8d0c98 RCX=000000001e7ff098 RDX=000000001ec10318
RSI=000000001f4ec018 RDI=000000001e7ff098 RBP=000000001fe8e6e0 RSP=000000001fe8e6a0
R8 =000000001fe8e7d8 R9 =000000001e7ff098 R10=000000001e710d18 R11=000000000000002c
R12=0000000000000010 R13=000000001e7ff098 R14=000000001fe8e7d8 R15=000000001e7d73e0
RIP=000000001fea56fc RFL=00000286 [--S--P-] CPL=0 II=0 A20=1 SMM=0 HLT=0
ES =0030 0000000000000000 ffffffff 00cf9300 DPL=0 DS   [-WA]
CS =0038 0000000000000000 ffffffff 00af9a00 DPL=0 CS64 [-R-]
SS =0030 0000000000000000 ffffffff 00cf9300 DPL=0 DS   [-WA]
DS =0030 0000000000000000 ffffffff 00cf9300 DPL=0 DS   [-WA]
FS =0030 0000000000000000 ffffffff 00cf9300 DPL=0 DS   [-WA]
GS =0030 0000000000000000 ffffffff 00cf9300 DPL=0 DS   [-WA]
LDT=0000 0000000000000000 0000ffff 00008200 DPL=0 LDT
TR =0048 000000001f5db058 00000067 00008900 DPL=0 TSS64-avl
GDT=     000000001f5db000 00000057
IDT=     000000001f090018 00000fff
CR0=80010033 CR2=0000000000000000 CR3=000000001f801000 CR4=00000668
DR0=0000000000000000 DR1=0000000000000000 DR2=0000000000000000 DR3=0000000000000000 
DR6=00000000ffff0ff0 DR7=0000000000000400
CCS=0000000000000084 CCD=ffffffffffffffff CCO=EFLAGS
EFER=0000000000000d00
Servicing hardware INT=0x20
   443: v=20 e=0000 i=0 cpl=0 IP=0038:000000001f09f8a5 pc=000000001f09f8a5 SP=0030:000000001fe8e480 env->regs[R_EAX]=0000000000000000
RAX=0000000000000000 RBX=000000001e756718 RCX=000000001e76a718 RDX=000000001e76a718
RSI=000000001e756718 RDI=000000001e756718 RBP=000000001fe8e4a0 RSP=000000001fe8e480
R8 =0000000000000013 R9 =000000001f0a0004 R10=0000000000000031 R11=000000001e76a718
R12=000000001e76a718 R13=0000000000000014 R14=0000000000000000 R15=000000001fe8e600
RIP=000000001f09f8a5 RFL=00000293 [--S-A-C] CPL=0 II=0 A20=1 SMM=0 HLT=0
ES =0030 0000000000000000 ffffffff 00cf9300 DPL=0 DS   [-WA]
CS =0038 0000000000000000 ffffffff 00af9a00 DPL=0 CS64 [-R-]
SS =0030 0000000000000000 ffffffff 00cf9300 DPL=0 DS   [-WA]
DS =0030 0000000000000000 ffffffff 00cf9300 DPL=0 DS   [-WA]
FS =0030 0000000000000000 ffffffff 00cf9300 DPL=0 DS   [-WA]
GS =0030 0000000000000000 ffffffff 00cf9300 DPL=0 DS   [-WA]
LDT=0000 0000000000000000 0000ffff 00008200 DPL=0 LDT
TR =0048 000000001f5db058 00000067 00008900 DPL=0 TSS64-avl
GDT=     000000001f5db000 00000057
IDT=     000000001f090018 00000fff
CR0=80010033 CR2=0000000000000000 CR3=000000001f801000 CR4=00000668
DR0=0000000000000000 DR1=0000000000000000 DR2=0000000000000000 DR3=0000000000000000 
DR6=00000000ffff0ff0 DR7=0000000000000400
CCS=0000000000000091 CCD=ffffffffffffff83 CCO=EFLAGS
EFER=0000000000000d00
Servicing hardware INT=0x20
   444: v=20 e=0000 i=0 cpl=0 IP=0038:000000001fe8fcba pc=000000001fe8fcba SP=0030:000000001fe8e718 env->regs[R_EAX]=0000000000000004
RAX=0000000000000004 RBX=8000000000000002 RCX=0000000000000010 RDX=000000001e7bd6f0
RSI=000000001e76ab18 RDI=000000001e76ab18 RBP=000000001fe8e790 RSP=000000001fe8e718
R8 =000000001fe8e7e0 R9 =000000001e7f5c18 R10=0000000000000000 R11=000000001e76af98
R12=0000000000000010 R13=000000001e7f5c18 R14=000000001fe8e7e0 R15=000000001e7bd6f0
RIP=000000001fe8fcba RFL=00000206 [-----P-] CPL=0 II=0 A20=1 SMM=0 HLT=0
ES =0030 0000000000000000 ffffffff 00cf9300 DPL=0 DS   [-WA]
CS =0038 0000000000000000 ffffffff 00af9a00 DPL=0 CS64 [-R-]
SS =0030 0000000000000000 ffffffff 00cf9300 DPL=0 DS   [-WA]
DS =0030 0000000000000000 ffffffff 00cf9300 DPL=0 DS   [-WA]
FS =0030 0000000000000000 ffffffff 00cf9300 DPL=0 DS   [-WA]
GS =0030 0000000000000000 ffffffff 00cf9300 DPL=0 DS   [-WA]
LDT=0000 0000000000000000 0000ffff 00008200 DPL=0 LDT
TR =0048 000000001f5db058 00000067 00008900 DPL=0 TSS64-avl
GDT=     000000001f5db000 00000057
IDT=     000000001f090018 00000fff
CR0=80010033 CR2=0000000000000000 CR3=000000001f801000 CR4=00000668
DR0=0000000000000000 DR1=0000000000000000 DR2=0000000000000000 DR3=0000000000000000 
DR6=00000000ffff0ff0 DR7=0000000000000400
CCS=0000000000000004 CCD=000000001fe8e700 CCO=EFLAGS
EFER=0000000000000d00
Servicing hardware INT=0x20
   445: v=20 e=0000 i=0 cpl=0 IP=0038:000000001f6d995a pc=000000001f6d995a SP=0030:000000001fe8e4a0 env->regs[R_EAX]=00000000000000ff
RAX=00000000000000ff RBX=0000000000000006 RCX=0000000000010001 RDX=000000001e9bf018
RSI=000000001f5c9198 RDI=000000001e9ef017 RBP=000000001fe8e570 RSP=000000001fe8e4a0
R8 =00000000000000ff R9 =0000000000000000 R10=000000001e70f018 R11=0000000000000008
R12=000000001fe8e5c0 R13=000000001e9bf018 R14=0000000000000000 R15=000000001fe8e5c0
RIP=000000001f6d995a RFL=00010206 [-----P-] CPL=0 II=0 A20=1 SMM=0 HLT=0
ES =0030 0000000000000000 ffffffff 00cf9300 DPL=0 DS   [-WA]
CS =0038 0000000000000000 ffffffff 00af9a00 DPL=0 CS64 [-R-]
SS =0030 0000000000000000 ffffffff 00cf9300 DPL=0 DS   [-WA]
DS =0030 0000000000000000 ffffffff 00cf9300 DPL=0 DS   [-WA]
FS =0030 0000000000000000 ffffffff 00cf9300 DPL=0 DS   [-WA]
GS =0030 0000000000000000 ffffffff 00cf9300 DPL=0 DS   [-WA]
LDT=0000 0000000000000000 0000ffff 00008200 DPL=0 LDT
TR =0048 000000001f5db058 00000067 00008900 DPL=0 TSS64-avl
GDT=     000000001f5db000 00000057
IDT=     000000001f090018 00000fff
CR0=80010033 CR2=0000000000000000 CR3=000000001f801000 CR4=00000668
DR0=0000000000000000 DR1=0000000000000000 DR2=0000000000000000 DR3=0000000000000000 
DR6=00000000ffff0ff0 DR7=0000000000000400
CCS=0000000000000004 CCD=0000000000040000 CCO=EFLAGS
EFER=0000000000000d00
Servicing hardware INT=0x20
   446: v=20 e=0000 i=0 cpl=0 IP=0038:000000001fe8f79f pc=000000001fe8f79f SP=0030:000000001fe8e5f0 env->regs[R_EAX]=000000001b008400
RAX=000000001b008400 RBX=0000000000000000 RCX=a45c824ac74337a5 RDX=000000001fea8600
RSI=0000000000000000 RDI=000000001fea8650 RBP=000000001fe8e620 RSP=000000001fe8e5f0
R8 =000000001e710698 R9 =000000001fe8e7a0 R10=0000000000000010 R11=000000000000002c
R12=000000001f0af220 R13=000000001fea8650 R14=000000001fea85f0 R15=0000000000000000
RIP=000000001fe8f79f RFL=00000246 [---Z-P-] CPL=0 II=0 A20=1 SMM=0 HLT=0
ES =0030 0000000000000000 ffffffff 00cf9300 DPL=0 DS   [-WA]
CS =0038 0000000000000000 ffffffff 00af9a00 DPL=0 CS64 [-R-]
SS =0030 0000000000000000 ffffffff 00cf9300 DPL=0 DS   [-WA]
DS =0030 0000000000000000 ffffffff 00cf9300 DPL=0 DS   [-WA]
FS =0030 0000000000000000 ffffffff 00cf9300 DPL=0 DS   [-WA]
GS =0030 0000000000000000 ffffffff 00cf9300 DPL=0 DS   [-WA]
LDT=0000 0000000000000000 0000ffff 00008200 DPL=0 LDT
TR =0048 000000001f5db058 00000067 00008900 DPL=0 TSS64-avl
GDT=     000000001f5db000 00000057
IDT=     000000001f090018 00000fff
CR0=80010033 CR2=0000000000000000 CR3=000000001f801000 CR4=00000668
DR0=0000000000000000 DR1=0000000000000000 DR2=0000000000000000 DR3=0000000000000000 
DR6=00000000ffff0ff0 DR7=0000000000000400
CCS=0000000000000044 CCD=0000000000000000 CCO=EFLAGS
EFER=0000000000000d00
Servicing hardware INT=0x20
   447: v=20 e=0000 i=0 cpl=0 IP=0038:000000001fe94bfb pc=000000001fe94bfb SP=0030:000000001fe8e6b0 env->regs[R_EAX]=000000000000002c
RAX=000000000000002c RBX=0000000000000000 RCX=000000001e710298 RDX=0000000000000000
RSI=000000001e892ce0 RDI=000000000000000e RBP=000000001fe8e790 RSP=000000001fe8e6b0
R8 =0000000000000001 R9 =000000001f4ecb18 R10=000000001e710298 R11=0000000000000001
R12=0000000000000000 R13=000000001e710298 R14=000000000000002c R15=0000000000000000
RIP=000000001fe94bfb RFL=00000246 [---Z-P-] CPL=0 II=0 A20=1 SMM=0 HLT=0
ES =0030 0000000000000000 ffffffff 00cf9300 DPL=0 DS   [-WA]
CS =0038 0000000000000000 ffffffff 00af9a00 DPL=0 CS64 [-R-]
SS =0030 0000000000000000 ffffffff 00cf9300 DPL=0 DS   [-WA]
DS =0030 0000000000000000 ffffffff 00cf9300 DPL=0 DS   [-WA]
FS =0030 0000000000000000 ffffffff 00cf9300 DPL=0 DS   [-WA]
GS =0030 0000000000000000 ffffffff 00cf9300 DPL=0 DS   [-WA]
LDT=0000 0000000000000000 0000ffff 00008200 DPL=0 LDT
TR =0048 000000001f5db058 00000067 00008900 DPL=0 TSS64-avl
GDT=     000000001f5db000 00000057
IDT=     000000001f090018 00000fff
CR0=80010033 CR2=0000000000000000 CR3=000000001f801000 CR4=00000668
DR0=0000000000000000 DR1=0000000000000000 DR2=0000000000000000 DR3=0000000000000000 
DR6=00000000ffff0ff0 DR7=0000000000000400
CCS=0000000000000044 CCD=0000000000000000 CCO=EFLAGS
EFER=0000000000000d00
Servicing hardware INT=0x20
   448: v=20 e=0000 i=0 cpl=0 IP=0038:000000001fe9da59 pc=000000001fe9da59 SP=0030:000000001fe8e738 env->regs[R_EAX]=00000000068f2000
RAX=00000000068f2000 RBX=000000001f4e3d98 RCX=000000001f4e3db0 RDX=000000001e8f3120
RSI=0000000000000000 RDI=000000001e8f3120 RBP=000000001fe8e790 RSP=000000001fe8e738
R8 =000000001e756818 R9 =000000001fe8e908 R10=0000000000000000 R11=000000001e710108
R12=000000001f4e3da0 R13=000000001e8f3120 R14=000000001fea85f0 R15=0000000000000000
RIP=000000001fe9da59 RFL=00000202 [-------] CPL=0 II=0 A20=1 SMM=0 HLT=0
ES =0030 0000000000000000 ffffffff 00cf9300 DPL=0 DS   [-WA]
CS =0038 0000000000000000 ffffffff 00af9a00 DPL=0 CS64 [-R-]
SS =0030 0000000000000000 ffffffff 00cf9300 DPL=0 DS   [-WA]
DS =0030 0000000000000000 ffffffff 00cf9300 DPL=0 DS   [-WA]
FS =0030 0000000000000000 ffffffff 00cf9300 DPL=0 DS   [-WA]
GS =0030 0000000000000000 ffffffff 00cf9300 DPL=0 DS   [-WA]
LDT=0000 0000000000000000 0000ffff 00008200 DPL=0 LDT
TR =0048 000000001f5db058 00000067 00008900 DPL=0 TSS64-avl
GDT=     000000001f5db000 00000057
IDT=     000000001f090018 00000fff
CR0=80010033 CR2=0000000000000000 CR3=000000001f801000 CR4=00000668
DR0=0000000000000000 DR1=0000000000000000 DR2=0000000000000000 DR3=0000000000000000 
DR6=00000000ffff0ff0 DR7=0000000000000400
CCS=0000000000000000 CCD=000000001fe8e740 CCO=EFLAGS
EFER=0000000000000d00
Servicing hardware INT=0x20
   449: v=20 e=0000 i=0 cpl=0 IP=0038:000000001fea5bca pc=000000001fea5bca SP=0030:000000001fe8e5a0 env->regs[R_EAX]=00000000000000af
RAX=00000000000000af RBX=000000001dfb0000 RCX=0000000000020001 RDX=000000001dfb0018
RSI=000000001e511000 RDI=000000001e06f96f RBP=000000001fe8e610 RSP=000000001fe8e5a0
R8 =00000000000000af R9 =00000000000e0000 R10=0000000000000000 R11=000000001fea8360
R12=000000001dfb0018 R13=00000000000df980 R14=00000000000000e0 R15=0000000000000000
RIP=000000001fea5bca RFL=00010202 [-------] CPL=0 II=0 A20=1 SMM=0 HLT=0
ES =0030 0000000000000000 ffffffff 00cf9300 DPL=0 DS   [-WA]
CS =0038 0000000000000000 ffffffff 00af9a00 DPL=0 CS64 [-R-]
SS =0030 0000000000000000 ffffffff 00cf9300 DPL=0 DS   [-WA]
DS =0030 0000000000000000 ffffffff 00cf9300 DPL=0 DS   [-WA]
FS =0030 0000000000000000 ffffffff 00cf9300 DPL=0 DS   [-WA]
GS =0030 0000000000000000 ffffffff 00cf9300 DPL=0 DS   [-WA]
LDT=0000 0000000000000000 0000ffff 00008200 DPL=0 LDT
TR =0048 000000001f5db058 00000067 00008900 DPL=0 TSS64-avl
GDT=     000000001f5db000 00000057
IDT=     000000001f090018 00000fff
CR0=80010033 CR2=0000000000000000 CR3=000000001f801000 CR4=00000668
DR0=0000000000000000 DR1=0000000000000000 DR2=0000000000000000 DR3=0000000000000000 
DR6=00000000ffff0ff0 DR7=0000000000000400
CCS=0000000000000000 CCD=00000000000df958 CCO=EFLAGS
EFER=0000000000000d00
Servicing hardware INT=0x20
   450: v=20 e=0000 i=0 cpl=0 IP=0038:000000001e898236 pc=000000001e898236 SP=0030:000000001fe8e8b0 env->regs[R_EAX]=800000000000000e
RAX=800000000000000e RBX=000000001fe8e94c RCX=000000001e8993b0 RDX=000000001fe8e94c
RSI=800000000000000e RDI=000000001e8993a0 RBP=000000001fe8e910 RSP=000000001fe8e8b0
R8 =0000000000000021 R9 =000000001f58b554 R10=0000000000000028 R11=000000001e710518
R12=0000000000000000 R13=000000001e710298 R14=000000001e8993b0 R15=0000000000000000
RIP=000000001e898236 RFL=00000282 [--S----] CPL=0 II=0 A20=1 SMM=0 HLT=0
ES =0030 0000000000000000 ffffffff 00cf9300 DPL=0 DS   [-WA]
CS =0038 0000000000000000 ffffffff 00af9a00 DPL=0 CS64 [-R-]
SS =0030 0000000000000000 ffffffff 00cf9300 DPL=0 DS   [-WA]
DS =0030 0000000000000000 ffffffff 00cf9300 DPL=0 DS   [-WA]
FS =0030 0000000000000000 ffffffff 00cf9300 DPL=0 DS   [-WA]
GS =0030 0000000000000000 ffffffff 00cf9300 DPL=0 DS   [-WA]
LDT=0000 0000000000000000 0000ffff 00008200 DPL=0 LDT
TR =0048 000000001f5db058 00000067 00008900 DPL=0 TSS64-avl
GDT=     000000001f5db000 00000057
IDT=     000000001f090018 00000fff
CR0=80010033 CR2=0000000000000000 CR3=000000001f801000 CR4=00000668
DR0=0000000000000000 DR1=0000000000000000 DR2=0000000000000000 DR3=0000000000000000 
DR6=00000000ffff0ff0 DR7=0000000000000400
CCS=0000000000000080 CCD=800000000000000e CCO=EFLAGS
EFER=0000000000000d00
Servicing hardware INT=0x20
   451: v=20 e=0000 i=0 cpl=0 IP=0038:000000001ec4e48c pc=000000001ec4e48c SP=0030:000000001fe8e5c0 env->regs[R_EAX]=0000000000000000
RAX=0000000000000000 RBX=0000000000000000 RCX=000000001ec6dec0 RDX=0000000000000010
RSI=0000000000000000 RDI=0000000000000001 RBP=000000001fe8e640 RSP=000000001fe8e5c0
R8 =00000000000000af R9 =000000001f4ecb18 R10=000000001fe8e818 R11=0000000000000004
R12=000000001fe8e668 R13=000000001fe8e660 R14=0000000000000000 R15=000000001feb2ac0
RIP=000000001ec4e48c RFL=00000246 [---Z-P-] CPL=0 II=0 A20=1 SMM=0 HLT=0
ES =0030 0000000000000000 ffffffff 00cf9300 DPL=0 DS   [-WA]
CS =0038 0000000000000000 ffffffff 00af9a00 DPL=0 CS64 [-R-]
SS =0030 0000000000000000 ffffffff 00cf9300 DPL=0 DS   [-WA]
DS =0030 0000000000000000 ffffffff 00cf9300 DPL=0 DS   [-WA]
FS =0030 0000000000000000 ffffffff 00cf9300 DPL=0 DS   [-WA]
GS =0030 0000000000000000 ffffffff 00cf9300 DPL=0 DS   [-WA]
LDT=0000 0000000000000000 0000ffff 00008200 DPL=0 LDT
TR =0048 000000001f5db058 00000067 00008900 DPL=0 TSS64-avl
GDT=     000000001f5db000 00000057
IDT=     000000001f090018 00000fff
CR0=80010033 CR2=0000000000000000 CR3=000000001f801000 CR4=00000668
DR0=0000000000000000 DR1=0000000000000000 DR2=0000000000000000 DR3=0000000000000000 
DR6=00000000ffff0ff0 DR7=0000000000000400
CCS=0000000000000044 CCD=0000000000000000 CCO=EFLAGS
EFER=0000000000000d00
Servicing hardware INT=0x20
   452: v=20 e=0000 i=0 cpl=0 IP=0038:000000001e8e29e8 pc=000000001e8e29e8 SP=0030:000000001fe8e660 env->regs[R_EAX]=0000000000000000
RAX=0000000000000000 RBX=0000000000000000 RCX=000000001ec6dec0 RDX=0000000000000008
RSI=00000000ffffffff RDI=000000001fea9590 RBP=000000001fe8e6f0 RSP=000000001fe8e660
R8 =0000000000000001 R9 =000000001f4ecb18 R10=0000000000000000 R11=4dc13f279000169a
R12=000000001feb2b40 R13=0000000000000008 R14=000000001e91ace0 R15=000000001feb2ac0
RIP=000000001e8e29e8 RFL=00000246 [---Z-P-] CPL=0 II=0 A20=1 SMM=0 HLT=0
ES =0030 0000000000000000 ffffffff 00cf9300 DPL=0 DS   [-WA]
CS =0038 0000000000000000 ffffffff 00af9a00 DPL=0 CS64 [-R-]
SS =0030 0000000000000000 ffffffff 00cf9300 DPL=0 DS   [-WA]
DS =0030 0000000000000000 ffffffff 00cf9300 DPL=0 DS   [-WA]
FS =0030 0000000000000000 ffffffff 00cf9300 DPL=0 DS   [-WA]
GS =0030 0000000000000000 ffffffff 00cf9300 DPL=0 DS   [-WA]
LDT=0000 0000000000000000 0000ffff 00008200 DPL=0 LDT
TR =0048 000000001f5db058 00000067 00008900 DPL=0 TSS64-avl
GDT=     000000001f5db000 00000057
IDT=     000000001f090018 00000fff
CR0=80010033 CR2=0000000000000000 CR3=000000001f801000 CR4=00000668
DR0=0000000000000000 DR1=0000000000000000 DR2=0000000000000000 DR3=0000000000000000 
DR6=00000000ffff0ff0 DR7=0000000000000400
CCS=0000000000000044 CCD=0000000000000000 CCO=EFLAGS
EFER=0000000000000d00
Servicing hardware INT=0x20
   453: v=20 e=0000 i=0 cpl=0 IP=0038:000000001e8e5392 pc=000000001e8e5392 SP=0030:000000001fe8e748 env->regs[R_EAX]=0000000000000000
RAX=0000000000000000 RBX=000000001e710ac8 RCX=000000001fe8e878 RDX=000000001fe8e880
RSI=0000000000000000 RDI=000000001e710498 RBP=000000001fe8e820 RSP=000000001fe8e748
R8 =00000000000000af R9 =000000001e8da418 R10=0000000000000000 R11=000000000000002c
R12=0000000000000000 R13=000000001e750f98 R14=0000000000000004 R15=800000000000000e
RIP=000000001e8e5392 RFL=00000206 [-----P-] CPL=0 II=0 A20=1 SMM=0 HLT=0
ES =0030 0000000000000000 ffffffff 00cf9300 DPL=0 DS   [-WA]
CS =0038 0000000000000000 ffffffff 00af9a00 DPL=0 CS64 [-R-]
SS =0030 0000000000000000 ffffffff 00cf9300 DPL=0 DS   [-WA]
DS =0030 0000000000000000 ffffffff 00cf9300 DPL=0 DS   [-WA]
FS =0030 0000000000000000 ffffffff 00cf9300 DPL=0 DS   [-WA]
GS =0030 0000000000000000 ffffffff 00cf9300 DPL=0 DS   [-WA]
LDT=0000 0000000000000000 0000ffff 00008200 DPL=0 LDT
TR =0048 000000001f5db058 00000067 00008900 DPL=0 TSS64-avl
GDT=     000000001f5db000 00000057
IDT=     000000001f090018 00000fff
CR0=80010033 CR2=0000000000000000 CR3=000000001f801000 CR4=00000668
DR0=0000000000000000 DR1=0000000000000000 DR2=0000000000000000 DR3=0000000000000000 
DR6=00000000ffff0ff0 DR7=0000000000000400
CCS=0000000000000004 CCD=000000001fe8e750 CCO=EFLAGS
EFER=0000000000000d00
Servicing hardware INT=0x20
   454: v=20 e=0000 i=0 cpl=0 IP=0038:000000001e865c60 pc=000000001e865c60 SP=0030:000000001fe8ddf0 env->regs[R_EAX]=00000000000032c4
RAX=00000000000032c4 RBX=0000000000002710 RCX=000000000000b008 RDX=0000000000d792c6
RSI=0000000000d7c58a RDI=000000001e75e754 RBP=000000001fe8de20 RSP=000000001fe8ddf0
R8 =000000001fe8de40 R9 =000000000000b008 R10=0000000000000000 R11=0000000000000000
R12=0000000000000011 R13=000000000000c040 R14=000000001dfa0000 R15=0000000000000000
RIP=000000001e865c60 RFL=00000202 [-------] CPL=0 II=0 A20=1 SMM=0 HLT=0
ES =0030 0000000000000000 ffffffff 00cf9300 DPL=0 DS   [-WA]
CS =0038 0000000000000000 ffffffff 00af9a00 DPL=0 CS64 [-R-]
SS =0030 0000000000000000 ffffffff 00cf9300 DPL=0 DS   [-WA]
DS =0030 0000000000000000 ffffffff 00cf9300 DPL=0 DS   [-WA]
FS =0030 0000000000000000 ffffffff 00cf9300 DPL=0 DS   [-WA]
GS =0030 0000000000000000 ffffffff 00cf9300 DPL=0 DS   [-WA]
LDT=0000 0000000000000000 0000ffff 00008200 DPL=0 LDT
TR =0048 000000001f5db058 00000067 00008900 DPL=0 TSS64-avl
GDT=     000000001f5db000 00000057
IDT=     000000001f090018 00000fff
CR0=80010033 CR2=0000000000000000 CR3=000000001f801000 CR4=00000668
DR0=0000000000000000 DR1=0000000000000000 DR2=0000000000000000 DR3=0000000000000000 
DR6=00000000ffff0ff0 DR7=0000000000000400
CCS=0000000000000000 CCD=00000000000032c4 CCO=EFLAGS
EFER=0000000000000d00
Servicing hardware INT=0x20
   455: v=20 e=0000 i=0 cpl=0 IP=0038:000000001e865c60 pc=000000001e865c60 SP=0030:000000001fe8dd90 env->regs[R_EAX]=000000000000515b
RAX=000000000000515b RBX=0000000000002710 RCX=000000000000b008 RDX=0000000000d81e84
RSI=0000000000d86fdf RDI=000000001e75e754 RBP=000000001fe8ddc0 RSP=000000001fe8dd90
R8 =000000001fe8dde0 R9 =000000000000b008 R10=0000000000000000 R11=0000000000000000
R12=0000000000000011 R13=000000000000c040 R14=000000001dfa0000 R15=0000000000000000
RIP=000000001e865c60 RFL=00000202 [-------] CPL=0 II=0 A20=1 SMM=0 HLT=0
ES =0030 0000000000000000 ffffffff 00cf9300 DPL=0 DS   [-WA]
CS =0038 0000000000000000 ffffffff 00af9a00 DPL=0 CS64 [-R-]
SS =0030 0000000000000000 ffffffff 00cf9300 DPL=0 DS   [-WA]
DS =0030 0000000000000000 ffffffff 00cf9300 DPL=0 DS   [-WA]
FS =0030 0000000000000000 ffffffff 00cf9300 DPL=0 DS   [-WA]
GS =0030 0000000000000000 ffffffff 00cf9300 DPL=0 DS   [-WA]
LDT=0000 0000000000000000 0000ffff 00008200 DPL=0 LDT
TR =0048 000000001f5db058 00000067 00008900 DPL=0 TSS64-avl
GDT=     000000001f5db000 00000057
IDT=     000000001f090018 00000fff
CR0=80010033 CR2=0000000000000000 CR3=000000001f801000 CR4=00000668
DR0=0000000000000000 DR1=0000000000000000 DR2=0000000000000000 DR3=0000000000000000 
DR6=00000000ffff0ff0 DR7=0000000000000400
CCS=0000000000000000 CCD=000000000000515b CCO=EFLAGS
EFER=0000000000000d00
Servicing hardware INT=0x20
   456: v=20 e=0000 i=0 cpl=0 IP=0038:000000001e865c60 pc=000000001e865c60 SP=0030:000000001fe8dd90 env->regs[R_EAX]=00000000000072af
RAX=00000000000072af RBX=0000000000002710 RCX=000000000000b008 RDX=0000000000d8aa4b
RSI=0000000000d91cfa RDI=000000001e75e754 RBP=000000001fe8ddc0 RSP=000000001fe8dd90
R8 =000000001fe8dde0 R9 =000000000000b008 R10=0000000000000000 R11=0000000000000000
R12=0000000000000011 R13=000000000000c040 R14=000000001dfa0000 R15=0000000000000000
RIP=000000001e865c60 RFL=00000206 [-----P-] CPL=0 II=0 A20=1 SMM=0 HLT=0
ES =0030 0000000000000000 ffffffff 00cf9300 DPL=0 DS   [-WA]
CS =0038 0000000000000000 ffffffff 00af9a00 DPL=0 CS64 [-R-]
SS =0030 0000000000000000 ffffffff 00cf9300 DPL=0 DS   [-WA]
DS =0030 0000000000000000 ffffffff 00cf9300 DPL=0 DS   [-WA]
FS =0030 0000000000000000 ffffffff 00cf9300 DPL=0 DS   [-WA]
GS =0030 0000000000000000 ffffffff 00cf9300 DPL=0 DS   [-WA]
LDT=0000 0000000000000000 0000ffff 00008200 DPL=0 LDT
TR =0048 000000001f5db058 00000067 00008900 DPL=0 TSS64-avl
GDT=     000000001f5db000 00000057
IDT=     000000001f090018 00000fff
CR0=80010033 CR2=0000000000000000 CR3=000000001f801000 CR4=00000668
DR0=0000000000000000 DR1=0000000000000000 DR2=0000000000000000 DR3=0000000000000000 
DR6=00000000ffff0ff0 DR7=0000000000000400
CCS=0000000000000004 CCD=00000000000072af CCO=EFLAGS
EFER=0000000000000d00
Servicing hardware INT=0x20
   457: v=20 e=0000 i=0 cpl=0 IP=0038:000000001ec24465 pc=000000001ec24465 SP=0030:000000001fe8dc40 env->regs[R_EAX]=0000000000000001
RAX=0000000000000001 RBX=0000000000000003 RCX=0000000000000001 RDX=0000000000000cf8
RSI=0000000080000900 RDI=0000000000000001 RBP=000000001fe8dca0 RSP=000000001fe8dc40
R8 =0000000000000000 R9 =0000000000000cf8 R10=000000001ec4b3f0 R11=0000000000000001
R12=0000000000000000 R13=0000000000009024 R14=0000000000000001 R15=0000000000000001
RIP=000000001ec24465 RFL=00000202 [-------] CPL=0 II=0 A20=1 SMM=0 HLT=0
ES =0030 0000000000000000 ffffffff 00cf9300 DPL=0 DS   [-WA]
CS =0038 0000000000000000 ffffffff 00af9a00 DPL=0 CS64 [-R-]
SS =0030 0000000000000000 ffffffff 00cf9300 DPL=0 DS   [-WA]
DS =0030 0000000000000000 ffffffff 00cf9300 DPL=0 DS   [-WA]
FS =0030 0000000000000000 ffffffff 00cf9300 DPL=0 DS   [-WA]
GS =0030 0000000000000000 ffffffff 00cf9300 DPL=0 DS   [-WA]
LDT=0000 0000000000000000 0000ffff 00008200 DPL=0 LDT
TR =0048 000000001f5db058 00000067 00008900 DPL=0 TSS64-avl
GDT=     000000001f5db000 00000057
IDT=     000000001f090018 00000fff
CR0=80010033 CR2=0000000000000000 CR3=000000001f801000 CR4=00000668
DR0=0000000000000000 DR1=0000000000000000 DR2=0000000000000000 DR3=0000000000000000 
DR6=00000000ffff0ff0 DR7=0000000000000400
CCS=0000000000000038 CCD=0000000000000001 CCO=LOGICB
EFER=0000000000000d00
Servicing hardware INT=0x20
   458: v=20 e=0000 i=0 cpl=0 IP=0038:000000001e865c60 pc=000000001e865c60 SP=0030:000000001fe8dd90 env->regs[R_EAX]=0000000000001334
RAX=0000000000001334 RBX=0000000000002710 RCX=000000000000b008 RDX=0000000000d9c223
RSI=0000000000d9d557 RDI=000000001e75e754 RBP=000000001fe8ddc0 RSP=000000001fe8dd90
R8 =000000001fe8dde0 R9 =000000000000b008 R10=0000000000000000 R11=0000000000000000
R12=0000000000000011 R13=000000000000c040 R14=000000001dfa0000 R15=0000000000000000
RIP=000000001e865c60 RFL=00000202 [-------] CPL=0 II=0 A20=1 SMM=0 HLT=0
ES =0030 0000000000000000 ffffffff 00cf9300 DPL=0 DS   [-WA]
CS =0038 0000000000000000 ffffffff 00af9a00 DPL=0 CS64 [-R-]
SS =0030 0000000000000000 ffffffff 00cf9300 DPL=0 DS   [-WA]
DS =0030 0000000000000000 ffffffff 00cf9300 DPL=0 DS   [-WA]
FS =0030 0000000000000000 ffffffff 00cf9300 DPL=0 DS   [-WA]
GS =0030 0000000000000000 ffffffff 00cf9300 DPL=0 DS   [-WA]
LDT=0000 0000000000000000 0000ffff 00008200 DPL=0 LDT
TR =0048 000000001f5db058 00000067 00008900 DPL=0 TSS64-avl
GDT=     000000001f5db000 00000057
IDT=     000000001f090018 00000fff
CR0=80010033 CR2=0000000000000000 CR3=000000001f801000 CR4=00000668
DR0=0000000000000000 DR1=0000000000000000 DR2=0000000000000000 DR3=0000000000000000 
DR6=00000000ffff0ff0 DR7=0000000000000400
CCS=0000000000000000 CCD=0000000000001334 CCO=EFLAGS
EFER=0000000000000d00
Servicing hardware INT=0x20
   459: v=20 e=0000 i=0 cpl=0 IP=0038:000000001e865c60 pc=000000001e865c60 SP=0030:000000001fe8dd90 env->regs[R_EAX]=000000000000328d
RAX=000000000000328d RBX=0000000000002710 RCX=000000000000b008 RDX=0000000000da4dbb
RSI=0000000000da8048 RDI=000000001e75e754 RBP=000000001fe8ddc0 RSP=000000001fe8dd90
R8 =000000001fe8dde0 R9 =000000000000b008 R10=0000000000000000 R11=0000000000000000
R12=0000000000000011 R13=000000000000c040 R14=000000001dfa0000 R15=0000000000000000
RIP=000000001e865c60 RFL=00000206 [-----P-] CPL=0 II=0 A20=1 SMM=0 HLT=0
ES =0030 0000000000000000 ffffffff 00cf9300 DPL=0 DS   [-WA]
CS =0038 0000000000000000 ffffffff 00af9a00 DPL=0 CS64 [-R-]
SS =0030 0000000000000000 ffffffff 00cf9300 DPL=0 DS   [-WA]
DS =0030 0000000000000000 ffffffff 00cf9300 DPL=0 DS   [-WA]
FS =0030 0000000000000000 ffffffff 00cf9300 DPL=0 DS   [-WA]
GS =0030 0000000000000000 ffffffff 00cf9300 DPL=0 DS   [-WA]
LDT=0000 0000000000000000 0000ffff 00008200 DPL=0 LDT
TR =0048 000000001f5db058 00000067 00008900 DPL=0 TSS64-avl
GDT=     000000001f5db000 00000057
IDT=     000000001f090018 00000fff
CR0=80010033 CR2=0000000000000000 CR3=000000001f801000 CR4=00000668
DR0=0000000000000000 DR1=0000000000000000 DR2=0000000000000000 DR3=0000000000000000 
DR6=00000000ffff0ff0 DR7=0000000000000400
CCS=0000000000000004 CCD=000000000000328d CCO=EFLAGS
EFER=0000000000000d00
Servicing hardware INT=0x20
   460: v=20 e=0000 i=0 cpl=0 IP=0038:000000001e865c60 pc=000000001e865c60 SP=0030:000000001fe8ddf0 env->regs[R_EAX]=0000000000005bea
RAX=0000000000005bea RBX=0000000000002710 RCX=000000000000b008 RDX=0000000000dad99a
RSI=0000000000db3584 RDI=000000001e75e754 RBP=000000001fe8de20 RSP=000000001fe8ddf0
R8 =000000001fe8de40 R9 =000000000000b008 R10=0000000000000000 R11=0000000000000000
R12=0000000000000011 R13=000000000000c040 R14=000000001dfa0000 R15=0000000000000000
RIP=000000001e865c60 RFL=00000202 [-------] CPL=0 II=0 A20=1 SMM=0 HLT=0
ES =0030 0000000000000000 ffffffff 00cf9300 DPL=0 DS   [-WA]
CS =0038 0000000000000000 ffffffff 00af9a00 DPL=0 CS64 [-R-]
SS =0030 0000000000000000 ffffffff 00cf9300 DPL=0 DS   [-WA]
DS =0030 0000000000000000 ffffffff 00cf9300 DPL=0 DS   [-WA]
FS =0030 0000000000000000 ffffffff 00cf9300 DPL=0 DS   [-WA]
GS =0030 0000000000000000 ffffffff 00cf9300 DPL=0 DS   [-WA]
LDT=0000 0000000000000000 0000ffff 00008200 DPL=0 LDT
TR =0048 000000001f5db058 00000067 00008900 DPL=0 TSS64-avl
GDT=     000000001f5db000 00000057
IDT=     000000001f090018 00000fff
CR0=80010033 CR2=0000000000000000 CR3=000000001f801000 CR4=00000668
DR0=0000000000000000 DR1=0000000000000000 DR2=0000000000000000 DR3=0000000000000000 
DR6=00000000ffff0ff0 DR7=0000000000000400
CCS=0000000000000000 CCD=0000000000005bea CCO=EFLAGS
EFER=0000000000000d00
Servicing hardware INT=0x20
   461: v=20 e=0000 i=0 cpl=0 IP=0038:000000001e8e222c pc=000000001e8e222c SP=0030:000000001fe8e5d0 env->regs[R_EAX]=0000000000000000
RAX=0000000000000000 RBX=000000001fe8e6b0 RCX=000000001ec6dec0 RDX=0000000000000001
RSI=0000000000000000 RDI=000000001e710498 RBP=000000001fe8e640 RSP=000000001fe8e5d0
R8 =0000000000000001 R9 =000000001f4ecb18 R10=0000000000000000 R11=000000000000002c
R12=000000001fe8e6b8 R13=000000001e710498 R14=0000000000000000 R15=000000001e710498
RIP=000000001e8e222c RFL=00000246 [---Z-P-] CPL=0 II=0 A20=1 SMM=0 HLT=0
ES =0030 0000000000000000 ffffffff 00cf9300 DPL=0 DS   [-WA]
CS =0038 0000000000000000 ffffffff 00af9a00 DPL=0 CS64 [-R-]
SS =0030 0000000000000000 ffffffff 00cf9300 DPL=0 DS   [-WA]
DS =0030 0000000000000000 ffffffff 00cf9300 DPL=0 DS   [-WA]
FS =0030 0000000000000000 ffffffff 00cf9300 DPL=0 DS   [-WA]
GS =0030 0000000000000000 ffffffff 00cf9300 DPL=0 DS   [-WA]
LDT=0000 0000000000000000 0000ffff 00008200 DPL=0 LDT
TR =0048 000000001f5db058 00000067 00008900 DPL=0 TSS64-avl
GDT=     000000001f5db000 00000057
IDT=     000000001f090018 00000fff
CR0=80010033 CR2=0000000000000000 CR3=000000001f801000 CR4=00000668
DR0=0000000000000000 DR1=0000000000000000 DR2=0000000000000000 DR3=0000000000000000 
DR6=00000000ffff0ff0 DR7=0000000000000400
CCS=0000000000000044 CCD=0000000000000000 CCO=EFLAGS
EFER=0000000000000d00
Servicing hardware INT=0x20
   462: v=20 e=0000 i=0 cpl=0 IP=0038:000000001e865c60 pc=000000001e865c60 SP=0030:000000001fe8e230 env->regs[R_EAX]=0000000000001aa0
RAX=0000000000001aa0 RBX=0000000000002710 RCX=000000000000b008 RDX=0000000000dbf146
RSI=0000000000dc0be6 RDI=000000001e75e754 RBP=000000001fe8e260 RSP=000000001fe8e230
R8 =000000001fe8e280 R9 =000000000000b008 R10=0000000000000000 R11=0000000000000000
R12=0000000000000011 R13=000000000000c040 R14=000000001dfa0000 R15=0000000000000000
RIP=000000001e865c60 RFL=00000206 [-----P-] CPL=0 II=0 A20=1 SMM=0 HLT=0
ES =0030 0000000000000000 ffffffff 00cf9300 DPL=0 DS   [-WA]
CS =0038 0000000000000000 ffffffff 00af9a00 DPL=0 CS64 [-R-]
SS =0030 0000000000000000 ffffffff 00cf9300 DPL=0 DS   [-WA]
DS =0030 0000000000000000 ffffffff 00cf9300 DPL=0 DS   [-WA]
FS =0030 0000000000000000 ffffffff 00cf9300 DPL=0 DS   [-WA]
GS =0030 0000000000000000 ffffffff 00cf9300 DPL=0 DS   [-WA]
LDT=0000 0000000000000000 0000ffff 00008200 DPL=0 LDT
TR =0048 000000001f5db058 00000067 00008900 DPL=0 TSS64-avl
GDT=     000000001f5db000 00000057
IDT=     000000001f090018 00000fff
CR0=80010033 CR2=0000000000000000 CR3=000000001f801000 CR4=00000668
DR0=0000000000000000 DR1=0000000000000000 DR2=0000000000000000 DR3=0000000000000000 
DR6=00000000ffff0ff0 DR7=0000000000000400
CCS=0000000000000004 CCD=0000000000001aa0 CCO=EFLAGS
EFER=0000000000000d00
Servicing hardware INT=0x20
   463: v=20 e=0000 i=0 cpl=0 IP=0038:000000001e865c60 pc=000000001e865c60 SP=0030:000000001fe8ded0 env->regs[R_EAX]=00000000000064c9
RAX=00000000000064c9 RBX=0000000000002710 RCX=000000000000b008 RDX=0000000000dc7d20
RSI=0000000000dce1e9 RDI=000000001e75e754 RBP=000000001fe8df00 RSP=000000001fe8ded0
R8 =000000001fe8df20 R9 =000000000000b008 R10=0000000000000000 R11=0000000000000000
R12=0000000000000011 R13=000000000000c040 R14=000000001dfa0000 R15=0000000000000000
RIP=000000001e865c60 RFL=00000206 [-----P-] CPL=0 II=0 A20=1 SMM=0 HLT=0
ES =0030 0000000000000000 ffffffff 00cf9300 DPL=0 DS   [-WA]
CS =0038 0000000000000000 ffffffff 00af9a00 DPL=0 CS64 [-R-]
SS =0030 0000000000000000 ffffffff 00cf9300 DPL=0 DS   [-WA]
DS =0030 0000000000000000 ffffffff 00cf9300 DPL=0 DS   [-WA]
FS =0030 0000000000000000 ffffffff 00cf9300 DPL=0 DS   [-WA]
GS =0030 0000000000000000 ffffffff 00cf9300 DPL=0 DS   [-WA]
LDT=0000 0000000000000000 0000ffff 00008200 DPL=0 LDT
TR =0048 000000001f5db058 00000067 00008900 DPL=0 TSS64-avl
GDT=     000000001f5db000 00000057
IDT=     000000001f090018 00000fff
CR0=80010033 CR2=0000000000000000 CR3=000000001f801000 CR4=00000668
DR0=0000000000000000 DR1=0000000000000000 DR2=0000000000000000 DR3=0000000000000000 
DR6=00000000ffff0ff0 DR7=0000000000000400
CCS=0000000000000004 CCD=00000000000064c9 CCO=EFLAGS
EFER=0000000000000d00
Servicing hardware INT=0x20
   464: v=20 e=0000 i=0 cpl=0 IP=0038:000000001e84b058 pc=000000001e84b058 SP=0030:000000001fe8e690 env->regs[R_EAX]=0000000000000000
RAX=0000000000000000 RBX=000000001e714018 RCX=0000000000000000 RDX=0000000000000000
RSI=0000000000000000 RDI=000000001e788e98 RBP=000000001fe8e6e0 RSP=000000001fe8e690
R8 =0000000000000000 R9 =000000001e84ccf7 R10=0000000000000000 R11=000000001fea8360
R12=000000001e788f40 R13=000000001e750f98 R14=000000001e714360 R15=800000000000000e
RIP=000000001e84b058 RFL=00000246 [---Z-P-] CPL=0 II=0 A20=1 SMM=0 HLT=0
ES =0030 0000000000000000 ffffffff 00cf9300 DPL=0 DS   [-WA]
CS =0038 0000000000000000 ffffffff 00af9a00 DPL=0 CS64 [-R-]
SS =0030 0000000000000000 ffffffff 00cf9300 DPL=0 DS   [-WA]
DS =0030 0000000000000000 ffffffff 00cf9300 DPL=0 DS   [-WA]
FS =0030 0000000000000000 ffffffff 00cf9300 DPL=0 DS   [-WA]
GS =0030 0000000000000000 ffffffff 00cf9300 DPL=0 DS   [-WA]
LDT=0000 0000000000000000 0000ffff 00008200 DPL=0 LDT
TR =0048 000000001f5db058 00000067 00008900 DPL=0 TSS64-avl
GDT=     000000001f5db000 00000057
IDT=     000000001f090018 00000fff
CR0=80010033 CR2=0000000000000000 CR3=000000001f801000 CR4=00000668
DR0=0000000000000000 DR1=0000000000000000 DR2=0000000000000000 DR3=0000000000000000 
DR6=00000000ffff0ff0 DR7=0000000000000400
CCS=0000000000000044 CCD=0000000000000000 CCO=EFLAGS
EFER=0000000000000d00
Servicing hardware INT=0x20
   465: v=20 e=0000 i=0 cpl=0 IP=0038:000000001e865c60 pc=000000001e865c60 SP=0030:000000001fe8d8f0 env->regs[R_EAX]=0000000000006367
RAX=0000000000006367 RBX=0000000000002710 RCX=000000000000b008 RDX=0000000000dd94be
RSI=0000000000ddf825 RDI=000000001e75e754 RBP=000000001fe8d920 RSP=000000001fe8d8f0
R8 =000000001fe8d940 R9 =000000000000b008 R10=0000000000000000 R11=0000000000000000
R12=0000000000000011 R13=000000000000c040 R14=000000001dfa0000 R15=0000000000000000
RIP=000000001e865c60 RFL=00000202 [-------] CPL=0 II=0 A20=1 SMM=0 HLT=0
ES =0030 0000000000000000 ffffffff 00cf9300 DPL=0 DS   [-WA]
CS =0038 0000000000000000 ffffffff 00af9a00 DPL=0 CS64 [-R-]
SS =0030 0000000000000000 ffffffff 00cf9300 DPL=0 DS   [-WA]
DS =0030 0000000000000000 ffffffff 00cf9300 DPL=0 DS   [-WA]
FS =0030 0000000000000000 ffffffff 00cf9300 DPL=0 DS   [-WA]
GS =0030 0000000000000000 ffffffff 00cf9300 DPL=0 DS   [-WA]
LDT=0000 0000000000000000 0000ffff 00008200 DPL=0 LDT
TR =0048 000000001f5db058 00000067 00008900 DPL=0 TSS64-avl
GDT=     000000001f5db000 00000057
IDT=     000000001f090018 00000fff
CR0=80010033 CR2=0000000000000000 CR3=000000001f801000 CR4=00000668
DR0=0000000000000000 DR1=0000000000000000 DR2=0000000000000000 DR3=0000000000000000 
DR6=00000000ffff0ff0 DR7=0000000000000400
CCS=0000000000000000 CCD=0000000000006367 CCO=EFLAGS
EFER=0000000000000d00
Servicing hardware INT=0x20
   466: v=20 e=0000 i=0 cpl=0 IP=0038:000000001e84955e pc=000000001e84955e SP=0030:000000001fe8e120 env->regs[R_EAX]=0000000000000126
RAX=0000000000000126 RBX=000000001ec55318 RCX=0000000000000008 RDX=0000000000000000
RSI=000000001f6e1000 RDI=000000001e75e618 RBP=000000001fe8e170 RSP=000000001fe8e120
R8 =000000001fe8ded4 R9 =000000001fe8ded8 R10=000000001f6e18e0 R11=00000000c4bd12d9
R12=000000001e74b018 R13=000000001e750fa6 R14=000000001fe8e1b0 R15=000000001e788e98
RIP=000000001e84955e RFL=00000202 [-------] CPL=0 II=0 A20=1 SMM=0 HLT=0
ES =0030 0000000000000000 ffffffff 00cf9300 DPL=0 DS   [-WA]
CS =0038 0000000000000000 ffffffff 00af9a00 DPL=0 CS64 [-R-]
SS =0030 0000000000000000 ffffffff 00cf9300 DPL=0 DS   [-WA]
DS =0030 0000000000000000 ffffffff 00cf9300 DPL=0 DS   [-WA]
FS =0030 0000000000000000 ffffffff 00cf9300 DPL=0 DS   [-WA]
GS =0030 0000000000000000 ffffffff 00cf9300 DPL=0 DS   [-WA]
LDT=0000 0000000000000000 0000ffff 00008200 DPL=0 LDT
TR =0048 000000001f5db058 00000067 00008900 DPL=0 TSS64-avl
GDT=     000000001f5db000 00000057
IDT=     000000001f090018 00000fff
CR0=80010033 CR2=0000000000000000 CR3=000000001f801000 CR4=00000668
DR0=0000000000000000 DR1=0000000000000000 DR2=0000000000000000 DR3=0000000000000000 
DR6=00000000ffff0ff0 DR7=0000000000000400
CCS=0000000000000000 CCD=0000000000000002 CCO=EFLAGS
EFER=0000000000000d00
Servicing hardware INT=0x20
   467: v=20 e=0000 i=0 cpl=0 IP=0038:000000001e8e01d1 pc=000000001e8e01d1 SP=0030:000000001fe8e390 env->regs[R_EAX]=000000001e8f15aa
RAX=000000001e8f15aa RBX=0000000000000140 RCX=0000000000000000 RDX=0000000000000000
RSI=0000000000000000 RDI=000000001e7bf518 RBP=000000001fe8e470 RSP=000000001fe8e390
R8 =00000000000f4240 R9 =000000001fe8e54e R10=000000001e8f15a3 R11=0000000000000001
R12=000000001fe8e500 R13=0000000000000000 R14=00000000000000ff R15=000000001e8f225c
RIP=000000001e8e01d1 RFL=00000297 [--S-APC] CPL=0 II=0 A20=1 SMM=0 HLT=0
ES =0030 0000000000000000 ffffffff 00cf9300 DPL=0 DS   [-WA]
CS =0038 0000000000000000 ffffffff 00af9a00 DPL=0 CS64 [-R-]
SS =0030 0000000000000000 ffffffff 00cf9300 DPL=0 DS   [-WA]
DS =0030 0000000000000000 ffffffff 00cf9300 DPL=0 DS   [-WA]
FS =0030 0000000000000000 ffffffff 00cf9300 DPL=0 DS   [-WA]
GS =0030 0000000000000000 ffffffff 00cf9300 DPL=0 DS   [-WA]
LDT=0000 0000000000000000 0000ffff 00008200 DPL=0 LDT
TR =0048 000000001f5db058 00000067 00008900 DPL=0 TSS64-avl
GDT=     000000001f5db000 00000057
IDT=     000000001f090018 00000fff
CR0=80010033 CR2=0000000000000000 CR3=000000001f801000 CR4=00000668
DR0=0000000000000000 DR1=0000000000000000 DR2=0000000000000000 DR3=0000000000000000 
DR6=00000000ffff0ff0 DR7=0000000000000400
CCS=0000000000000095 CCD=ffffffffffffffff CCO=EFLAGS
EFER=0000000000000d00
Servicing hardware INT=0x20
   468: v=20 e=0000 i=0 cpl=0 IP=0038:000000001ec363e0 pc=000000001ec363e0 SP=0030:000000001fe8e088 env->regs[R_EAX]=000000001e88f018
RAX=000000001e88f018 RBX=000000001e7509e8 RCX=000000001fe8e106 RDX=000000001e88f13e
RSI=0000000000000000 RDI=000000001e8afeb8 RBP=000000001fe8e180 RSP=000000001fe8e088
R8 =0000000000000016 R9 =00000000000000f2 R10=000000000000000d R11=000000001e6fbf88
R12=000000001e74a43c R13=000000001e7bf482 R14=0000000000000078 R15=000000001e8af0a8
RIP=000000001ec363e0 RFL=00000202 [-------] CPL=0 II=0 A20=1 SMM=0 HLT=0
ES =0030 0000000000000000 ffffffff 00cf9300 DPL=0 DS   [-WA]
CS =0038 0000000000000000 ffffffff 00af9a00 DPL=0 CS64 [-R-]
SS =0030 0000000000000000 ffffffff 00cf9300 DPL=0 DS   [-WA]
DS =0030 0000000000000000 ffffffff 00cf9300 DPL=0 DS   [-WA]
FS =0030 0000000000000000 ffffffff 00cf9300 DPL=0 DS   [-WA]
GS =0030 0000000000000000 ffffffff 00cf9300 DPL=0 DS   [-WA]
LDT=0000 0000000000000000 0000ffff 00008200 DPL=0 LDT
TR =0048 000000001f5db058 00000067 00008900 DPL=0 TSS64-avl
GDT=     000000001f5db000 00000057
IDT=     000000001f090018 00000fff
CR0=80010033 CR2=0000000000000000 CR3=000000001f801000 CR4=00000668
DR0=0000000000000000 DR1=0000000000000000 DR2=0000000000000000 DR3=0000000000000000 
DR6=00000000ffff0ff0 DR7=0000000000000400
CCS=0000000000000000 CCD=000000001e88f13e CCO=EFLAGS
EFER=0000000000000d00
Servicing hardware INT=0x20
   469: v=20 e=0000 i=0 cpl=0 IP=0038:000000001fe8f78d pc=000000001fe8f78d SP=0030:000000001fe8e380 env->regs[R_EAX]=0000000014c88600
RAX=0000000014c88600 RBX=000000001f4e3998 RCX=91c150f1a810d49d RDX=000000001fea8600
RSI=0000000000000000 RDI=000000001fea8650 RBP=000000001fe8e3b0 RSP=000000001fe8e380
R8 =0000000000000000 R9 =000000001fe8e530 R10=0000000000002188 R11=0000000000000000
R12=000000001f4e37a0 R13=000000001fea8650 R14=000000001fea85f0 R15=0000000000000000
RIP=000000001fe8f78d RFL=00000246 [---Z-P-] CPL=0 II=0 A20=1 SMM=0 HLT=0
ES =0030 0000000000000000 ffffffff 00cf9300 DPL=0 DS   [-WA]
CS =0038 0000000000000000 ffffffff 00af9a00 DPL=0 CS64 [-R-]
SS =0030 0000000000000000 ffffffff 00cf9300 DPL=0 DS   [-WA]
DS =0030 0000000000000000 ffffffff 00cf9300 DPL=0 DS   [-WA]
FS =0030 0000000000000000 ffffffff 00cf9300 DPL=0 DS   [-WA]
GS =0030 0000000000000000 ffffffff 00cf9300 DPL=0 DS   [-WA]
LDT=0000 0000000000000000 0000ffff 00008200 DPL=0 LDT
TR =0048 000000001f5db058 00000067 00008900 DPL=0 TSS64-avl
GDT=     000000001f5db000 00000057
IDT=     000000001f090018 00000fff
CR0=80010033 CR2=0000000000000000 CR3=000000001f801000 CR4=00000668
DR0=0000000000000000 DR1=0000000000000000 DR2=0000000000000000 DR3=0000000000000000 
DR6=00000000ffff0ff0 DR7=0000000000000400
CCS=0000000000000044 CCD=0000000014c88600 CCO=EFLAGS
EFER=0000000000000d00
Servicing hardware INT=0x20
   470: v=20 e=0000 i=0 cpl=0 IP=0038:00000000004010d0 pc=00000000004010d0 SP=0030:000000001fe8e7a8 env->regs[R_EAX]=000000001e7bf518
RAX=000000001e7bf518 RBX=0000000000000000 RCX=000000001e750f98 RDX=000000001f5ec018
RSI=000000001e7bf518 RDI=000000001e7bf518 RBP=000000001fe8e820 RSP=000000001fe8e7a8
R8 =00000000000000af R9 =000000001f4ecb18 R10=0000000000000000 R11=000000001fea8360
R12=0000000000000000 R13=0000000000000000 R14=000000001e917698 R15=000000001e751018
RIP=00000000004010d0 RFL=00000246 [---Z-P-] CPL=0 II=0 A20=1 SMM=0 HLT=0
ES =0030 0000000000000000 ffffffff 00cf9300 DPL=0 DS   [-WA]
CS =0038 0000000000000000 ffffffff 00af9a00 DPL=0 CS64 [-R-]
SS =0030 0000000000000000 ffffffff 00cf9300 DPL=0 DS   [-WA]
DS =0030 0000000000000000 ffffffff 00cf9300 DPL=0 DS   [-WA]
FS =0030 0000000000000000 ffffffff 00cf9300 DPL=0 DS   [-WA]
GS =0030 0000000000000000 ffffffff 00cf9300 DPL=0 DS   [-WA]
LDT=0000 0000000000000000 0000ffff 00008200 DPL=0 LDT
TR =0048 000000001f5db058 00000067 00008900 DPL=0 TSS64-avl
GDT=     000000001f5db000 00000057
IDT=     000000001f090018 00000fff
CR0=80010033 CR2=0000000000000000 CR3=000000001f801000 CR4=00000668
DR0=0000000000000000 DR1=0000000000000000 DR2=0000000000000000 DR3=0000000000000000 
DR6=00000000ffff0ff0 DR7=0000000000000400
CCS=0000000000000044 CCD=0000000000000000 CCO=EFLAGS
EFER=0000000000000d00
Servicing hardware INT=0x20
   471: v=20 e=0000 i=0 cpl=0 IP=0038:000000000040268f pc=000000000040268f SP=0030:000000001fe8e4c0 env->regs[R_EAX]=0000000000019459
RAX=0000000000019459 RBX=0000000000000000 RCX=0000000000019458 RDX=0000000000000000
RSI=000000001fe8e750 RDI=000000001fe8e758 RBP=000000001fe8e820 RSP=000000001fe8e4c0
R8 =0000000000058000 R9 =0000000000058000 R10=000000000002600f R11=000000001fea97e0
R12=0000000000000000 R13=0000000000000000 R14=000000001e917698 R15=000000001e751018
RIP=000000000040268f RFL=00000287 [--S--PC] CPL=0 II=0 A20=1 SMM=0 HLT=0
ES =0030 0000000000000000 ffffffff 00cf9300 DPL=0 DS   [-WA]
CS =0038 0000000000000000 ffffffff 00af9a00 DPL=0 CS64 [-R-]
SS =0030 0000000000000000 ffffffff 00cf9300 DPL=0 DS   [-WA]
DS =0030 0000000000000000 ffffffff 00cf9300 DPL=0 DS   [-WA]
FS =0030 0000000000000000 ffffffff 00cf9300 DPL=0 DS   [-WA]
GS =0030 0000000000000000 ffffffff 00cf9300 DPL=0 DS   [-WA]
LDT=0000 0000000000000000 0000ffff 00008200 DPL=0 LDT
TR =0048 000000001f5db058 00000067 00008900 DPL=0 TSS64-avl
GDT=     000000001f5db000 00000057
IDT=     000000001f090018 00000fff
CR0=80010033 CR2=0000000000000000 CR3=000000001f801000 CR4=00000668
DR0=0000000000000000 DR1=0000000000000000 DR2=0000000000000000 DR3=0000000000000000 
DR6=00000000ffff0ff0 DR7=0000000000000400
CCS=0000000000000085 CCD=fffffffffffc1459 CCO=EFLAGS
EFER=0000000000000d00
Servicing hardware INT=0x20
   472: v=20 e=0000 i=0 cpl=0 IP=0038:000000000040243c pc=000000000040243c SP=0030:000000001fe8e4f0 env->regs[R_EAX]=0000000000257f08
RAX=0000000000257f08 RBX=0000000000000000 RCX=0000000000000002 RDX=0000000000000038
RSI=000000001fe8e750 RDI=000000001fe8e758 RBP=000000001fe8e820 RSP=000000001fe8e4f0
R8 =0000000000007de0 R9 =0000000000058000 R10=000000000002600f R11=000000001fea97e0
R12=0000000000000000 R13=0000000000000000 R14=000000001e917698 R15=000000001e751018
RIP=000000000040243c RFL=00000202 [-------] CPL=0 II=0 A20=1 SMM=0 HLT=0
ES =0030 0000000000000000 ffffffff 00cf9300 DPL=0 DS   [-WA]
CS =0038 0000000000000000 ffffffff 00af9a00 DPL=0 CS64 [-R-]
SS =0030 0000000000000000 ffffffff 00cf9300 DPL=0 DS   [-WA]
DS =0030 0000000000000000 ffffffff 00cf9300 DPL=0 DS   [-WA]
FS =0030 0000000000000000 ffffffff 00cf9300 DPL=0 DS   [-WA]
GS =0030 0000000000000000 ffffffff 00cf9300 DPL=0 DS   [-WA]
LDT=0000 0000000000000000 0000ffff 00008200 DPL=0 LDT
TR =0048 000000001f5db058 00000067 00008900 DPL=0 TSS64-avl
GDT=     000000001f5db000 00000057
IDT=     000000001f090018 00000fff
CR0=80010033 CR2=0000000000000000 CR3=000000001f801000 CR4=00000668
DR0=0000000000000000 DR1=0000000000000000 DR2=0000000000000000 DR3=0000000000000000 
DR6=00000000ffff0ff0 DR7=0000000000000400
CCS=0000000000000000 CCD=0000000000057f08 CCO=EFLAGS
EFER=0000000000000d00
Servicing hardware INT=0x20
   473: v=20 e=0000 i=0 cpl=0 IP=0038:0000000000204c56 pc=0000000000204c56 SP=0030:000000000020f9c0 env->regs[R_EAX]=00000000000000ff
RAX=00000000000000ff RBX=000000001fe8e758 RCX=0000000000000002 RDX=00000000000000a1
RSI=00000000000000ff RDI=00000000000000a1 RBP=000000000020f9c0 RSP=000000000020f9c0
R8 =000000001fe8e66c R9 =000000001f5ec018 R10=000000001f6e18e0 R11=000000005855601a
R12=0000000000000000 R13=0000000000000000 R14=000000001e917698 R15=000000001e751018
RIP=0000000000204c56 RFL=00000212 [----A--] CPL=0 II=0 A20=1 SMM=0 HLT=0
ES =0030 0000000000000000 ffffffff 00cf9300 DPL=0 DS   [-WA]
CS =0038 0000000000000000 ffffffff 00af9a00 DPL=0 CS64 [-R-]
SS =0030 0000000000000000 ffffffff 00cf9300 DPL=0 DS   [-WA]
DS =0030 0000000000000000 ffffffff 00cf9300 DPL=0 DS   [-WA]
FS =0030 0000000000000000 ffffffff 00cf9300 DPL=0 DS   [-WA]
GS =0030 0000000000000000 ffffffff 00cf9300 DPL=0 DS   [-WA]
LDT=0000 0000000000000000 0000ffff 00008200 DPL=0 LDT
TR =0048 000000001f5db058 00000067 00008900 DPL=0 TSS64-avl
GDT=     000000001f5db000 00000057
IDT=     00000000002566e0 00000fff
CR0=80010033 CR2=0000000000000000 CR3=000000001f801000 CR4=00000668
DR0=0000000000000000 DR1=0000000000000000 DR2=0000000000000000 DR3=0000000000000000 
DR6=00000000ffff0ff0 DR7=0000000000000400
CCS=0000000000000008 CCD=000000000020f9a8 CCO=SUBQ
EFER=0000000000000d00
check_exception old: 0xffffffff new 0xd
   474: v=0d e=0008 i=0 cpl=0 IP=0038:0000000000204c56 pc=0000000000204c56 SP=0030:000000000020f9c0 env->regs[R_EAX]=00000000000000ff
RAX=00000000000000ff RBX=000000001fe8e758 RCX=0000000000000002 RDX=00000000000000a1
RSI=00000000000000ff RDI=00000000000000a1 RBP=000000000020f9c0 RSP=000000000020f9c0
R8 =000000001fe8e66c R9 =000000001f5ec018 R10=000000001f6e18e0 R11=000000005855601a
R12=0000000000000000 R13=0000000000000000 R14=000000001e917698 R15=000000001e751018
RIP=0000000000204c56 RFL=00000212 [----A--] CPL=0 II=0 A20=1 SMM=0 HLT=0
ES =0030 0000000000000000 ffffffff 00cf9300 DPL=0 DS   [-WA]
CS =0038 0000000000000000 ffffffff 00af9a00 DPL=0 CS64 [-R-]
SS =0030 0000000000000000 ffffffff 00cf9300 DPL=0 DS   [-WA]
DS =0030 0000000000000000 ffffffff 00cf9300 DPL=0 DS   [-WA]
FS =0030 0000000000000000 ffffffff 00cf9300 DPL=0 DS   [-WA]
GS =0030 0000000000000000 ffffffff 00cf9300 DPL=0 DS   [-WA]
LDT=0000 0000000000000000 0000ffff 00008200 DPL=0 LDT
TR =0048 000000001f5db058 00000067 00008900 DPL=0 TSS64-avl
GDT=     000000001f5db000 00000057
IDT=     00000000002566e0 00000fff
CR0=80010033 CR2=0000000000000000 CR3=000000001f801000 CR4=00000668
DR0=0000000000000000 DR1=0000000000000000 DR2=0000000000000000 DR3=0000000000000000 
DR6=00000000ffff0ff0 DR7=0000000000000400
CCS=0000000000000008 CCD=000000000020f9a8 CCO=SUBQ
EFER=0000000000000d00
check_exception old: 0xd new 0xd
   475: v=08 e=0000 i=0 cpl=0 IP=0038:0000000000204c56 pc=0000000000204c56 SP=0030:000000000020f9c0 env->regs[R_EAX]=00000000000000ff
RAX=00000000000000ff RBX=000000001fe8e758 RCX=0000000000000002 RDX=00000000000000a1
RSI=00000000000000ff RDI=00000000000000a1 RBP=000000000020f9c0 RSP=000000000020f9c0
R8 =000000001fe8e66c R9 =000000001f5ec018 R10=000000001f6e18e0 R11=000000005855601a
R12=0000000000000000 R13=0000000000000000 R14=000000001e917698 R15=000000001e751018
RIP=0000000000204c56 RFL=00000212 [----A--] CPL=0 II=0 A20=1 SMM=0 HLT=0
ES =0030 0000000000000000 ffffffff 00cf9300 DPL=0 DS   [-WA]
CS =0038 0000000000000000 ffffffff 00af9a00 DPL=0 CS64 [-R-]
SS =0030 0000000000000000 ffffffff 00cf9300 DPL=0 DS   [-WA]
DS =0030 0000000000000000 ffffffff 00cf9300 DPL=0 DS   [-WA]
FS =0030 0000000000000000 ffffffff 00cf9300 DPL=0 DS   [-WA]
GS =0030 0000000000000000 ffffffff 00cf9300 DPL=0 DS   [-WA]
LDT=0000 0000000000000000 0000ffff 00008200 DPL=0 LDT
TR =0048 000000001f5db058 00000067 00008900 DPL=0 TSS64-avl
GDT=     000000001f5db000 00000057
IDT=     00000000002566e0 00000fff
CR0=80010033 CR2=0000000000000000 CR3=000000001f801000 CR4=00000668
DR0=0000000000000000 DR1=0000000000000000 DR2=0000000000000000 DR3=0000000000000000 
DR6=00000000ffff0ff0 DR7=0000000000000400
CCS=0000000000000008 CCD=000000000020f9a8 CCO=SUBQ
EFER=0000000000000d00
check_exception old: 0x8 new 0xd
Triple fault
